PRAGMA foreign_keys = OFF;
DELETE FROM examSubmissions;
DELETE FROM questions;
DELETE FROM exams;
DELETE FROM studentGrades;
DELETE FROM schedule;
DELETE FROM subject;
DELETE FROM user;
DELETE FROM classRoom;
DELETE FROM school;
DELETE FROM sqlite_sequence;
PRAGMA foreign_keys = ON;
INSERT INTO school (name, id) VALUES ('EduDash Academy', 1);
INSERT INTO user (userName, email, password, role, schoolId, id) VALUES ('Admin', 'admin@test.com', '$2b$10$8nQeNU8RovG2YSz3LMYScuEOV0qwVygzwQFrNDsZMT2PM3DdP.nSS', 'admin', 1, 1);
INSERT INTO user (userName, email, password, role, schoolId, id) VALUES ('Teacher 1', 't1@test.com', '$2b$10$8nQeNU8RovG2YSz3LMYScuEOV0qwVygzwQFrNDsZMT2PM3DdP.nSS', 'teacher', 1, 2);
INSERT INTO user (userName, email, password, role, schoolId, id) VALUES ('Teacher 2', 't2@test.com', '$2b$10$8nQeNU8RovG2YSz3LMYScuEOV0qwVygzwQFrNDsZMT2PM3DdP.nSS', 'teacher', 1, 3);
INSERT INTO classRoom (name, schoolId, id) VALUES ('Grade 1', 1, 1);
INSERT INTO subject (name, classId, teacherId, id) VALUES ('Math', 1, 2, 1);
INSERT INTO exams (title, description, subjectId, classId, teacherId, durationInMinutes, id) VALUES ('Final Math Quiz', 'Simple test to verify the system', 1, 1, 2, 30, 1);
INSERT INTO questions (examId, questionText, options, correctAnswerIndex, points, id) VALUES (1, 'What is 1 + 0?', '["1","2","3","4"]', 0, 10, 1);
INSERT INTO subject (name, classId, teacherId, id) VALUES ('Science', 1, 3, 2);
INSERT INTO exams (title, description, subjectId, classId, teacherId, durationInMinutes, id) VALUES ('Final Science Quiz', 'Simple test to verify the system', 2, 1, 3, 30, 2);
INSERT INTO questions (examId, questionText, options, correctAnswerIndex, points, id) VALUES (2, 'What is 1 + 1?', '["2","3","4","5"]', 0, 10, 2);
INSERT INTO subject (name, classId, teacherId, id) VALUES ('English', 1, 2, 3);
INSERT INTO exams (title, description, subjectId, classId, teacherId, durationInMinutes, id) VALUES ('Final English Quiz', 'Simple test to verify the system', 3, 1, 2, 30, 3);
INSERT INTO questions (examId, questionText, options, correctAnswerIndex, points, id) VALUES (3, 'What is 1 + 2?', '["3","4","5","6"]', 0, 10, 3);
INSERT INTO subject (name, classId, teacherId, id) VALUES ('History', 1, 3, 4);
INSERT INTO exams (title, description, subjectId, classId, teacherId, durationInMinutes, id) VALUES ('Final History Quiz', 'Simple test to verify the system', 4, 1, 3, 30, 4);
INSERT INTO questions (examId, questionText, options, correctAnswerIndex, points, id) VALUES (4, 'What is 1 + 3?', '["4","5","6","7"]', 0, 10, 4);
INSERT INTO subject (name, classId, teacherId, id) VALUES ('ICT', 1, 2, 5);
INSERT INTO exams (title, description, subjectId, classId, teacherId, durationInMinutes, id) VALUES ('Final ICT Quiz', 'Simple test to verify the system', 5, 1, 2, 30, 5);
INSERT INTO questions (examId, questionText, options, correctAnswerIndex, points, id) VALUES (5, 'What is 1 + 4?', '["5","6","7","8"]', 0, 10, 5);
INSERT INTO user (userName, email, password, role, schoolId, classId, id) VALUES ('Student 1-1', 's11@test.com', '$2b$10$8nQeNU8RovG2YSz3LMYScuEOV0qwVygzwQFrNDsZMT2PM3DdP.nSS', 'student', 1, 1, 4);
INSERT INTO user (userName, email, password, role, schoolId, classId, id) VALUES ('Student 1-2', 's12@test.com', '$2b$10$8nQeNU8RovG2YSz3LMYScuEOV0qwVygzwQFrNDsZMT2PM3DdP.nSS', 'student', 1, 1, 5);
INSERT INTO user (userName, email, password, role, schoolId, classId, id) VALUES ('Student 1-3', 's13@test.com', '$2b$10$8nQeNU8RovG2YSz3LMYScuEOV0qwVygzwQFrNDsZMT2PM3DdP.nSS', 'student', 1, 1, 6);
INSERT INTO user (userName, email, password, role, schoolId, classId, id) VALUES ('Student 1-4', 's14@test.com', '$2b$10$8nQeNU8RovG2YSz3LMYScuEOV0qwVygzwQFrNDsZMT2PM3DdP.nSS', 'student', 1, 1, 7);
INSERT INTO user (userName, email, password, role, schoolId, classId, id) VALUES ('Student 1-5', 's15@test.com', '$2b$10$8nQeNU8RovG2YSz3LMYScuEOV0qwVygzwQFrNDsZMT2PM3DdP.nSS', 'student', 1, 1, 8);
INSERT INTO classRoom (name, schoolId, id) VALUES ('Grade 2', 1, 2);
INSERT INTO subject (name, classId, teacherId, id) VALUES ('Math', 2, 2, 6);
INSERT INTO exams (title, description, subjectId, classId, teacherId, durationInMinutes, id) VALUES ('Final Math Quiz', 'Simple test to verify the system', 6, 2, 2, 30, 6);
INSERT INTO questions (examId, questionText, options, correctAnswerIndex, points, id) VALUES (6, 'What is 1 + 0?', '["1","2","3","4"]', 0, 10, 6);
INSERT INTO subject (name, classId, teacherId, id) VALUES ('Science', 2, 3, 7);
INSERT INTO exams (title, description, subjectId, classId, teacherId, durationInMinutes, id) VALUES ('Final Science Quiz', 'Simple test to verify the system', 7, 2, 3, 30, 7);
INSERT INTO questions (examId, questionText, options, correctAnswerIndex, points, id) VALUES (7, 'What is 1 + 1?', '["2","3","4","5"]', 0, 10, 7);
INSERT INTO subject (name, classId, teacherId, id) VALUES ('English', 2, 2, 8);
INSERT INTO exams (title, description, subjectId, classId, teacherId, durationInMinutes, id) VALUES ('Final English Quiz', 'Simple test to verify the system', 8, 2, 2, 30, 8);
INSERT INTO questions (examId, questionText, options, correctAnswerIndex, points, id) VALUES (8, 'What is 1 + 2?', '["3","4","5","6"]', 0, 10, 8);
INSERT INTO subject (name, classId, teacherId, id) VALUES ('History', 2, 3, 9);
INSERT INTO exams (title, description, subjectId, classId, teacherId, durationInMinutes, id) VALUES ('Final History Quiz', 'Simple test to verify the system', 9, 2, 3, 30, 9);
INSERT INTO questions (examId, questionText, options, correctAnswerIndex, points, id) VALUES (9, 'What is 1 + 3?', '["4","5","6","7"]', 0, 10, 9);
INSERT INTO subject (name, classId, teacherId, id) VALUES ('ICT', 2, 2, 10);
INSERT INTO exams (title, description, subjectId, classId, teacherId, durationInMinutes, id) VALUES ('Final ICT Quiz', 'Simple test to verify the system', 10, 2, 2, 30, 10);
INSERT INTO questions (examId, questionText, options, correctAnswerIndex, points, id) VALUES (10, 'What is 1 + 4?', '["5","6","7","8"]', 0, 10, 10);
INSERT INTO user (userName, email, password, role, schoolId, classId, id) VALUES ('Student 2-1', 's21@test.com', '$2b$10$8nQeNU8RovG2YSz3LMYScuEOV0qwVygzwQFrNDsZMT2PM3DdP.nSS', 'student', 1, 2, 9);
INSERT INTO user (userName, email, password, role, schoolId, classId, id) VALUES ('Student 2-2', 's22@test.com', '$2b$10$8nQeNU8RovG2YSz3LMYScuEOV0qwVygzwQFrNDsZMT2PM3DdP.nSS', 'student', 1, 2, 10);
INSERT INTO user (userName, email, password, role, schoolId, classId, id) VALUES ('Student 2-3', 's23@test.com', '$2b$10$8nQeNU8RovG2YSz3LMYScuEOV0qwVygzwQFrNDsZMT2PM3DdP.nSS', 'student', 1, 2, 11);
INSERT INTO user (userName, email, password, role, schoolId, classId, id) VALUES ('Student 2-4', 's24@test.com', '$2b$10$8nQeNU8RovG2YSz3LMYScuEOV0qwVygzwQFrNDsZMT2PM3DdP.nSS', 'student', 1, 2, 12);
INSERT INTO user (userName, email, password, role, schoolId, classId, id) VALUES ('Student 2-5', 's25@test.com', '$2b$10$8nQeNU8RovG2YSz3LMYScuEOV0qwVygzwQFrNDsZMT2PM3DdP.nSS', 'student', 1, 2, 13);
INSERT INTO classRoom (name, schoolId, id) VALUES ('Grade 3', 1, 3);
INSERT INTO subject (name, classId, teacherId, id) VALUES ('Math', 3, 2, 11);
INSERT INTO exams (title, description, subjectId, classId, teacherId, durationInMinutes, id) VALUES ('Final Math Quiz', 'Simple test to verify the system', 11, 3, 2, 30, 11);
INSERT INTO questions (examId, questionText, options, correctAnswerIndex, points, id) VALUES (11, 'What is 1 + 0?', '["1","2","3","4"]', 0, 10, 11);
INSERT INTO subject (name, classId, teacherId, id) VALUES ('Science', 3, 3, 12);
INSERT INTO exams (title, description, subjectId, classId, teacherId, durationInMinutes, id) VALUES ('Final Science Quiz', 'Simple test to verify the system', 12, 3, 3, 30, 12);
INSERT INTO questions (examId, questionText, options, correctAnswerIndex, points, id) VALUES (12, 'What is 1 + 1?', '["2","3","4","5"]', 0, 10, 12);
INSERT INTO subject (name, classId, teacherId, id) VALUES ('English', 3, 2, 13);
INSERT INTO exams (title, description, subjectId, classId, teacherId, durationInMinutes, id) VALUES ('Final English Quiz', 'Simple test to verify the system', 13, 3, 2, 30, 13);
INSERT INTO questions (examId, questionText, options, correctAnswerIndex, points, id) VALUES (13, 'What is 1 + 2?', '["3","4","5","6"]', 0, 10, 13);
INSERT INTO subject (name, classId, teacherId, id) VALUES ('History', 3, 3, 14);
INSERT INTO exams (title, description, subjectId, classId, teacherId, durationInMinutes, id) VALUES ('Final History Quiz', 'Simple test to verify the system', 14, 3, 3, 30, 14);
INSERT INTO questions (examId, questionText, options, correctAnswerIndex, points, id) VALUES (14, 'What is 1 + 3?', '["4","5","6","7"]', 0, 10, 14);
INSERT INTO subject (name, classId, teacherId, id) VALUES ('ICT', 3, 2, 15);
INSERT INTO exams (title, description, subjectId, classId, teacherId, durationInMinutes, id) VALUES ('Final ICT Quiz', 'Simple test to verify the system', 15, 3, 2, 30, 15);
INSERT INTO questions (examId, questionText, options, correctAnswerIndex, points, id) VALUES (15, 'What is 1 + 4?', '["5","6","7","8"]', 0, 10, 15);
INSERT INTO user (userName, email, password, role, schoolId, classId, id) VALUES ('Student 3-1', 's31@test.com', '$2b$10$8nQeNU8RovG2YSz3LMYScuEOV0qwVygzwQFrNDsZMT2PM3DdP.nSS', 'student', 1, 3, 14);
INSERT INTO user (userName, email, password, role, schoolId, classId, id) VALUES ('Student 3-2', 's32@test.com', '$2b$10$8nQeNU8RovG2YSz3LMYScuEOV0qwVygzwQFrNDsZMT2PM3DdP.nSS', 'student', 1, 3, 15);
INSERT INTO user (userName, email, password, role, schoolId, classId, id) VALUES ('Student 3-3', 's33@test.com', '$2b$10$8nQeNU8RovG2YSz3LMYScuEOV0qwVygzwQFrNDsZMT2PM3DdP.nSS', 'student', 1, 3, 16);
INSERT INTO user (userName, email, password, role, schoolId, classId, id) VALUES ('Student 3-4', 's34@test.com', '$2b$10$8nQeNU8RovG2YSz3LMYScuEOV0qwVygzwQFrNDsZMT2PM3DdP.nSS', 'student', 1, 3, 17);
INSERT INTO user (userName, email, password, role, schoolId, classId, id) VALUES ('Student 3-5', 's35@test.com', '$2b$10$8nQeNU8RovG2YSz3LMYScuEOV0qwVygzwQFrNDsZMT2PM3DdP.nSS', 'student', 1, 3, 18);