UPDATE school SET adminId = NULL;
DELETE FROM studentGrades;
DELETE FROM schedule;
DELETE FROM subject;
DELETE FROM user;
DELETE FROM classRoom;
DELETE FROM school;
DELETE FROM sqlite_sequence WHERE name IN ('studentGrades', 'schedule', 'subject', 'user', 'classRoom', 'school');
INSERT INTO school (name, id) VALUES ('School A', 1);
INSERT INTO user (userName, email, password, role, schoolId, createdAt, id) VALUES ('admin_SchoolA', 'admin0@schoola.com', '$2b$10$Qy3JFAtzk0AAWTOX2w2F0upESHTDjxG37ncd7T7OfOUWERSZMrYzK', 'admin', 1, '2025-12-27T01:30:05.666Z', 1);
UPDATE school SET adminId = 1 WHERE id = 1;
INSERT INTO classRoom (name, schoolId, id) VALUES ('Class 1-A', 1, 1);
INSERT INTO user (userName, email, password, role, schoolId, createdAt, id) VALUES ('Teacher_Class 1-A_Mathematics', 'teacher_class1-a_0@school.com', '$2b$10$Qy3JFAtzk0AAWTOX2w2F0upESHTDjxG37ncd7T7OfOUWERSZMrYzK', 'teacher', 1, '2025-12-27T01:30:05.666Z', 2);
INSERT INTO subject (name, classId, teacherId, id) VALUES ('Mathematics', 1, 2, 1);
INSERT INTO user (userName, email, password, role, schoolId, createdAt, id) VALUES ('Teacher_Class 1-A_Physics', 'teacher_class1-a_1@school.com', '$2b$10$Qy3JFAtzk0AAWTOX2w2F0upESHTDjxG37ncd7T7OfOUWERSZMrYzK', 'teacher', 1, '2025-12-27T01:30:05.666Z', 3);
INSERT INTO subject (name, classId, teacherId, id) VALUES ('Physics', 1, 3, 2);
INSERT INTO user (userName, email, password, role, schoolId, createdAt, id) VALUES ('Teacher_Class 1-A_History', 'teacher_class1-a_2@school.com', '$2b$10$Qy3JFAtzk0AAWTOX2w2F0upESHTDjxG37ncd7T7OfOUWERSZMrYzK', 'teacher', 1, '2025-12-27T01:30:05.666Z', 4);
INSERT INTO subject (name, classId, teacherId, id) VALUES ('History', 1, 4, 3);
INSERT INTO user (userName, email, password, role, schoolId, createdAt, id) VALUES ('Teacher_Class 1-A_Biology', 'teacher_class1-a_3@school.com', '$2b$10$Qy3JFAtzk0AAWTOX2w2F0upESHTDjxG37ncd7T7OfOUWERSZMrYzK', 'teacher', 1, '2025-12-27T01:30:05.666Z', 5);
INSERT INTO subject (name, classId, teacherId, id) VALUES ('Biology', 1, 5, 4);
INSERT INTO user (userName, email, password, role, schoolId, createdAt, id) VALUES ('Teacher_Class 1-A_English', 'teacher_class1-a_4@school.com', '$2b$10$Qy3JFAtzk0AAWTOX2w2F0upESHTDjxG37ncd7T7OfOUWERSZMrYzK', 'teacher', 1, '2025-12-27T01:30:05.666Z', 6);
INSERT INTO subject (name, classId, teacherId, id) VALUES ('English', 1, 6, 5);
INSERT INTO user (userName, email, password, role, schoolId, createdAt, id) VALUES ('Teacher_Class 1-A_Computer Science', 'teacher_class1-a_5@school.com', '$2b$10$Qy3JFAtzk0AAWTOX2w2F0upESHTDjxG37ncd7T7OfOUWERSZMrYzK', 'teacher', 1, '2025-12-27T01:30:05.666Z', 7);
INSERT INTO subject (name, classId, teacherId, id) VALUES ('Computer Science', 1, 7, 6);
INSERT INTO user (userName, email, password, role, schoolId, classId, createdAt, id) VALUES ('Student_Class 1-A_1', 'student_class1-a_0@school.com', '$2b$10$Qy3JFAtzk0AAWTOX2w2F0upESHTDjxG37ncd7T7OfOUWERSZMrYzK', 'student', 1, 1, '2025-12-27T01:30:05.666Z', 8);
INSERT INTO studentGrades (studentId, subjectId, classId, score, id) VALUES (8, 1, 1, 90, 1);
INSERT INTO studentGrades (studentId, subjectId, classId, score, id) VALUES (8, 2, 1, 79, 2);
INSERT INTO studentGrades (studentId, subjectId, classId, score, id) VALUES (8, 3, 1, 71, 3);
INSERT INTO studentGrades (studentId, subjectId, classId, score, id) VALUES (8, 4, 1, 99, 4);
INSERT INTO studentGrades (studentId, subjectId, classId, score, id) VALUES (8, 5, 1, 91, 5);
INSERT INTO studentGrades (studentId, subjectId, classId, score, id) VALUES (8, 6, 1, 82, 6);
INSERT INTO user (userName, email, password, role, schoolId, classId, createdAt, id) VALUES ('Student_Class 1-A_2', 'student_class1-a_1@school.com', '$2b$10$Qy3JFAtzk0AAWTOX2w2F0upESHTDjxG37ncd7T7OfOUWERSZMrYzK', 'student', 1, 1, '2025-12-27T01:30:05.666Z', 9);
INSERT INTO studentGrades (studentId, subjectId, classId, score, id) VALUES (9, 1, 1, 50, 7);
INSERT INTO studentGrades (studentId, subjectId, classId, score, id) VALUES (9, 2, 1, 52, 8);
INSERT INTO studentGrades (studentId, subjectId, classId, score, id) VALUES (9, 3, 1, 88, 9);
INSERT INTO studentGrades (studentId, subjectId, classId, score, id) VALUES (9, 4, 1, 56, 10);
INSERT INTO studentGrades (studentId, subjectId, classId, score, id) VALUES (9, 5, 1, 93, 11);
INSERT INTO studentGrades (studentId, subjectId, classId, score, id) VALUES (9, 6, 1, 89, 12);
INSERT INTO user (userName, email, password, role, schoolId, classId, createdAt, id) VALUES ('Student_Class 1-A_3', 'student_class1-a_2@school.com', '$2b$10$Qy3JFAtzk0AAWTOX2w2F0upESHTDjxG37ncd7T7OfOUWERSZMrYzK', 'student', 1, 1, '2025-12-27T01:30:05.666Z', 10);
INSERT INTO studentGrades (studentId, subjectId, classId, score, id) VALUES (10, 1, 1, 79, 13);
INSERT INTO studentGrades (studentId, subjectId, classId, score, id) VALUES (10, 2, 1, 45, 14);
INSERT INTO studentGrades (studentId, subjectId, classId, score, id) VALUES (10, 3, 1, 59, 15);
INSERT INTO studentGrades (studentId, subjectId, classId, score, id) VALUES (10, 4, 1, 82, 16);
INSERT INTO studentGrades (studentId, subjectId, classId, score, id) VALUES (10, 5, 1, 97, 17);
INSERT INTO studentGrades (studentId, subjectId, classId, score, id) VALUES (10, 6, 1, 100, 18);
INSERT INTO user (userName, email, password, role, schoolId, classId, createdAt, id) VALUES ('Student_Class 1-A_4', 'student_class1-a_3@school.com', '$2b$10$Qy3JFAtzk0AAWTOX2w2F0upESHTDjxG37ncd7T7OfOUWERSZMrYzK', 'student', 1, 1, '2025-12-27T01:30:05.666Z', 11);
INSERT INTO studentGrades (studentId, subjectId, classId, score, id) VALUES (11, 1, 1, 63, 19);
INSERT INTO studentGrades (studentId, subjectId, classId, score, id) VALUES (11, 2, 1, 99, 20);
INSERT INTO studentGrades (studentId, subjectId, classId, score, id) VALUES (11, 3, 1, 55, 21);
INSERT INTO studentGrades (studentId, subjectId, classId, score, id) VALUES (11, 4, 1, 54, 22);
INSERT INTO studentGrades (studentId, subjectId, classId, score, id) VALUES (11, 5, 1, 77, 23);
INSERT INTO studentGrades (studentId, subjectId, classId, score, id) VALUES (11, 6, 1, 87, 24);
INSERT INTO user (userName, email, password, role, schoolId, classId, createdAt, id) VALUES ('Student_Class 1-A_5', 'student_class1-a_4@school.com', '$2b$10$Qy3JFAtzk0AAWTOX2w2F0upESHTDjxG37ncd7T7OfOUWERSZMrYzK', 'student', 1, 1, '2025-12-27T01:30:05.666Z', 12);
INSERT INTO studentGrades (studentId, subjectId, classId, score, id) VALUES (12, 1, 1, 83, 25);
INSERT INTO studentGrades (studentId, subjectId, classId, score, id) VALUES (12, 2, 1, 61, 26);
INSERT INTO studentGrades (studentId, subjectId, classId, score, id) VALUES (12, 3, 1, 68, 27);
INSERT INTO studentGrades (studentId, subjectId, classId, score, id) VALUES (12, 4, 1, 97, 28);
INSERT INTO studentGrades (studentId, subjectId, classId, score, id) VALUES (12, 5, 1, 73, 29);
INSERT INTO studentGrades (studentId, subjectId, classId, score, id) VALUES (12, 6, 1, 93, 30);
INSERT INTO user (userName, email, password, role, schoolId, classId, createdAt, id) VALUES ('Student_Class 1-A_6', 'student_class1-a_5@school.com', '$2b$10$Qy3JFAtzk0AAWTOX2w2F0upESHTDjxG37ncd7T7OfOUWERSZMrYzK', 'student', 1, 1, '2025-12-27T01:30:05.666Z', 13);
INSERT INTO studentGrades (studentId, subjectId, classId, score, id) VALUES (13, 1, 1, 66, 31);
INSERT INTO studentGrades (studentId, subjectId, classId, score, id) VALUES (13, 2, 1, 86, 32);
INSERT INTO studentGrades (studentId, subjectId, classId, score, id) VALUES (13, 3, 1, 70, 33);
INSERT INTO studentGrades (studentId, subjectId, classId, score, id) VALUES (13, 4, 1, 80, 34);
INSERT INTO studentGrades (studentId, subjectId, classId, score, id) VALUES (13, 5, 1, 64, 35);
INSERT INTO studentGrades (studentId, subjectId, classId, score, id) VALUES (13, 6, 1, 63, 36);
INSERT INTO user (userName, email, password, role, schoolId, classId, createdAt, id) VALUES ('Student_Class 1-A_7', 'student_class1-a_6@school.com', '$2b$10$Qy3JFAtzk0AAWTOX2w2F0upESHTDjxG37ncd7T7OfOUWERSZMrYzK', 'student', 1, 1, '2025-12-27T01:30:05.667Z', 14);
INSERT INTO studentGrades (studentId, subjectId, classId, score, id) VALUES (14, 1, 1, 57, 37);
INSERT INTO studentGrades (studentId, subjectId, classId, score, id) VALUES (14, 2, 1, 57, 38);
INSERT INTO studentGrades (studentId, subjectId, classId, score, id) VALUES (14, 3, 1, 78, 39);
INSERT INTO studentGrades (studentId, subjectId, classId, score, id) VALUES (14, 4, 1, 70, 40);
INSERT INTO studentGrades (studentId, subjectId, classId, score, id) VALUES (14, 5, 1, 64, 41);
INSERT INTO studentGrades (studentId, subjectId, classId, score, id) VALUES (14, 6, 1, 98, 42);
INSERT INTO user (userName, email, password, role, schoolId, classId, createdAt, id) VALUES ('Student_Class 1-A_8', 'student_class1-a_7@school.com', '$2b$10$Qy3JFAtzk0AAWTOX2w2F0upESHTDjxG37ncd7T7OfOUWERSZMrYzK', 'student', 1, 1, '2025-12-27T01:30:05.667Z', 15);
INSERT INTO studentGrades (studentId, subjectId, classId, score, id) VALUES (15, 1, 1, 41, 43);
INSERT INTO studentGrades (studentId, subjectId, classId, score, id) VALUES (15, 2, 1, 47, 44);
INSERT INTO studentGrades (studentId, subjectId, classId, score, id) VALUES (15, 3, 1, 76, 45);
INSERT INTO studentGrades (studentId, subjectId, classId, score, id) VALUES (15, 4, 1, 86, 46);
INSERT INTO studentGrades (studentId, subjectId, classId, score, id) VALUES (15, 5, 1, 45, 47);
INSERT INTO studentGrades (studentId, subjectId, classId, score, id) VALUES (15, 6, 1, 55, 48);
INSERT INTO user (userName, email, password, role, schoolId, classId, createdAt, id) VALUES ('Student_Class 1-A_9', 'student_class1-a_8@school.com', '$2b$10$Qy3JFAtzk0AAWTOX2w2F0upESHTDjxG37ncd7T7OfOUWERSZMrYzK', 'student', 1, 1, '2025-12-27T01:30:05.667Z', 16);
INSERT INTO studentGrades (studentId, subjectId, classId, score, id) VALUES (16, 1, 1, 99, 49);
INSERT INTO studentGrades (studentId, subjectId, classId, score, id) VALUES (16, 2, 1, 61, 50);
INSERT INTO studentGrades (studentId, subjectId, classId, score, id) VALUES (16, 3, 1, 98, 51);
INSERT INTO studentGrades (studentId, subjectId, classId, score, id) VALUES (16, 4, 1, 55, 52);
INSERT INTO studentGrades (studentId, subjectId, classId, score, id) VALUES (16, 5, 1, 98, 53);
INSERT INTO studentGrades (studentId, subjectId, classId, score, id) VALUES (16, 6, 1, 70, 54);
INSERT INTO user (userName, email, password, role, schoolId, classId, createdAt, id) VALUES ('Student_Class 1-A_10', 'student_class1-a_9@school.com', '$2b$10$Qy3JFAtzk0AAWTOX2w2F0upESHTDjxG37ncd7T7OfOUWERSZMrYzK', 'student', 1, 1, '2025-12-27T01:30:05.667Z', 17);
INSERT INTO studentGrades (studentId, subjectId, classId, score, id) VALUES (17, 1, 1, 84, 55);
INSERT INTO studentGrades (studentId, subjectId, classId, score, id) VALUES (17, 2, 1, 48, 56);
INSERT INTO studentGrades (studentId, subjectId, classId, score, id) VALUES (17, 3, 1, 47, 57);
INSERT INTO studentGrades (studentId, subjectId, classId, score, id) VALUES (17, 4, 1, 88, 58);
INSERT INTO studentGrades (studentId, subjectId, classId, score, id) VALUES (17, 5, 1, 83, 59);
INSERT INTO studentGrades (studentId, subjectId, classId, score, id) VALUES (17, 6, 1, 58, 60);
INSERT INTO user (userName, email, password, role, schoolId, classId, createdAt, id) VALUES ('Student_Class 1-A_11', 'student_class1-a_10@school.com', '$2b$10$Qy3JFAtzk0AAWTOX2w2F0upESHTDjxG37ncd7T7OfOUWERSZMrYzK', 'student', 1, 1, '2025-12-27T01:30:05.667Z', 18);
INSERT INTO studentGrades (studentId, subjectId, classId, score, id) VALUES (18, 1, 1, 95, 61);
INSERT INTO studentGrades (studentId, subjectId, classId, score, id) VALUES (18, 2, 1, 92, 62);
INSERT INTO studentGrades (studentId, subjectId, classId, score, id) VALUES (18, 3, 1, 90, 63);
INSERT INTO studentGrades (studentId, subjectId, classId, score, id) VALUES (18, 4, 1, 63, 64);
INSERT INTO studentGrades (studentId, subjectId, classId, score, id) VALUES (18, 5, 1, 87, 65);
INSERT INTO studentGrades (studentId, subjectId, classId, score, id) VALUES (18, 6, 1, 63, 66);
INSERT INTO user (userName, email, password, role, schoolId, classId, createdAt, id) VALUES ('Student_Class 1-A_12', 'student_class1-a_11@school.com', '$2b$10$Qy3JFAtzk0AAWTOX2w2F0upESHTDjxG37ncd7T7OfOUWERSZMrYzK', 'student', 1, 1, '2025-12-27T01:30:05.667Z', 19);
INSERT INTO studentGrades (studentId, subjectId, classId, score, id) VALUES (19, 1, 1, 44, 67);
INSERT INTO studentGrades (studentId, subjectId, classId, score, id) VALUES (19, 2, 1, 80, 68);
INSERT INTO studentGrades (studentId, subjectId, classId, score, id) VALUES (19, 3, 1, 55, 69);
INSERT INTO studentGrades (studentId, subjectId, classId, score, id) VALUES (19, 4, 1, 70, 70);
INSERT INTO studentGrades (studentId, subjectId, classId, score, id) VALUES (19, 5, 1, 56, 71);
INSERT INTO studentGrades (studentId, subjectId, classId, score, id) VALUES (19, 6, 1, 78, 72);
INSERT INTO user (userName, email, password, role, schoolId, classId, createdAt, id) VALUES ('Student_Class 1-A_13', 'student_class1-a_12@school.com', '$2b$10$Qy3JFAtzk0AAWTOX2w2F0upESHTDjxG37ncd7T7OfOUWERSZMrYzK', 'student', 1, 1, '2025-12-27T01:30:05.667Z', 20);
INSERT INTO studentGrades (studentId, subjectId, classId, score, id) VALUES (20, 1, 1, 40, 73);
INSERT INTO studentGrades (studentId, subjectId, classId, score, id) VALUES (20, 2, 1, 66, 74);
INSERT INTO studentGrades (studentId, subjectId, classId, score, id) VALUES (20, 3, 1, 88, 75);
INSERT INTO studentGrades (studentId, subjectId, classId, score, id) VALUES (20, 4, 1, 78, 76);
INSERT INTO studentGrades (studentId, subjectId, classId, score, id) VALUES (20, 5, 1, 62, 77);
INSERT INTO studentGrades (studentId, subjectId, classId, score, id) VALUES (20, 6, 1, 45, 78);
INSERT INTO user (userName, email, password, role, schoolId, classId, createdAt, id) VALUES ('Student_Class 1-A_14', 'student_class1-a_13@school.com', '$2b$10$Qy3JFAtzk0AAWTOX2w2F0upESHTDjxG37ncd7T7OfOUWERSZMrYzK', 'student', 1, 1, '2025-12-27T01:30:05.667Z', 21);
INSERT INTO studentGrades (studentId, subjectId, classId, score, id) VALUES (21, 1, 1, 94, 79);
INSERT INTO studentGrades (studentId, subjectId, classId, score, id) VALUES (21, 2, 1, 70, 80);
INSERT INTO studentGrades (studentId, subjectId, classId, score, id) VALUES (21, 3, 1, 60, 81);
INSERT INTO studentGrades (studentId, subjectId, classId, score, id) VALUES (21, 4, 1, 76, 82);
INSERT INTO studentGrades (studentId, subjectId, classId, score, id) VALUES (21, 5, 1, 51, 83);
INSERT INTO studentGrades (studentId, subjectId, classId, score, id) VALUES (21, 6, 1, 87, 84);
INSERT INTO user (userName, email, password, role, schoolId, classId, createdAt, id) VALUES ('Student_Class 1-A_15', 'student_class1-a_14@school.com', '$2b$10$Qy3JFAtzk0AAWTOX2w2F0upESHTDjxG37ncd7T7OfOUWERSZMrYzK', 'student', 1, 1, '2025-12-27T01:30:05.667Z', 22);
INSERT INTO studentGrades (studentId, subjectId, classId, score, id) VALUES (22, 1, 1, 59, 85);
INSERT INTO studentGrades (studentId, subjectId, classId, score, id) VALUES (22, 2, 1, 72, 86);
INSERT INTO studentGrades (studentId, subjectId, classId, score, id) VALUES (22, 3, 1, 57, 87);
INSERT INTO studentGrades (studentId, subjectId, classId, score, id) VALUES (22, 4, 1, 48, 88);
INSERT INTO studentGrades (studentId, subjectId, classId, score, id) VALUES (22, 5, 1, 66, 89);
INSERT INTO studentGrades (studentId, subjectId, classId, score, id) VALUES (22, 6, 1, 95, 90);
INSERT INTO user (userName, email, password, role, schoolId, classId, createdAt, id) VALUES ('Student_Class 1-A_16', 'student_class1-a_15@school.com', '$2b$10$Qy3JFAtzk0AAWTOX2w2F0upESHTDjxG37ncd7T7OfOUWERSZMrYzK', 'student', 1, 1, '2025-12-27T01:30:05.667Z', 23);
INSERT INTO studentGrades (studentId, subjectId, classId, score, id) VALUES (23, 1, 1, 74, 91);
INSERT INTO studentGrades (studentId, subjectId, classId, score, id) VALUES (23, 2, 1, 57, 92);
INSERT INTO studentGrades (studentId, subjectId, classId, score, id) VALUES (23, 3, 1, 72, 93);
INSERT INTO studentGrades (studentId, subjectId, classId, score, id) VALUES (23, 4, 1, 87, 94);
INSERT INTO studentGrades (studentId, subjectId, classId, score, id) VALUES (23, 5, 1, 68, 95);
INSERT INTO studentGrades (studentId, subjectId, classId, score, id) VALUES (23, 6, 1, 54, 96);
INSERT INTO user (userName, email, password, role, schoolId, classId, createdAt, id) VALUES ('Student_Class 1-A_17', 'student_class1-a_16@school.com', '$2b$10$Qy3JFAtzk0AAWTOX2w2F0upESHTDjxG37ncd7T7OfOUWERSZMrYzK', 'student', 1, 1, '2025-12-27T01:30:05.667Z', 24);
INSERT INTO studentGrades (studentId, subjectId, classId, score, id) VALUES (24, 1, 1, 91, 97);
INSERT INTO studentGrades (studentId, subjectId, classId, score, id) VALUES (24, 2, 1, 53, 98);
INSERT INTO studentGrades (studentId, subjectId, classId, score, id) VALUES (24, 3, 1, 41, 99);
INSERT INTO studentGrades (studentId, subjectId, classId, score, id) VALUES (24, 4, 1, 91, 100);
INSERT INTO studentGrades (studentId, subjectId, classId, score, id) VALUES (24, 5, 1, 68, 101);
INSERT INTO studentGrades (studentId, subjectId, classId, score, id) VALUES (24, 6, 1, 44, 102);
INSERT INTO user (userName, email, password, role, schoolId, classId, createdAt, id) VALUES ('Student_Class 1-A_18', 'student_class1-a_17@school.com', '$2b$10$Qy3JFAtzk0AAWTOX2w2F0upESHTDjxG37ncd7T7OfOUWERSZMrYzK', 'student', 1, 1, '2025-12-27T01:30:05.667Z', 25);
INSERT INTO studentGrades (studentId, subjectId, classId, score, id) VALUES (25, 1, 1, 47, 103);
INSERT INTO studentGrades (studentId, subjectId, classId, score, id) VALUES (25, 2, 1, 81, 104);
INSERT INTO studentGrades (studentId, subjectId, classId, score, id) VALUES (25, 3, 1, 42, 105);
INSERT INTO studentGrades (studentId, subjectId, classId, score, id) VALUES (25, 4, 1, 52, 106);
INSERT INTO studentGrades (studentId, subjectId, classId, score, id) VALUES (25, 5, 1, 70, 107);
INSERT INTO studentGrades (studentId, subjectId, classId, score, id) VALUES (25, 6, 1, 85, 108);
INSERT INTO user (userName, email, password, role, schoolId, classId, createdAt, id) VALUES ('Student_Class 1-A_19', 'student_class1-a_18@school.com', '$2b$10$Qy3JFAtzk0AAWTOX2w2F0upESHTDjxG37ncd7T7OfOUWERSZMrYzK', 'student', 1, 1, '2025-12-27T01:30:05.668Z', 26);
INSERT INTO studentGrades (studentId, subjectId, classId, score, id) VALUES (26, 1, 1, 88, 109);
INSERT INTO studentGrades (studentId, subjectId, classId, score, id) VALUES (26, 2, 1, 59, 110);
INSERT INTO studentGrades (studentId, subjectId, classId, score, id) VALUES (26, 3, 1, 60, 111);
INSERT INTO studentGrades (studentId, subjectId, classId, score, id) VALUES (26, 4, 1, 41, 112);
INSERT INTO studentGrades (studentId, subjectId, classId, score, id) VALUES (26, 5, 1, 58, 113);
INSERT INTO studentGrades (studentId, subjectId, classId, score, id) VALUES (26, 6, 1, 83, 114);
INSERT INTO user (userName, email, password, role, schoolId, classId, createdAt, id) VALUES ('Student_Class 1-A_20', 'student_class1-a_19@school.com', '$2b$10$Qy3JFAtzk0AAWTOX2w2F0upESHTDjxG37ncd7T7OfOUWERSZMrYzK', 'student', 1, 1, '2025-12-27T01:30:05.668Z', 27);
INSERT INTO studentGrades (studentId, subjectId, classId, score, id) VALUES (27, 1, 1, 92, 115);
INSERT INTO studentGrades (studentId, subjectId, classId, score, id) VALUES (27, 2, 1, 40, 116);
INSERT INTO studentGrades (studentId, subjectId, classId, score, id) VALUES (27, 3, 1, 70, 117);
INSERT INTO studentGrades (studentId, subjectId, classId, score, id) VALUES (27, 4, 1, 82, 118);
INSERT INTO studentGrades (studentId, subjectId, classId, score, id) VALUES (27, 5, 1, 42, 119);
INSERT INTO studentGrades (studentId, subjectId, classId, score, id) VALUES (27, 6, 1, 75, 120);
INSERT INTO schedule (classId, subjectId, day, startTime, endTime, id) VALUES (1, 1, 'Sunday', '08:00', '09:00', 1);
INSERT INTO schedule (classId, subjectId, day, startTime, endTime, id) VALUES (1, 2, 'Sunday', '09:00', '10:00', 2);
INSERT INTO schedule (classId, subjectId, day, startTime, endTime, id) VALUES (1, 3, 'Sunday', '10:00', '11:00', 3);
INSERT INTO schedule (classId, subjectId, day, startTime, endTime, id) VALUES (1, 4, 'Sunday', '11:00', '12:00', 4);
INSERT INTO schedule (classId, subjectId, day, startTime, endTime, id) VALUES (1, 5, 'Sunday', '12:00', '13:00', 5);
INSERT INTO schedule (classId, subjectId, day, startTime, endTime, id) VALUES (1, 6, 'Sunday', '13:00', '14:00', 6);
INSERT INTO schedule (classId, subjectId, day, startTime, endTime, id) VALUES (1, 1, 'Monday', '08:00', '09:00', 7);
INSERT INTO schedule (classId, subjectId, day, startTime, endTime, id) VALUES (1, 2, 'Monday', '09:00', '10:00', 8);
INSERT INTO schedule (classId, subjectId, day, startTime, endTime, id) VALUES (1, 3, 'Monday', '10:00', '11:00', 9);
INSERT INTO schedule (classId, subjectId, day, startTime, endTime, id) VALUES (1, 4, 'Monday', '11:00', '12:00', 10);
INSERT INTO schedule (classId, subjectId, day, startTime, endTime, id) VALUES (1, 5, 'Monday', '12:00', '13:00', 11);
INSERT INTO schedule (classId, subjectId, day, startTime, endTime, id) VALUES (1, 6, 'Monday', '13:00', '14:00', 12);
INSERT INTO schedule (classId, subjectId, day, startTime, endTime, id) VALUES (1, 1, 'Tuesday', '08:00', '09:00', 13);
INSERT INTO schedule (classId, subjectId, day, startTime, endTime, id) VALUES (1, 2, 'Tuesday', '09:00', '10:00', 14);
INSERT INTO schedule (classId, subjectId, day, startTime, endTime, id) VALUES (1, 3, 'Tuesday', '10:00', '11:00', 15);
INSERT INTO schedule (classId, subjectId, day, startTime, endTime, id) VALUES (1, 4, 'Tuesday', '11:00', '12:00', 16);
INSERT INTO schedule (classId, subjectId, day, startTime, endTime, id) VALUES (1, 5, 'Tuesday', '12:00', '13:00', 17);
INSERT INTO schedule (classId, subjectId, day, startTime, endTime, id) VALUES (1, 6, 'Tuesday', '13:00', '14:00', 18);
INSERT INTO schedule (classId, subjectId, day, startTime, endTime, id) VALUES (1, 1, 'Wednesday', '08:00', '09:00', 19);
INSERT INTO schedule (classId, subjectId, day, startTime, endTime, id) VALUES (1, 2, 'Wednesday', '09:00', '10:00', 20);
INSERT INTO schedule (classId, subjectId, day, startTime, endTime, id) VALUES (1, 3, 'Wednesday', '10:00', '11:00', 21);
INSERT INTO schedule (classId, subjectId, day, startTime, endTime, id) VALUES (1, 4, 'Wednesday', '11:00', '12:00', 22);
INSERT INTO schedule (classId, subjectId, day, startTime, endTime, id) VALUES (1, 5, 'Wednesday', '12:00', '13:00', 23);
INSERT INTO schedule (classId, subjectId, day, startTime, endTime, id) VALUES (1, 6, 'Wednesday', '13:00', '14:00', 24);
INSERT INTO schedule (classId, subjectId, day, startTime, endTime, id) VALUES (1, 1, 'Thursday', '08:00', '09:00', 25);
INSERT INTO schedule (classId, subjectId, day, startTime, endTime, id) VALUES (1, 2, 'Thursday', '09:00', '10:00', 26);
INSERT INTO schedule (classId, subjectId, day, startTime, endTime, id) VALUES (1, 3, 'Thursday', '10:00', '11:00', 27);
INSERT INTO schedule (classId, subjectId, day, startTime, endTime, id) VALUES (1, 4, 'Thursday', '11:00', '12:00', 28);
INSERT INTO schedule (classId, subjectId, day, startTime, endTime, id) VALUES (1, 5, 'Thursday', '12:00', '13:00', 29);
INSERT INTO schedule (classId, subjectId, day, startTime, endTime, id) VALUES (1, 6, 'Thursday', '13:00', '14:00', 30);
INSERT INTO classRoom (name, schoolId, id) VALUES ('Class 2-A', 1, 2);
INSERT INTO user (userName, email, password, role, schoolId, createdAt, id) VALUES ('Teacher_Class 2-A_Mathematics', 'teacher_class2-a_0@school.com', '$2b$10$Qy3JFAtzk0AAWTOX2w2F0upESHTDjxG37ncd7T7OfOUWERSZMrYzK', 'teacher', 1, '2025-12-27T01:30:05.668Z', 28);
INSERT INTO subject (name, classId, teacherId, id) VALUES ('Mathematics', 2, 28, 7);
INSERT INTO user (userName, email, password, role, schoolId, createdAt, id) VALUES ('Teacher_Class 2-A_Physics', 'teacher_class2-a_1@school.com', '$2b$10$Qy3JFAtzk0AAWTOX2w2F0upESHTDjxG37ncd7T7OfOUWERSZMrYzK', 'teacher', 1, '2025-12-27T01:30:05.668Z', 29);
INSERT INTO subject (name, classId, teacherId, id) VALUES ('Physics', 2, 29, 8);
INSERT INTO user (userName, email, password, role, schoolId, createdAt, id) VALUES ('Teacher_Class 2-A_History', 'teacher_class2-a_2@school.com', '$2b$10$Qy3JFAtzk0AAWTOX2w2F0upESHTDjxG37ncd7T7OfOUWERSZMrYzK', 'teacher', 1, '2025-12-27T01:30:05.668Z', 30);
INSERT INTO subject (name, classId, teacherId, id) VALUES ('History', 2, 30, 9);
INSERT INTO user (userName, email, password, role, schoolId, createdAt, id) VALUES ('Teacher_Class 2-A_Biology', 'teacher_class2-a_3@school.com', '$2b$10$Qy3JFAtzk0AAWTOX2w2F0upESHTDjxG37ncd7T7OfOUWERSZMrYzK', 'teacher', 1, '2025-12-27T01:30:05.668Z', 31);
INSERT INTO subject (name, classId, teacherId, id) VALUES ('Biology', 2, 31, 10);
INSERT INTO user (userName, email, password, role, schoolId, createdAt, id) VALUES ('Teacher_Class 2-A_English', 'teacher_class2-a_4@school.com', '$2b$10$Qy3JFAtzk0AAWTOX2w2F0upESHTDjxG37ncd7T7OfOUWERSZMrYzK', 'teacher', 1, '2025-12-27T01:30:05.668Z', 32);
INSERT INTO subject (name, classId, teacherId, id) VALUES ('English', 2, 32, 11);
INSERT INTO user (userName, email, password, role, schoolId, createdAt, id) VALUES ('Teacher_Class 2-A_Computer Science', 'teacher_class2-a_5@school.com', '$2b$10$Qy3JFAtzk0AAWTOX2w2F0upESHTDjxG37ncd7T7OfOUWERSZMrYzK', 'teacher', 1, '2025-12-27T01:30:05.668Z', 33);
INSERT INTO subject (name, classId, teacherId, id) VALUES ('Computer Science', 2, 33, 12);
INSERT INTO user (userName, email, password, role, schoolId, classId, createdAt, id) VALUES ('Student_Class 2-A_1', 'student_class2-a_0@school.com', '$2b$10$Qy3JFAtzk0AAWTOX2w2F0upESHTDjxG37ncd7T7OfOUWERSZMrYzK', 'student', 1, 2, '2025-12-27T01:30:05.668Z', 34);
INSERT INTO studentGrades (studentId, subjectId, classId, score, id) VALUES (34, 7, 2, 92, 121);
INSERT INTO studentGrades (studentId, subjectId, classId, score, id) VALUES (34, 8, 2, 79, 122);
INSERT INTO studentGrades (studentId, subjectId, classId, score, id) VALUES (34, 9, 2, 46, 123);
INSERT INTO studentGrades (studentId, subjectId, classId, score, id) VALUES (34, 10, 2, 74, 124);
INSERT INTO studentGrades (studentId, subjectId, classId, score, id) VALUES (34, 11, 2, 44, 125);
INSERT INTO studentGrades (studentId, subjectId, classId, score, id) VALUES (34, 12, 2, 49, 126);
INSERT INTO user (userName, email, password, role, schoolId, classId, createdAt, id) VALUES ('Student_Class 2-A_2', 'student_class2-a_1@school.com', '$2b$10$Qy3JFAtzk0AAWTOX2w2F0upESHTDjxG37ncd7T7OfOUWERSZMrYzK', 'student', 1, 2, '2025-12-27T01:30:05.668Z', 35);
INSERT INTO studentGrades (studentId, subjectId, classId, score, id) VALUES (35, 7, 2, 88, 127);
INSERT INTO studentGrades (studentId, subjectId, classId, score, id) VALUES (35, 8, 2, 58, 128);
INSERT INTO studentGrades (studentId, subjectId, classId, score, id) VALUES (35, 9, 2, 42, 129);
INSERT INTO studentGrades (studentId, subjectId, classId, score, id) VALUES (35, 10, 2, 55, 130);
INSERT INTO studentGrades (studentId, subjectId, classId, score, id) VALUES (35, 11, 2, 58, 131);
INSERT INTO studentGrades (studentId, subjectId, classId, score, id) VALUES (35, 12, 2, 45, 132);
INSERT INTO user (userName, email, password, role, schoolId, classId, createdAt, id) VALUES ('Student_Class 2-A_3', 'student_class2-a_2@school.com', '$2b$10$Qy3JFAtzk0AAWTOX2w2F0upESHTDjxG37ncd7T7OfOUWERSZMrYzK', 'student', 1, 2, '2025-12-27T01:30:05.668Z', 36);
INSERT INTO studentGrades (studentId, subjectId, classId, score, id) VALUES (36, 7, 2, 78, 133);
INSERT INTO studentGrades (studentId, subjectId, classId, score, id) VALUES (36, 8, 2, 96, 134);
INSERT INTO studentGrades (studentId, subjectId, classId, score, id) VALUES (36, 9, 2, 52, 135);
INSERT INTO studentGrades (studentId, subjectId, classId, score, id) VALUES (36, 10, 2, 68, 136);
INSERT INTO studentGrades (studentId, subjectId, classId, score, id) VALUES (36, 11, 2, 65, 137);
INSERT INTO studentGrades (studentId, subjectId, classId, score, id) VALUES (36, 12, 2, 80, 138);
INSERT INTO user (userName, email, password, role, schoolId, classId, createdAt, id) VALUES ('Student_Class 2-A_4', 'student_class2-a_3@school.com', '$2b$10$Qy3JFAtzk0AAWTOX2w2F0upESHTDjxG37ncd7T7OfOUWERSZMrYzK', 'student', 1, 2, '2025-12-27T01:30:05.668Z', 37);
INSERT INTO studentGrades (studentId, subjectId, classId, score, id) VALUES (37, 7, 2, 64, 139);
INSERT INTO studentGrades (studentId, subjectId, classId, score, id) VALUES (37, 8, 2, 80, 140);
INSERT INTO studentGrades (studentId, subjectId, classId, score, id) VALUES (37, 9, 2, 88, 141);
INSERT INTO studentGrades (studentId, subjectId, classId, score, id) VALUES (37, 10, 2, 80, 142);
INSERT INTO studentGrades (studentId, subjectId, classId, score, id) VALUES (37, 11, 2, 88, 143);
INSERT INTO studentGrades (studentId, subjectId, classId, score, id) VALUES (37, 12, 2, 89, 144);
INSERT INTO user (userName, email, password, role, schoolId, classId, createdAt, id) VALUES ('Student_Class 2-A_5', 'student_class2-a_4@school.com', '$2b$10$Qy3JFAtzk0AAWTOX2w2F0upESHTDjxG37ncd7T7OfOUWERSZMrYzK', 'student', 1, 2, '2025-12-27T01:30:05.668Z', 38);
INSERT INTO studentGrades (studentId, subjectId, classId, score, id) VALUES (38, 7, 2, 70, 145);
INSERT INTO studentGrades (studentId, subjectId, classId, score, id) VALUES (38, 8, 2, 67, 146);
INSERT INTO studentGrades (studentId, subjectId, classId, score, id) VALUES (38, 9, 2, 51, 147);
INSERT INTO studentGrades (studentId, subjectId, classId, score, id) VALUES (38, 10, 2, 72, 148);
INSERT INTO studentGrades (studentId, subjectId, classId, score, id) VALUES (38, 11, 2, 50, 149);
INSERT INTO studentGrades (studentId, subjectId, classId, score, id) VALUES (38, 12, 2, 40, 150);
INSERT INTO user (userName, email, password, role, schoolId, classId, createdAt, id) VALUES ('Student_Class 2-A_6', 'student_class2-a_5@school.com', '$2b$10$Qy3JFAtzk0AAWTOX2w2F0upESHTDjxG37ncd7T7OfOUWERSZMrYzK', 'student', 1, 2, '2025-12-27T01:30:05.668Z', 39);
INSERT INTO studentGrades (studentId, subjectId, classId, score, id) VALUES (39, 7, 2, 79, 151);
INSERT INTO studentGrades (studentId, subjectId, classId, score, id) VALUES (39, 8, 2, 54, 152);
INSERT INTO studentGrades (studentId, subjectId, classId, score, id) VALUES (39, 9, 2, 95, 153);
INSERT INTO studentGrades (studentId, subjectId, classId, score, id) VALUES (39, 10, 2, 66, 154);
INSERT INTO studentGrades (studentId, subjectId, classId, score, id) VALUES (39, 11, 2, 76, 155);
INSERT INTO studentGrades (studentId, subjectId, classId, score, id) VALUES (39, 12, 2, 81, 156);
INSERT INTO user (userName, email, password, role, schoolId, classId, createdAt, id) VALUES ('Student_Class 2-A_7', 'student_class2-a_6@school.com', '$2b$10$Qy3JFAtzk0AAWTOX2w2F0upESHTDjxG37ncd7T7OfOUWERSZMrYzK', 'student', 1, 2, '2025-12-27T01:30:05.668Z', 40);
INSERT INTO studentGrades (studentId, subjectId, classId, score, id) VALUES (40, 7, 2, 70, 157);
INSERT INTO studentGrades (studentId, subjectId, classId, score, id) VALUES (40, 8, 2, 48, 158);
INSERT INTO studentGrades (studentId, subjectId, classId, score, id) VALUES (40, 9, 2, 88, 159);
INSERT INTO studentGrades (studentId, subjectId, classId, score, id) VALUES (40, 10, 2, 73, 160);
INSERT INTO studentGrades (studentId, subjectId, classId, score, id) VALUES (40, 11, 2, 69, 161);
INSERT INTO studentGrades (studentId, subjectId, classId, score, id) VALUES (40, 12, 2, 77, 162);
INSERT INTO user (userName, email, password, role, schoolId, classId, createdAt, id) VALUES ('Student_Class 2-A_8', 'student_class2-a_7@school.com', '$2b$10$Qy3JFAtzk0AAWTOX2w2F0upESHTDjxG37ncd7T7OfOUWERSZMrYzK', 'student', 1, 2, '2025-12-27T01:30:05.668Z', 41);
INSERT INTO studentGrades (studentId, subjectId, classId, score, id) VALUES (41, 7, 2, 45, 163);
INSERT INTO studentGrades (studentId, subjectId, classId, score, id) VALUES (41, 8, 2, 84, 164);
INSERT INTO studentGrades (studentId, subjectId, classId, score, id) VALUES (41, 9, 2, 76, 165);
INSERT INTO studentGrades (studentId, subjectId, classId, score, id) VALUES (41, 10, 2, 87, 166);
INSERT INTO studentGrades (studentId, subjectId, classId, score, id) VALUES (41, 11, 2, 99, 167);
INSERT INTO studentGrades (studentId, subjectId, classId, score, id) VALUES (41, 12, 2, 81, 168);
INSERT INTO user (userName, email, password, role, schoolId, classId, createdAt, id) VALUES ('Student_Class 2-A_9', 'student_class2-a_8@school.com', '$2b$10$Qy3JFAtzk0AAWTOX2w2F0upESHTDjxG37ncd7T7OfOUWERSZMrYzK', 'student', 1, 2, '2025-12-27T01:30:05.668Z', 42);
INSERT INTO studentGrades (studentId, subjectId, classId, score, id) VALUES (42, 7, 2, 67, 169);
INSERT INTO studentGrades (studentId, subjectId, classId, score, id) VALUES (42, 8, 2, 44, 170);
INSERT INTO studentGrades (studentId, subjectId, classId, score, id) VALUES (42, 9, 2, 83, 171);
INSERT INTO studentGrades (studentId, subjectId, classId, score, id) VALUES (42, 10, 2, 60, 172);
INSERT INTO studentGrades (studentId, subjectId, classId, score, id) VALUES (42, 11, 2, 46, 173);
INSERT INTO studentGrades (studentId, subjectId, classId, score, id) VALUES (42, 12, 2, 61, 174);
INSERT INTO user (userName, email, password, role, schoolId, classId, createdAt, id) VALUES ('Student_Class 2-A_10', 'student_class2-a_9@school.com', '$2b$10$Qy3JFAtzk0AAWTOX2w2F0upESHTDjxG37ncd7T7OfOUWERSZMrYzK', 'student', 1, 2, '2025-12-27T01:30:05.668Z', 43);
INSERT INTO studentGrades (studentId, subjectId, classId, score, id) VALUES (43, 7, 2, 45, 175);
INSERT INTO studentGrades (studentId, subjectId, classId, score, id) VALUES (43, 8, 2, 90, 176);
INSERT INTO studentGrades (studentId, subjectId, classId, score, id) VALUES (43, 9, 2, 92, 177);
INSERT INTO studentGrades (studentId, subjectId, classId, score, id) VALUES (43, 10, 2, 90, 178);
INSERT INTO studentGrades (studentId, subjectId, classId, score, id) VALUES (43, 11, 2, 95, 179);
INSERT INTO studentGrades (studentId, subjectId, classId, score, id) VALUES (43, 12, 2, 60, 180);
INSERT INTO user (userName, email, password, role, schoolId, classId, createdAt, id) VALUES ('Student_Class 2-A_11', 'student_class2-a_10@school.com', '$2b$10$Qy3JFAtzk0AAWTOX2w2F0upESHTDjxG37ncd7T7OfOUWERSZMrYzK', 'student', 1, 2, '2025-12-27T01:30:05.668Z', 44);
INSERT INTO studentGrades (studentId, subjectId, classId, score, id) VALUES (44, 7, 2, 91, 181);
INSERT INTO studentGrades (studentId, subjectId, classId, score, id) VALUES (44, 8, 2, 60, 182);
INSERT INTO studentGrades (studentId, subjectId, classId, score, id) VALUES (44, 9, 2, 45, 183);
INSERT INTO studentGrades (studentId, subjectId, classId, score, id) VALUES (44, 10, 2, 76, 184);
INSERT INTO studentGrades (studentId, subjectId, classId, score, id) VALUES (44, 11, 2, 96, 185);
INSERT INTO studentGrades (studentId, subjectId, classId, score, id) VALUES (44, 12, 2, 100, 186);
INSERT INTO user (userName, email, password, role, schoolId, classId, createdAt, id) VALUES ('Student_Class 2-A_12', 'student_class2-a_11@school.com', '$2b$10$Qy3JFAtzk0AAWTOX2w2F0upESHTDjxG37ncd7T7OfOUWERSZMrYzK', 'student', 1, 2, '2025-12-27T01:30:05.668Z', 45);
INSERT INTO studentGrades (studentId, subjectId, classId, score, id) VALUES (45, 7, 2, 83, 187);
INSERT INTO studentGrades (studentId, subjectId, classId, score, id) VALUES (45, 8, 2, 71, 188);
INSERT INTO studentGrades (studentId, subjectId, classId, score, id) VALUES (45, 9, 2, 40, 189);
INSERT INTO studentGrades (studentId, subjectId, classId, score, id) VALUES (45, 10, 2, 81, 190);
INSERT INTO studentGrades (studentId, subjectId, classId, score, id) VALUES (45, 11, 2, 65, 191);
INSERT INTO studentGrades (studentId, subjectId, classId, score, id) VALUES (45, 12, 2, 70, 192);
INSERT INTO user (userName, email, password, role, schoolId, classId, createdAt, id) VALUES ('Student_Class 2-A_13', 'student_class2-a_12@school.com', '$2b$10$Qy3JFAtzk0AAWTOX2w2F0upESHTDjxG37ncd7T7OfOUWERSZMrYzK', 'student', 1, 2, '2025-12-27T01:30:05.668Z', 46);
INSERT INTO studentGrades (studentId, subjectId, classId, score, id) VALUES (46, 7, 2, 56, 193);
INSERT INTO studentGrades (studentId, subjectId, classId, score, id) VALUES (46, 8, 2, 90, 194);
INSERT INTO studentGrades (studentId, subjectId, classId, score, id) VALUES (46, 9, 2, 100, 195);
INSERT INTO studentGrades (studentId, subjectId, classId, score, id) VALUES (46, 10, 2, 81, 196);
INSERT INTO studentGrades (studentId, subjectId, classId, score, id) VALUES (46, 11, 2, 54, 197);
INSERT INTO studentGrades (studentId, subjectId, classId, score, id) VALUES (46, 12, 2, 70, 198);
INSERT INTO user (userName, email, password, role, schoolId, classId, createdAt, id) VALUES ('Student_Class 2-A_14', 'student_class2-a_13@school.com', '$2b$10$Qy3JFAtzk0AAWTOX2w2F0upESHTDjxG37ncd7T7OfOUWERSZMrYzK', 'student', 1, 2, '2025-12-27T01:30:05.668Z', 47);
INSERT INTO studentGrades (studentId, subjectId, classId, score, id) VALUES (47, 7, 2, 69, 199);
INSERT INTO studentGrades (studentId, subjectId, classId, score, id) VALUES (47, 8, 2, 82, 200);
INSERT INTO studentGrades (studentId, subjectId, classId, score, id) VALUES (47, 9, 2, 62, 201);
INSERT INTO studentGrades (studentId, subjectId, classId, score, id) VALUES (47, 10, 2, 88, 202);
INSERT INTO studentGrades (studentId, subjectId, classId, score, id) VALUES (47, 11, 2, 41, 203);
INSERT INTO studentGrades (studentId, subjectId, classId, score, id) VALUES (47, 12, 2, 51, 204);
INSERT INTO user (userName, email, password, role, schoolId, classId, createdAt, id) VALUES ('Student_Class 2-A_15', 'student_class2-a_14@school.com', '$2b$10$Qy3JFAtzk0AAWTOX2w2F0upESHTDjxG37ncd7T7OfOUWERSZMrYzK', 'student', 1, 2, '2025-12-27T01:30:05.668Z', 48);
INSERT INTO studentGrades (studentId, subjectId, classId, score, id) VALUES (48, 7, 2, 61, 205);
INSERT INTO studentGrades (studentId, subjectId, classId, score, id) VALUES (48, 8, 2, 45, 206);
INSERT INTO studentGrades (studentId, subjectId, classId, score, id) VALUES (48, 9, 2, 53, 207);
INSERT INTO studentGrades (studentId, subjectId, classId, score, id) VALUES (48, 10, 2, 91, 208);
INSERT INTO studentGrades (studentId, subjectId, classId, score, id) VALUES (48, 11, 2, 46, 209);
INSERT INTO studentGrades (studentId, subjectId, classId, score, id) VALUES (48, 12, 2, 63, 210);
INSERT INTO user (userName, email, password, role, schoolId, classId, createdAt, id) VALUES ('Student_Class 2-A_16', 'student_class2-a_15@school.com', '$2b$10$Qy3JFAtzk0AAWTOX2w2F0upESHTDjxG37ncd7T7OfOUWERSZMrYzK', 'student', 1, 2, '2025-12-27T01:30:05.668Z', 49);
INSERT INTO studentGrades (studentId, subjectId, classId, score, id) VALUES (49, 7, 2, 52, 211);
INSERT INTO studentGrades (studentId, subjectId, classId, score, id) VALUES (49, 8, 2, 51, 212);
INSERT INTO studentGrades (studentId, subjectId, classId, score, id) VALUES (49, 9, 2, 51, 213);
INSERT INTO studentGrades (studentId, subjectId, classId, score, id) VALUES (49, 10, 2, 90, 214);
INSERT INTO studentGrades (studentId, subjectId, classId, score, id) VALUES (49, 11, 2, 87, 215);
INSERT INTO studentGrades (studentId, subjectId, classId, score, id) VALUES (49, 12, 2, 98, 216);
INSERT INTO user (userName, email, password, role, schoolId, classId, createdAt, id) VALUES ('Student_Class 2-A_17', 'student_class2-a_16@school.com', '$2b$10$Qy3JFAtzk0AAWTOX2w2F0upESHTDjxG37ncd7T7OfOUWERSZMrYzK', 'student', 1, 2, '2025-12-27T01:30:05.668Z', 50);
INSERT INTO studentGrades (studentId, subjectId, classId, score, id) VALUES (50, 7, 2, 79, 217);
INSERT INTO studentGrades (studentId, subjectId, classId, score, id) VALUES (50, 8, 2, 77, 218);
INSERT INTO studentGrades (studentId, subjectId, classId, score, id) VALUES (50, 9, 2, 52, 219);
INSERT INTO studentGrades (studentId, subjectId, classId, score, id) VALUES (50, 10, 2, 40, 220);
INSERT INTO studentGrades (studentId, subjectId, classId, score, id) VALUES (50, 11, 2, 46, 221);
INSERT INTO studentGrades (studentId, subjectId, classId, score, id) VALUES (50, 12, 2, 64, 222);
INSERT INTO user (userName, email, password, role, schoolId, classId, createdAt, id) VALUES ('Student_Class 2-A_18', 'student_class2-a_17@school.com', '$2b$10$Qy3JFAtzk0AAWTOX2w2F0upESHTDjxG37ncd7T7OfOUWERSZMrYzK', 'student', 1, 2, '2025-12-27T01:30:05.668Z', 51);
INSERT INTO studentGrades (studentId, subjectId, classId, score, id) VALUES (51, 7, 2, 100, 223);
INSERT INTO studentGrades (studentId, subjectId, classId, score, id) VALUES (51, 8, 2, 59, 224);
INSERT INTO studentGrades (studentId, subjectId, classId, score, id) VALUES (51, 9, 2, 73, 225);
INSERT INTO studentGrades (studentId, subjectId, classId, score, id) VALUES (51, 10, 2, 68, 226);
INSERT INTO studentGrades (studentId, subjectId, classId, score, id) VALUES (51, 11, 2, 58, 227);
INSERT INTO studentGrades (studentId, subjectId, classId, score, id) VALUES (51, 12, 2, 57, 228);
INSERT INTO user (userName, email, password, role, schoolId, classId, createdAt, id) VALUES ('Student_Class 2-A_19', 'student_class2-a_18@school.com', '$2b$10$Qy3JFAtzk0AAWTOX2w2F0upESHTDjxG37ncd7T7OfOUWERSZMrYzK', 'student', 1, 2, '2025-12-27T01:30:05.668Z', 52);
INSERT INTO studentGrades (studentId, subjectId, classId, score, id) VALUES (52, 7, 2, 50, 229);
INSERT INTO studentGrades (studentId, subjectId, classId, score, id) VALUES (52, 8, 2, 84, 230);
INSERT INTO studentGrades (studentId, subjectId, classId, score, id) VALUES (52, 9, 2, 94, 231);
INSERT INTO studentGrades (studentId, subjectId, classId, score, id) VALUES (52, 10, 2, 92, 232);
INSERT INTO studentGrades (studentId, subjectId, classId, score, id) VALUES (52, 11, 2, 99, 233);
INSERT INTO studentGrades (studentId, subjectId, classId, score, id) VALUES (52, 12, 2, 100, 234);
INSERT INTO user (userName, email, password, role, schoolId, classId, createdAt, id) VALUES ('Student_Class 2-A_20', 'student_class2-a_19@school.com', '$2b$10$Qy3JFAtzk0AAWTOX2w2F0upESHTDjxG37ncd7T7OfOUWERSZMrYzK', 'student', 1, 2, '2025-12-27T01:30:05.668Z', 53);
INSERT INTO studentGrades (studentId, subjectId, classId, score, id) VALUES (53, 7, 2, 98, 235);
INSERT INTO studentGrades (studentId, subjectId, classId, score, id) VALUES (53, 8, 2, 83, 236);
INSERT INTO studentGrades (studentId, subjectId, classId, score, id) VALUES (53, 9, 2, 41, 237);
INSERT INTO studentGrades (studentId, subjectId, classId, score, id) VALUES (53, 10, 2, 85, 238);
INSERT INTO studentGrades (studentId, subjectId, classId, score, id) VALUES (53, 11, 2, 74, 239);
INSERT INTO studentGrades (studentId, subjectId, classId, score, id) VALUES (53, 12, 2, 57, 240);
INSERT INTO schedule (classId, subjectId, day, startTime, endTime, id) VALUES (2, 7, 'Sunday', '08:00', '09:00', 31);
INSERT INTO schedule (classId, subjectId, day, startTime, endTime, id) VALUES (2, 8, 'Sunday', '09:00', '10:00', 32);
INSERT INTO schedule (classId, subjectId, day, startTime, endTime, id) VALUES (2, 9, 'Sunday', '10:00', '11:00', 33);
INSERT INTO schedule (classId, subjectId, day, startTime, endTime, id) VALUES (2, 10, 'Sunday', '11:00', '12:00', 34);
INSERT INTO schedule (classId, subjectId, day, startTime, endTime, id) VALUES (2, 11, 'Sunday', '12:00', '13:00', 35);
INSERT INTO schedule (classId, subjectId, day, startTime, endTime, id) VALUES (2, 12, 'Sunday', '13:00', '14:00', 36);
INSERT INTO schedule (classId, subjectId, day, startTime, endTime, id) VALUES (2, 7, 'Monday', '08:00', '09:00', 37);
INSERT INTO schedule (classId, subjectId, day, startTime, endTime, id) VALUES (2, 8, 'Monday', '09:00', '10:00', 38);
INSERT INTO schedule (classId, subjectId, day, startTime, endTime, id) VALUES (2, 9, 'Monday', '10:00', '11:00', 39);
INSERT INTO schedule (classId, subjectId, day, startTime, endTime, id) VALUES (2, 10, 'Monday', '11:00', '12:00', 40);
INSERT INTO schedule (classId, subjectId, day, startTime, endTime, id) VALUES (2, 11, 'Monday', '12:00', '13:00', 41);
INSERT INTO schedule (classId, subjectId, day, startTime, endTime, id) VALUES (2, 12, 'Monday', '13:00', '14:00', 42);
INSERT INTO schedule (classId, subjectId, day, startTime, endTime, id) VALUES (2, 7, 'Tuesday', '08:00', '09:00', 43);
INSERT INTO schedule (classId, subjectId, day, startTime, endTime, id) VALUES (2, 8, 'Tuesday', '09:00', '10:00', 44);
INSERT INTO schedule (classId, subjectId, day, startTime, endTime, id) VALUES (2, 9, 'Tuesday', '10:00', '11:00', 45);
INSERT INTO schedule (classId, subjectId, day, startTime, endTime, id) VALUES (2, 10, 'Tuesday', '11:00', '12:00', 46);
INSERT INTO schedule (classId, subjectId, day, startTime, endTime, id) VALUES (2, 11, 'Tuesday', '12:00', '13:00', 47);
INSERT INTO schedule (classId, subjectId, day, startTime, endTime, id) VALUES (2, 12, 'Tuesday', '13:00', '14:00', 48);
INSERT INTO schedule (classId, subjectId, day, startTime, endTime, id) VALUES (2, 7, 'Wednesday', '08:00', '09:00', 49);
INSERT INTO schedule (classId, subjectId, day, startTime, endTime, id) VALUES (2, 8, 'Wednesday', '09:00', '10:00', 50);
INSERT INTO schedule (classId, subjectId, day, startTime, endTime, id) VALUES (2, 9, 'Wednesday', '10:00', '11:00', 51);
INSERT INTO schedule (classId, subjectId, day, startTime, endTime, id) VALUES (2, 10, 'Wednesday', '11:00', '12:00', 52);
INSERT INTO schedule (classId, subjectId, day, startTime, endTime, id) VALUES (2, 11, 'Wednesday', '12:00', '13:00', 53);
INSERT INTO schedule (classId, subjectId, day, startTime, endTime, id) VALUES (2, 12, 'Wednesday', '13:00', '14:00', 54);
INSERT INTO schedule (classId, subjectId, day, startTime, endTime, id) VALUES (2, 7, 'Thursday', '08:00', '09:00', 55);
INSERT INTO schedule (classId, subjectId, day, startTime, endTime, id) VALUES (2, 8, 'Thursday', '09:00', '10:00', 56);
INSERT INTO schedule (classId, subjectId, day, startTime, endTime, id) VALUES (2, 9, 'Thursday', '10:00', '11:00', 57);
INSERT INTO schedule (classId, subjectId, day, startTime, endTime, id) VALUES (2, 10, 'Thursday', '11:00', '12:00', 58);
INSERT INTO schedule (classId, subjectId, day, startTime, endTime, id) VALUES (2, 11, 'Thursday', '12:00', '13:00', 59);
INSERT INTO schedule (classId, subjectId, day, startTime, endTime, id) VALUES (2, 12, 'Thursday', '13:00', '14:00', 60);
INSERT INTO classRoom (name, schoolId, id) VALUES ('Class 3-A', 1, 3);
INSERT INTO user (userName, email, password, role, schoolId, createdAt, id) VALUES ('Teacher_Class 3-A_Mathematics', 'teacher_class3-a_0@school.com', '$2b$10$Qy3JFAtzk0AAWTOX2w2F0upESHTDjxG37ncd7T7OfOUWERSZMrYzK', 'teacher', 1, '2025-12-27T01:30:05.668Z', 54);
INSERT INTO subject (name, classId, teacherId, id) VALUES ('Mathematics', 3, 54, 13);
INSERT INTO user (userName, email, password, role, schoolId, createdAt, id) VALUES ('Teacher_Class 3-A_Physics', 'teacher_class3-a_1@school.com', '$2b$10$Qy3JFAtzk0AAWTOX2w2F0upESHTDjxG37ncd7T7OfOUWERSZMrYzK', 'teacher', 1, '2025-12-27T01:30:05.668Z', 55);
INSERT INTO subject (name, classId, teacherId, id) VALUES ('Physics', 3, 55, 14);
INSERT INTO user (userName, email, password, role, schoolId, createdAt, id) VALUES ('Teacher_Class 3-A_History', 'teacher_class3-a_2@school.com', '$2b$10$Qy3JFAtzk0AAWTOX2w2F0upESHTDjxG37ncd7T7OfOUWERSZMrYzK', 'teacher', 1, '2025-12-27T01:30:05.668Z', 56);
INSERT INTO subject (name, classId, teacherId, id) VALUES ('History', 3, 56, 15);
INSERT INTO user (userName, email, password, role, schoolId, createdAt, id) VALUES ('Teacher_Class 3-A_Biology', 'teacher_class3-a_3@school.com', '$2b$10$Qy3JFAtzk0AAWTOX2w2F0upESHTDjxG37ncd7T7OfOUWERSZMrYzK', 'teacher', 1, '2025-12-27T01:30:05.668Z', 57);
INSERT INTO subject (name, classId, teacherId, id) VALUES ('Biology', 3, 57, 16);
INSERT INTO user (userName, email, password, role, schoolId, createdAt, id) VALUES ('Teacher_Class 3-A_English', 'teacher_class3-a_4@school.com', '$2b$10$Qy3JFAtzk0AAWTOX2w2F0upESHTDjxG37ncd7T7OfOUWERSZMrYzK', 'teacher', 1, '2025-12-27T01:30:05.668Z', 58);
INSERT INTO subject (name, classId, teacherId, id) VALUES ('English', 3, 58, 17);
INSERT INTO user (userName, email, password, role, schoolId, createdAt, id) VALUES ('Teacher_Class 3-A_Computer Science', 'teacher_class3-a_5@school.com', '$2b$10$Qy3JFAtzk0AAWTOX2w2F0upESHTDjxG37ncd7T7OfOUWERSZMrYzK', 'teacher', 1, '2025-12-27T01:30:05.668Z', 59);
INSERT INTO subject (name, classId, teacherId, id) VALUES ('Computer Science', 3, 59, 18);
INSERT INTO user (userName, email, password, role, schoolId, classId, createdAt, id) VALUES ('Student_Class 3-A_1', 'student_class3-a_0@school.com', '$2b$10$Qy3JFAtzk0AAWTOX2w2F0upESHTDjxG37ncd7T7OfOUWERSZMrYzK', 'student', 1, 3, '2025-12-27T01:30:05.669Z', 60);
INSERT INTO studentGrades (studentId, subjectId, classId, score, id) VALUES (60, 13, 3, 82, 241);
INSERT INTO studentGrades (studentId, subjectId, classId, score, id) VALUES (60, 14, 3, 76, 242);
INSERT INTO studentGrades (studentId, subjectId, classId, score, id) VALUES (60, 15, 3, 75, 243);
INSERT INTO studentGrades (studentId, subjectId, classId, score, id) VALUES (60, 16, 3, 47, 244);
INSERT INTO studentGrades (studentId, subjectId, classId, score, id) VALUES (60, 17, 3, 54, 245);
INSERT INTO studentGrades (studentId, subjectId, classId, score, id) VALUES (60, 18, 3, 87, 246);
INSERT INTO user (userName, email, password, role, schoolId, classId, createdAt, id) VALUES ('Student_Class 3-A_2', 'student_class3-a_1@school.com', '$2b$10$Qy3JFAtzk0AAWTOX2w2F0upESHTDjxG37ncd7T7OfOUWERSZMrYzK', 'student', 1, 3, '2025-12-27T01:30:05.669Z', 61);
INSERT INTO studentGrades (studentId, subjectId, classId, score, id) VALUES (61, 13, 3, 54, 247);
INSERT INTO studentGrades (studentId, subjectId, classId, score, id) VALUES (61, 14, 3, 95, 248);
INSERT INTO studentGrades (studentId, subjectId, classId, score, id) VALUES (61, 15, 3, 62, 249);
INSERT INTO studentGrades (studentId, subjectId, classId, score, id) VALUES (61, 16, 3, 48, 250);
INSERT INTO studentGrades (studentId, subjectId, classId, score, id) VALUES (61, 17, 3, 85, 251);
INSERT INTO studentGrades (studentId, subjectId, classId, score, id) VALUES (61, 18, 3, 41, 252);
INSERT INTO user (userName, email, password, role, schoolId, classId, createdAt, id) VALUES ('Student_Class 3-A_3', 'student_class3-a_2@school.com', '$2b$10$Qy3JFAtzk0AAWTOX2w2F0upESHTDjxG37ncd7T7OfOUWERSZMrYzK', 'student', 1, 3, '2025-12-27T01:30:05.669Z', 62);
INSERT INTO studentGrades (studentId, subjectId, classId, score, id) VALUES (62, 13, 3, 99, 253);
INSERT INTO studentGrades (studentId, subjectId, classId, score, id) VALUES (62, 14, 3, 62, 254);
INSERT INTO studentGrades (studentId, subjectId, classId, score, id) VALUES (62, 15, 3, 62, 255);
INSERT INTO studentGrades (studentId, subjectId, classId, score, id) VALUES (62, 16, 3, 44, 256);
INSERT INTO studentGrades (studentId, subjectId, classId, score, id) VALUES (62, 17, 3, 68, 257);
INSERT INTO studentGrades (studentId, subjectId, classId, score, id) VALUES (62, 18, 3, 91, 258);
INSERT INTO user (userName, email, password, role, schoolId, classId, createdAt, id) VALUES ('Student_Class 3-A_4', 'student_class3-a_3@school.com', '$2b$10$Qy3JFAtzk0AAWTOX2w2F0upESHTDjxG37ncd7T7OfOUWERSZMrYzK', 'student', 1, 3, '2025-12-27T01:30:05.669Z', 63);
INSERT INTO studentGrades (studentId, subjectId, classId, score, id) VALUES (63, 13, 3, 77, 259);
INSERT INTO studentGrades (studentId, subjectId, classId, score, id) VALUES (63, 14, 3, 91, 260);
INSERT INTO studentGrades (studentId, subjectId, classId, score, id) VALUES (63, 15, 3, 69, 261);
INSERT INTO studentGrades (studentId, subjectId, classId, score, id) VALUES (63, 16, 3, 54, 262);
INSERT INTO studentGrades (studentId, subjectId, classId, score, id) VALUES (63, 17, 3, 59, 263);
INSERT INTO studentGrades (studentId, subjectId, classId, score, id) VALUES (63, 18, 3, 65, 264);
INSERT INTO user (userName, email, password, role, schoolId, classId, createdAt, id) VALUES ('Student_Class 3-A_5', 'student_class3-a_4@school.com', '$2b$10$Qy3JFAtzk0AAWTOX2w2F0upESHTDjxG37ncd7T7OfOUWERSZMrYzK', 'student', 1, 3, '2025-12-27T01:30:05.669Z', 64);
INSERT INTO studentGrades (studentId, subjectId, classId, score, id) VALUES (64, 13, 3, 76, 265);
INSERT INTO studentGrades (studentId, subjectId, classId, score, id) VALUES (64, 14, 3, 58, 266);
INSERT INTO studentGrades (studentId, subjectId, classId, score, id) VALUES (64, 15, 3, 42, 267);
INSERT INTO studentGrades (studentId, subjectId, classId, score, id) VALUES (64, 16, 3, 74, 268);
INSERT INTO studentGrades (studentId, subjectId, classId, score, id) VALUES (64, 17, 3, 88, 269);
INSERT INTO studentGrades (studentId, subjectId, classId, score, id) VALUES (64, 18, 3, 99, 270);
INSERT INTO user (userName, email, password, role, schoolId, classId, createdAt, id) VALUES ('Student_Class 3-A_6', 'student_class3-a_5@school.com', '$2b$10$Qy3JFAtzk0AAWTOX2w2F0upESHTDjxG37ncd7T7OfOUWERSZMrYzK', 'student', 1, 3, '2025-12-27T01:30:05.669Z', 65);
INSERT INTO studentGrades (studentId, subjectId, classId, score, id) VALUES (65, 13, 3, 87, 271);
INSERT INTO studentGrades (studentId, subjectId, classId, score, id) VALUES (65, 14, 3, 86, 272);
INSERT INTO studentGrades (studentId, subjectId, classId, score, id) VALUES (65, 15, 3, 47, 273);
INSERT INTO studentGrades (studentId, subjectId, classId, score, id) VALUES (65, 16, 3, 77, 274);
INSERT INTO studentGrades (studentId, subjectId, classId, score, id) VALUES (65, 17, 3, 82, 275);
INSERT INTO studentGrades (studentId, subjectId, classId, score, id) VALUES (65, 18, 3, 98, 276);
INSERT INTO user (userName, email, password, role, schoolId, classId, createdAt, id) VALUES ('Student_Class 3-A_7', 'student_class3-a_6@school.com', '$2b$10$Qy3JFAtzk0AAWTOX2w2F0upESHTDjxG37ncd7T7OfOUWERSZMrYzK', 'student', 1, 3, '2025-12-27T01:30:05.669Z', 66);
INSERT INTO studentGrades (studentId, subjectId, classId, score, id) VALUES (66, 13, 3, 62, 277);
INSERT INTO studentGrades (studentId, subjectId, classId, score, id) VALUES (66, 14, 3, 78, 278);
INSERT INTO studentGrades (studentId, subjectId, classId, score, id) VALUES (66, 15, 3, 58, 279);
INSERT INTO studentGrades (studentId, subjectId, classId, score, id) VALUES (66, 16, 3, 71, 280);
INSERT INTO studentGrades (studentId, subjectId, classId, score, id) VALUES (66, 17, 3, 71, 281);
INSERT INTO studentGrades (studentId, subjectId, classId, score, id) VALUES (66, 18, 3, 62, 282);
INSERT INTO user (userName, email, password, role, schoolId, classId, createdAt, id) VALUES ('Student_Class 3-A_8', 'student_class3-a_7@school.com', '$2b$10$Qy3JFAtzk0AAWTOX2w2F0upESHTDjxG37ncd7T7OfOUWERSZMrYzK', 'student', 1, 3, '2025-12-27T01:30:05.669Z', 67);
INSERT INTO studentGrades (studentId, subjectId, classId, score, id) VALUES (67, 13, 3, 100, 283);
INSERT INTO studentGrades (studentId, subjectId, classId, score, id) VALUES (67, 14, 3, 91, 284);
INSERT INTO studentGrades (studentId, subjectId, classId, score, id) VALUES (67, 15, 3, 70, 285);
INSERT INTO studentGrades (studentId, subjectId, classId, score, id) VALUES (67, 16, 3, 60, 286);
INSERT INTO studentGrades (studentId, subjectId, classId, score, id) VALUES (67, 17, 3, 81, 287);
INSERT INTO studentGrades (studentId, subjectId, classId, score, id) VALUES (67, 18, 3, 64, 288);
INSERT INTO user (userName, email, password, role, schoolId, classId, createdAt, id) VALUES ('Student_Class 3-A_9', 'student_class3-a_8@school.com', '$2b$10$Qy3JFAtzk0AAWTOX2w2F0upESHTDjxG37ncd7T7OfOUWERSZMrYzK', 'student', 1, 3, '2025-12-27T01:30:05.669Z', 68);
INSERT INTO studentGrades (studentId, subjectId, classId, score, id) VALUES (68, 13, 3, 50, 289);
INSERT INTO studentGrades (studentId, subjectId, classId, score, id) VALUES (68, 14, 3, 67, 290);
INSERT INTO studentGrades (studentId, subjectId, classId, score, id) VALUES (68, 15, 3, 78, 291);
INSERT INTO studentGrades (studentId, subjectId, classId, score, id) VALUES (68, 16, 3, 71, 292);
INSERT INTO studentGrades (studentId, subjectId, classId, score, id) VALUES (68, 17, 3, 40, 293);
INSERT INTO studentGrades (studentId, subjectId, classId, score, id) VALUES (68, 18, 3, 42, 294);
INSERT INTO user (userName, email, password, role, schoolId, classId, createdAt, id) VALUES ('Student_Class 3-A_10', 'student_class3-a_9@school.com', '$2b$10$Qy3JFAtzk0AAWTOX2w2F0upESHTDjxG37ncd7T7OfOUWERSZMrYzK', 'student', 1, 3, '2025-12-27T01:30:05.669Z', 69);
INSERT INTO studentGrades (studentId, subjectId, classId, score, id) VALUES (69, 13, 3, 83, 295);
INSERT INTO studentGrades (studentId, subjectId, classId, score, id) VALUES (69, 14, 3, 87, 296);
INSERT INTO studentGrades (studentId, subjectId, classId, score, id) VALUES (69, 15, 3, 99, 297);
INSERT INTO studentGrades (studentId, subjectId, classId, score, id) VALUES (69, 16, 3, 55, 298);
INSERT INTO studentGrades (studentId, subjectId, classId, score, id) VALUES (69, 17, 3, 47, 299);
INSERT INTO studentGrades (studentId, subjectId, classId, score, id) VALUES (69, 18, 3, 87, 300);
INSERT INTO user (userName, email, password, role, schoolId, classId, createdAt, id) VALUES ('Student_Class 3-A_11', 'student_class3-a_10@school.com', '$2b$10$Qy3JFAtzk0AAWTOX2w2F0upESHTDjxG37ncd7T7OfOUWERSZMrYzK', 'student', 1, 3, '2025-12-27T01:30:05.669Z', 70);
INSERT INTO studentGrades (studentId, subjectId, classId, score, id) VALUES (70, 13, 3, 99, 301);
INSERT INTO studentGrades (studentId, subjectId, classId, score, id) VALUES (70, 14, 3, 99, 302);
INSERT INTO studentGrades (studentId, subjectId, classId, score, id) VALUES (70, 15, 3, 100, 303);
INSERT INTO studentGrades (studentId, subjectId, classId, score, id) VALUES (70, 16, 3, 88, 304);
INSERT INTO studentGrades (studentId, subjectId, classId, score, id) VALUES (70, 17, 3, 85, 305);
INSERT INTO studentGrades (studentId, subjectId, classId, score, id) VALUES (70, 18, 3, 93, 306);
INSERT INTO user (userName, email, password, role, schoolId, classId, createdAt, id) VALUES ('Student_Class 3-A_12', 'student_class3-a_11@school.com', '$2b$10$Qy3JFAtzk0AAWTOX2w2F0upESHTDjxG37ncd7T7OfOUWERSZMrYzK', 'student', 1, 3, '2025-12-27T01:30:05.669Z', 71);
INSERT INTO studentGrades (studentId, subjectId, classId, score, id) VALUES (71, 13, 3, 55, 307);
INSERT INTO studentGrades (studentId, subjectId, classId, score, id) VALUES (71, 14, 3, 85, 308);
INSERT INTO studentGrades (studentId, subjectId, classId, score, id) VALUES (71, 15, 3, 62, 309);
INSERT INTO studentGrades (studentId, subjectId, classId, score, id) VALUES (71, 16, 3, 62, 310);
INSERT INTO studentGrades (studentId, subjectId, classId, score, id) VALUES (71, 17, 3, 87, 311);
INSERT INTO studentGrades (studentId, subjectId, classId, score, id) VALUES (71, 18, 3, 50, 312);
INSERT INTO user (userName, email, password, role, schoolId, classId, createdAt, id) VALUES ('Student_Class 3-A_13', 'student_class3-a_12@school.com', '$2b$10$Qy3JFAtzk0AAWTOX2w2F0upESHTDjxG37ncd7T7OfOUWERSZMrYzK', 'student', 1, 3, '2025-12-27T01:30:05.669Z', 72);
INSERT INTO studentGrades (studentId, subjectId, classId, score, id) VALUES (72, 13, 3, 78, 313);
INSERT INTO studentGrades (studentId, subjectId, classId, score, id) VALUES (72, 14, 3, 70, 314);
INSERT INTO studentGrades (studentId, subjectId, classId, score, id) VALUES (72, 15, 3, 95, 315);
INSERT INTO studentGrades (studentId, subjectId, classId, score, id) VALUES (72, 16, 3, 95, 316);
INSERT INTO studentGrades (studentId, subjectId, classId, score, id) VALUES (72, 17, 3, 87, 317);
INSERT INTO studentGrades (studentId, subjectId, classId, score, id) VALUES (72, 18, 3, 73, 318);
INSERT INTO user (userName, email, password, role, schoolId, classId, createdAt, id) VALUES ('Student_Class 3-A_14', 'student_class3-a_13@school.com', '$2b$10$Qy3JFAtzk0AAWTOX2w2F0upESHTDjxG37ncd7T7OfOUWERSZMrYzK', 'student', 1, 3, '2025-12-27T01:30:05.669Z', 73);
INSERT INTO studentGrades (studentId, subjectId, classId, score, id) VALUES (73, 13, 3, 43, 319);
INSERT INTO studentGrades (studentId, subjectId, classId, score, id) VALUES (73, 14, 3, 63, 320);
INSERT INTO studentGrades (studentId, subjectId, classId, score, id) VALUES (73, 15, 3, 90, 321);
INSERT INTO studentGrades (studentId, subjectId, classId, score, id) VALUES (73, 16, 3, 75, 322);
INSERT INTO studentGrades (studentId, subjectId, classId, score, id) VALUES (73, 17, 3, 57, 323);
INSERT INTO studentGrades (studentId, subjectId, classId, score, id) VALUES (73, 18, 3, 96, 324);
INSERT INTO user (userName, email, password, role, schoolId, classId, createdAt, id) VALUES ('Student_Class 3-A_15', 'student_class3-a_14@school.com', '$2b$10$Qy3JFAtzk0AAWTOX2w2F0upESHTDjxG37ncd7T7OfOUWERSZMrYzK', 'student', 1, 3, '2025-12-27T01:30:05.669Z', 74);
INSERT INTO studentGrades (studentId, subjectId, classId, score, id) VALUES (74, 13, 3, 94, 325);
INSERT INTO studentGrades (studentId, subjectId, classId, score, id) VALUES (74, 14, 3, 100, 326);
INSERT INTO studentGrades (studentId, subjectId, classId, score, id) VALUES (74, 15, 3, 80, 327);
INSERT INTO studentGrades (studentId, subjectId, classId, score, id) VALUES (74, 16, 3, 66, 328);
INSERT INTO studentGrades (studentId, subjectId, classId, score, id) VALUES (74, 17, 3, 60, 329);
INSERT INTO studentGrades (studentId, subjectId, classId, score, id) VALUES (74, 18, 3, 48, 330);
INSERT INTO user (userName, email, password, role, schoolId, classId, createdAt, id) VALUES ('Student_Class 3-A_16', 'student_class3-a_15@school.com', '$2b$10$Qy3JFAtzk0AAWTOX2w2F0upESHTDjxG37ncd7T7OfOUWERSZMrYzK', 'student', 1, 3, '2025-12-27T01:30:05.669Z', 75);
INSERT INTO studentGrades (studentId, subjectId, classId, score, id) VALUES (75, 13, 3, 46, 331);
INSERT INTO studentGrades (studentId, subjectId, classId, score, id) VALUES (75, 14, 3, 68, 332);
INSERT INTO studentGrades (studentId, subjectId, classId, score, id) VALUES (75, 15, 3, 67, 333);
INSERT INTO studentGrades (studentId, subjectId, classId, score, id) VALUES (75, 16, 3, 90, 334);
INSERT INTO studentGrades (studentId, subjectId, classId, score, id) VALUES (75, 17, 3, 50, 335);
INSERT INTO studentGrades (studentId, subjectId, classId, score, id) VALUES (75, 18, 3, 95, 336);
INSERT INTO user (userName, email, password, role, schoolId, classId, createdAt, id) VALUES ('Student_Class 3-A_17', 'student_class3-a_16@school.com', '$2b$10$Qy3JFAtzk0AAWTOX2w2F0upESHTDjxG37ncd7T7OfOUWERSZMrYzK', 'student', 1, 3, '2025-12-27T01:30:05.669Z', 76);
INSERT INTO studentGrades (studentId, subjectId, classId, score, id) VALUES (76, 13, 3, 86, 337);
INSERT INTO studentGrades (studentId, subjectId, classId, score, id) VALUES (76, 14, 3, 83, 338);
INSERT INTO studentGrades (studentId, subjectId, classId, score, id) VALUES (76, 15, 3, 94, 339);
INSERT INTO studentGrades (studentId, subjectId, classId, score, id) VALUES (76, 16, 3, 81, 340);
INSERT INTO studentGrades (studentId, subjectId, classId, score, id) VALUES (76, 17, 3, 64, 341);
INSERT INTO studentGrades (studentId, subjectId, classId, score, id) VALUES (76, 18, 3, 44, 342);
INSERT INTO user (userName, email, password, role, schoolId, classId, createdAt, id) VALUES ('Student_Class 3-A_18', 'student_class3-a_17@school.com', '$2b$10$Qy3JFAtzk0AAWTOX2w2F0upESHTDjxG37ncd7T7OfOUWERSZMrYzK', 'student', 1, 3, '2025-12-27T01:30:05.669Z', 77);
INSERT INTO studentGrades (studentId, subjectId, classId, score, id) VALUES (77, 13, 3, 41, 343);
INSERT INTO studentGrades (studentId, subjectId, classId, score, id) VALUES (77, 14, 3, 93, 344);
INSERT INTO studentGrades (studentId, subjectId, classId, score, id) VALUES (77, 15, 3, 97, 345);
INSERT INTO studentGrades (studentId, subjectId, classId, score, id) VALUES (77, 16, 3, 95, 346);
INSERT INTO studentGrades (studentId, subjectId, classId, score, id) VALUES (77, 17, 3, 47, 347);
INSERT INTO studentGrades (studentId, subjectId, classId, score, id) VALUES (77, 18, 3, 57, 348);
INSERT INTO user (userName, email, password, role, schoolId, classId, createdAt, id) VALUES ('Student_Class 3-A_19', 'student_class3-a_18@school.com', '$2b$10$Qy3JFAtzk0AAWTOX2w2F0upESHTDjxG37ncd7T7OfOUWERSZMrYzK', 'student', 1, 3, '2025-12-27T01:30:05.669Z', 78);
INSERT INTO studentGrades (studentId, subjectId, classId, score, id) VALUES (78, 13, 3, 89, 349);
INSERT INTO studentGrades (studentId, subjectId, classId, score, id) VALUES (78, 14, 3, 44, 350);
INSERT INTO studentGrades (studentId, subjectId, classId, score, id) VALUES (78, 15, 3, 67, 351);
INSERT INTO studentGrades (studentId, subjectId, classId, score, id) VALUES (78, 16, 3, 60, 352);
INSERT INTO studentGrades (studentId, subjectId, classId, score, id) VALUES (78, 17, 3, 55, 353);
INSERT INTO studentGrades (studentId, subjectId, classId, score, id) VALUES (78, 18, 3, 84, 354);
INSERT INTO user (userName, email, password, role, schoolId, classId, createdAt, id) VALUES ('Student_Class 3-A_20', 'student_class3-a_19@school.com', '$2b$10$Qy3JFAtzk0AAWTOX2w2F0upESHTDjxG37ncd7T7OfOUWERSZMrYzK', 'student', 1, 3, '2025-12-27T01:30:05.669Z', 79);
INSERT INTO studentGrades (studentId, subjectId, classId, score, id) VALUES (79, 13, 3, 81, 355);
INSERT INTO studentGrades (studentId, subjectId, classId, score, id) VALUES (79, 14, 3, 58, 356);
INSERT INTO studentGrades (studentId, subjectId, classId, score, id) VALUES (79, 15, 3, 79, 357);
INSERT INTO studentGrades (studentId, subjectId, classId, score, id) VALUES (79, 16, 3, 57, 358);
INSERT INTO studentGrades (studentId, subjectId, classId, score, id) VALUES (79, 17, 3, 76, 359);
INSERT INTO studentGrades (studentId, subjectId, classId, score, id) VALUES (79, 18, 3, 68, 360);
INSERT INTO schedule (classId, subjectId, day, startTime, endTime, id) VALUES (3, 13, 'Sunday', '08:00', '09:00', 61);
INSERT INTO schedule (classId, subjectId, day, startTime, endTime, id) VALUES (3, 14, 'Sunday', '09:00', '10:00', 62);
INSERT INTO schedule (classId, subjectId, day, startTime, endTime, id) VALUES (3, 15, 'Sunday', '10:00', '11:00', 63);
INSERT INTO schedule (classId, subjectId, day, startTime, endTime, id) VALUES (3, 16, 'Sunday', '11:00', '12:00', 64);
INSERT INTO schedule (classId, subjectId, day, startTime, endTime, id) VALUES (3, 17, 'Sunday', '12:00', '13:00', 65);
INSERT INTO schedule (classId, subjectId, day, startTime, endTime, id) VALUES (3, 18, 'Sunday', '13:00', '14:00', 66);
INSERT INTO schedule (classId, subjectId, day, startTime, endTime, id) VALUES (3, 13, 'Monday', '08:00', '09:00', 67);
INSERT INTO schedule (classId, subjectId, day, startTime, endTime, id) VALUES (3, 14, 'Monday', '09:00', '10:00', 68);
INSERT INTO schedule (classId, subjectId, day, startTime, endTime, id) VALUES (3, 15, 'Monday', '10:00', '11:00', 69);
INSERT INTO schedule (classId, subjectId, day, startTime, endTime, id) VALUES (3, 16, 'Monday', '11:00', '12:00', 70);
INSERT INTO schedule (classId, subjectId, day, startTime, endTime, id) VALUES (3, 17, 'Monday', '12:00', '13:00', 71);
INSERT INTO schedule (classId, subjectId, day, startTime, endTime, id) VALUES (3, 18, 'Monday', '13:00', '14:00', 72);
INSERT INTO schedule (classId, subjectId, day, startTime, endTime, id) VALUES (3, 13, 'Tuesday', '08:00', '09:00', 73);
INSERT INTO schedule (classId, subjectId, day, startTime, endTime, id) VALUES (3, 14, 'Tuesday', '09:00', '10:00', 74);
INSERT INTO schedule (classId, subjectId, day, startTime, endTime, id) VALUES (3, 15, 'Tuesday', '10:00', '11:00', 75);
INSERT INTO schedule (classId, subjectId, day, startTime, endTime, id) VALUES (3, 16, 'Tuesday', '11:00', '12:00', 76);
INSERT INTO schedule (classId, subjectId, day, startTime, endTime, id) VALUES (3, 17, 'Tuesday', '12:00', '13:00', 77);
INSERT INTO schedule (classId, subjectId, day, startTime, endTime, id) VALUES (3, 18, 'Tuesday', '13:00', '14:00', 78);
INSERT INTO schedule (classId, subjectId, day, startTime, endTime, id) VALUES (3, 13, 'Wednesday', '08:00', '09:00', 79);
INSERT INTO schedule (classId, subjectId, day, startTime, endTime, id) VALUES (3, 14, 'Wednesday', '09:00', '10:00', 80);
INSERT INTO schedule (classId, subjectId, day, startTime, endTime, id) VALUES (3, 15, 'Wednesday', '10:00', '11:00', 81);
INSERT INTO schedule (classId, subjectId, day, startTime, endTime, id) VALUES (3, 16, 'Wednesday', '11:00', '12:00', 82);
INSERT INTO schedule (classId, subjectId, day, startTime, endTime, id) VALUES (3, 17, 'Wednesday', '12:00', '13:00', 83);
INSERT INTO schedule (classId, subjectId, day, startTime, endTime, id) VALUES (3, 18, 'Wednesday', '13:00', '14:00', 84);
INSERT INTO schedule (classId, subjectId, day, startTime, endTime, id) VALUES (3, 13, 'Thursday', '08:00', '09:00', 85);
INSERT INTO schedule (classId, subjectId, day, startTime, endTime, id) VALUES (3, 14, 'Thursday', '09:00', '10:00', 86);
INSERT INTO schedule (classId, subjectId, day, startTime, endTime, id) VALUES (3, 15, 'Thursday', '10:00', '11:00', 87);
INSERT INTO schedule (classId, subjectId, day, startTime, endTime, id) VALUES (3, 16, 'Thursday', '11:00', '12:00', 88);
INSERT INTO schedule (classId, subjectId, day, startTime, endTime, id) VALUES (3, 17, 'Thursday', '12:00', '13:00', 89);
INSERT INTO schedule (classId, subjectId, day, startTime, endTime, id) VALUES (3, 18, 'Thursday', '13:00', '14:00', 90);
INSERT INTO classRoom (name, schoolId, id) VALUES ('Class 4-A', 1, 4);
INSERT INTO user (userName, email, password, role, schoolId, createdAt, id) VALUES ('Teacher_Class 4-A_Mathematics', 'teacher_class4-a_0@school.com', '$2b$10$Qy3JFAtzk0AAWTOX2w2F0upESHTDjxG37ncd7T7OfOUWERSZMrYzK', 'teacher', 1, '2025-12-27T01:30:05.669Z', 80);
INSERT INTO subject (name, classId, teacherId, id) VALUES ('Mathematics', 4, 80, 19);
INSERT INTO user (userName, email, password, role, schoolId, createdAt, id) VALUES ('Teacher_Class 4-A_Physics', 'teacher_class4-a_1@school.com', '$2b$10$Qy3JFAtzk0AAWTOX2w2F0upESHTDjxG37ncd7T7OfOUWERSZMrYzK', 'teacher', 1, '2025-12-27T01:30:05.669Z', 81);
INSERT INTO subject (name, classId, teacherId, id) VALUES ('Physics', 4, 81, 20);
INSERT INTO user (userName, email, password, role, schoolId, createdAt, id) VALUES ('Teacher_Class 4-A_History', 'teacher_class4-a_2@school.com', '$2b$10$Qy3JFAtzk0AAWTOX2w2F0upESHTDjxG37ncd7T7OfOUWERSZMrYzK', 'teacher', 1, '2025-12-27T01:30:05.669Z', 82);
INSERT INTO subject (name, classId, teacherId, id) VALUES ('History', 4, 82, 21);
INSERT INTO user (userName, email, password, role, schoolId, createdAt, id) VALUES ('Teacher_Class 4-A_Biology', 'teacher_class4-a_3@school.com', '$2b$10$Qy3JFAtzk0AAWTOX2w2F0upESHTDjxG37ncd7T7OfOUWERSZMrYzK', 'teacher', 1, '2025-12-27T01:30:05.669Z', 83);
INSERT INTO subject (name, classId, teacherId, id) VALUES ('Biology', 4, 83, 22);
INSERT INTO user (userName, email, password, role, schoolId, createdAt, id) VALUES ('Teacher_Class 4-A_English', 'teacher_class4-a_4@school.com', '$2b$10$Qy3JFAtzk0AAWTOX2w2F0upESHTDjxG37ncd7T7OfOUWERSZMrYzK', 'teacher', 1, '2025-12-27T01:30:05.669Z', 84);
INSERT INTO subject (name, classId, teacherId, id) VALUES ('English', 4, 84, 23);
INSERT INTO user (userName, email, password, role, schoolId, createdAt, id) VALUES ('Teacher_Class 4-A_Computer Science', 'teacher_class4-a_5@school.com', '$2b$10$Qy3JFAtzk0AAWTOX2w2F0upESHTDjxG37ncd7T7OfOUWERSZMrYzK', 'teacher', 1, '2025-12-27T01:30:05.669Z', 85);
INSERT INTO subject (name, classId, teacherId, id) VALUES ('Computer Science', 4, 85, 24);
INSERT INTO user (userName, email, password, role, schoolId, classId, createdAt, id) VALUES ('Student_Class 4-A_1', 'student_class4-a_0@school.com', '$2b$10$Qy3JFAtzk0AAWTOX2w2F0upESHTDjxG37ncd7T7OfOUWERSZMrYzK', 'student', 1, 4, '2025-12-27T01:30:05.669Z', 86);
INSERT INTO studentGrades (studentId, subjectId, classId, score, id) VALUES (86, 19, 4, 42, 361);
INSERT INTO studentGrades (studentId, subjectId, classId, score, id) VALUES (86, 20, 4, 40, 362);
INSERT INTO studentGrades (studentId, subjectId, classId, score, id) VALUES (86, 21, 4, 60, 363);
INSERT INTO studentGrades (studentId, subjectId, classId, score, id) VALUES (86, 22, 4, 73, 364);
INSERT INTO studentGrades (studentId, subjectId, classId, score, id) VALUES (86, 23, 4, 58, 365);
INSERT INTO studentGrades (studentId, subjectId, classId, score, id) VALUES (86, 24, 4, 83, 366);
INSERT INTO user (userName, email, password, role, schoolId, classId, createdAt, id) VALUES ('Student_Class 4-A_2', 'student_class4-a_1@school.com', '$2b$10$Qy3JFAtzk0AAWTOX2w2F0upESHTDjxG37ncd7T7OfOUWERSZMrYzK', 'student', 1, 4, '2025-12-27T01:30:05.669Z', 87);
INSERT INTO studentGrades (studentId, subjectId, classId, score, id) VALUES (87, 19, 4, 46, 367);
INSERT INTO studentGrades (studentId, subjectId, classId, score, id) VALUES (87, 20, 4, 58, 368);
INSERT INTO studentGrades (studentId, subjectId, classId, score, id) VALUES (87, 21, 4, 79, 369);
INSERT INTO studentGrades (studentId, subjectId, classId, score, id) VALUES (87, 22, 4, 84, 370);
INSERT INTO studentGrades (studentId, subjectId, classId, score, id) VALUES (87, 23, 4, 93, 371);
INSERT INTO studentGrades (studentId, subjectId, classId, score, id) VALUES (87, 24, 4, 56, 372);
INSERT INTO user (userName, email, password, role, schoolId, classId, createdAt, id) VALUES ('Student_Class 4-A_3', 'student_class4-a_2@school.com', '$2b$10$Qy3JFAtzk0AAWTOX2w2F0upESHTDjxG37ncd7T7OfOUWERSZMrYzK', 'student', 1, 4, '2025-12-27T01:30:05.669Z', 88);
INSERT INTO studentGrades (studentId, subjectId, classId, score, id) VALUES (88, 19, 4, 58, 373);
INSERT INTO studentGrades (studentId, subjectId, classId, score, id) VALUES (88, 20, 4, 89, 374);
INSERT INTO studentGrades (studentId, subjectId, classId, score, id) VALUES (88, 21, 4, 62, 375);
INSERT INTO studentGrades (studentId, subjectId, classId, score, id) VALUES (88, 22, 4, 94, 376);
INSERT INTO studentGrades (studentId, subjectId, classId, score, id) VALUES (88, 23, 4, 70, 377);
INSERT INTO studentGrades (studentId, subjectId, classId, score, id) VALUES (88, 24, 4, 93, 378);
INSERT INTO user (userName, email, password, role, schoolId, classId, createdAt, id) VALUES ('Student_Class 4-A_4', 'student_class4-a_3@school.com', '$2b$10$Qy3JFAtzk0AAWTOX2w2F0upESHTDjxG37ncd7T7OfOUWERSZMrYzK', 'student', 1, 4, '2025-12-27T01:30:05.669Z', 89);
INSERT INTO studentGrades (studentId, subjectId, classId, score, id) VALUES (89, 19, 4, 87, 379);
INSERT INTO studentGrades (studentId, subjectId, classId, score, id) VALUES (89, 20, 4, 59, 380);
INSERT INTO studentGrades (studentId, subjectId, classId, score, id) VALUES (89, 21, 4, 94, 381);
INSERT INTO studentGrades (studentId, subjectId, classId, score, id) VALUES (89, 22, 4, 53, 382);
INSERT INTO studentGrades (studentId, subjectId, classId, score, id) VALUES (89, 23, 4, 78, 383);
INSERT INTO studentGrades (studentId, subjectId, classId, score, id) VALUES (89, 24, 4, 98, 384);
INSERT INTO user (userName, email, password, role, schoolId, classId, createdAt, id) VALUES ('Student_Class 4-A_5', 'student_class4-a_4@school.com', '$2b$10$Qy3JFAtzk0AAWTOX2w2F0upESHTDjxG37ncd7T7OfOUWERSZMrYzK', 'student', 1, 4, '2025-12-27T01:30:05.669Z', 90);
INSERT INTO studentGrades (studentId, subjectId, classId, score, id) VALUES (90, 19, 4, 56, 385);
INSERT INTO studentGrades (studentId, subjectId, classId, score, id) VALUES (90, 20, 4, 56, 386);
INSERT INTO studentGrades (studentId, subjectId, classId, score, id) VALUES (90, 21, 4, 68, 387);
INSERT INTO studentGrades (studentId, subjectId, classId, score, id) VALUES (90, 22, 4, 64, 388);
INSERT INTO studentGrades (studentId, subjectId, classId, score, id) VALUES (90, 23, 4, 45, 389);
INSERT INTO studentGrades (studentId, subjectId, classId, score, id) VALUES (90, 24, 4, 64, 390);
INSERT INTO user (userName, email, password, role, schoolId, classId, createdAt, id) VALUES ('Student_Class 4-A_6', 'student_class4-a_5@school.com', '$2b$10$Qy3JFAtzk0AAWTOX2w2F0upESHTDjxG37ncd7T7OfOUWERSZMrYzK', 'student', 1, 4, '2025-12-27T01:30:05.669Z', 91);
INSERT INTO studentGrades (studentId, subjectId, classId, score, id) VALUES (91, 19, 4, 76, 391);
INSERT INTO studentGrades (studentId, subjectId, classId, score, id) VALUES (91, 20, 4, 96, 392);
INSERT INTO studentGrades (studentId, subjectId, classId, score, id) VALUES (91, 21, 4, 90, 393);
INSERT INTO studentGrades (studentId, subjectId, classId, score, id) VALUES (91, 22, 4, 92, 394);
INSERT INTO studentGrades (studentId, subjectId, classId, score, id) VALUES (91, 23, 4, 95, 395);
INSERT INTO studentGrades (studentId, subjectId, classId, score, id) VALUES (91, 24, 4, 51, 396);
INSERT INTO user (userName, email, password, role, schoolId, classId, createdAt, id) VALUES ('Student_Class 4-A_7', 'student_class4-a_6@school.com', '$2b$10$Qy3JFAtzk0AAWTOX2w2F0upESHTDjxG37ncd7T7OfOUWERSZMrYzK', 'student', 1, 4, '2025-12-27T01:30:05.669Z', 92);
INSERT INTO studentGrades (studentId, subjectId, classId, score, id) VALUES (92, 19, 4, 43, 397);
INSERT INTO studentGrades (studentId, subjectId, classId, score, id) VALUES (92, 20, 4, 77, 398);
INSERT INTO studentGrades (studentId, subjectId, classId, score, id) VALUES (92, 21, 4, 78, 399);
INSERT INTO studentGrades (studentId, subjectId, classId, score, id) VALUES (92, 22, 4, 81, 400);
INSERT INTO studentGrades (studentId, subjectId, classId, score, id) VALUES (92, 23, 4, 50, 401);
INSERT INTO studentGrades (studentId, subjectId, classId, score, id) VALUES (92, 24, 4, 73, 402);
INSERT INTO user (userName, email, password, role, schoolId, classId, createdAt, id) VALUES ('Student_Class 4-A_8', 'student_class4-a_7@school.com', '$2b$10$Qy3JFAtzk0AAWTOX2w2F0upESHTDjxG37ncd7T7OfOUWERSZMrYzK', 'student', 1, 4, '2025-12-27T01:30:05.669Z', 93);
INSERT INTO studentGrades (studentId, subjectId, classId, score, id) VALUES (93, 19, 4, 53, 403);
INSERT INTO studentGrades (studentId, subjectId, classId, score, id) VALUES (93, 20, 4, 61, 404);
INSERT INTO studentGrades (studentId, subjectId, classId, score, id) VALUES (93, 21, 4, 43, 405);
INSERT INTO studentGrades (studentId, subjectId, classId, score, id) VALUES (93, 22, 4, 40, 406);
INSERT INTO studentGrades (studentId, subjectId, classId, score, id) VALUES (93, 23, 4, 75, 407);
INSERT INTO studentGrades (studentId, subjectId, classId, score, id) VALUES (93, 24, 4, 76, 408);
INSERT INTO user (userName, email, password, role, schoolId, classId, createdAt, id) VALUES ('Student_Class 4-A_9', 'student_class4-a_8@school.com', '$2b$10$Qy3JFAtzk0AAWTOX2w2F0upESHTDjxG37ncd7T7OfOUWERSZMrYzK', 'student', 1, 4, '2025-12-27T01:30:05.669Z', 94);
INSERT INTO studentGrades (studentId, subjectId, classId, score, id) VALUES (94, 19, 4, 92, 409);
INSERT INTO studentGrades (studentId, subjectId, classId, score, id) VALUES (94, 20, 4, 49, 410);
INSERT INTO studentGrades (studentId, subjectId, classId, score, id) VALUES (94, 21, 4, 69, 411);
INSERT INTO studentGrades (studentId, subjectId, classId, score, id) VALUES (94, 22, 4, 52, 412);
INSERT INTO studentGrades (studentId, subjectId, classId, score, id) VALUES (94, 23, 4, 70, 413);
INSERT INTO studentGrades (studentId, subjectId, classId, score, id) VALUES (94, 24, 4, 63, 414);
INSERT INTO user (userName, email, password, role, schoolId, classId, createdAt, id) VALUES ('Student_Class 4-A_10', 'student_class4-a_9@school.com', '$2b$10$Qy3JFAtzk0AAWTOX2w2F0upESHTDjxG37ncd7T7OfOUWERSZMrYzK', 'student', 1, 4, '2025-12-27T01:30:05.669Z', 95);
INSERT INTO studentGrades (studentId, subjectId, classId, score, id) VALUES (95, 19, 4, 69, 415);
INSERT INTO studentGrades (studentId, subjectId, classId, score, id) VALUES (95, 20, 4, 76, 416);
INSERT INTO studentGrades (studentId, subjectId, classId, score, id) VALUES (95, 21, 4, 99, 417);
INSERT INTO studentGrades (studentId, subjectId, classId, score, id) VALUES (95, 22, 4, 70, 418);
INSERT INTO studentGrades (studentId, subjectId, classId, score, id) VALUES (95, 23, 4, 66, 419);
INSERT INTO studentGrades (studentId, subjectId, classId, score, id) VALUES (95, 24, 4, 66, 420);
INSERT INTO user (userName, email, password, role, schoolId, classId, createdAt, id) VALUES ('Student_Class 4-A_11', 'student_class4-a_10@school.com', '$2b$10$Qy3JFAtzk0AAWTOX2w2F0upESHTDjxG37ncd7T7OfOUWERSZMrYzK', 'student', 1, 4, '2025-12-27T01:30:05.669Z', 96);
INSERT INTO studentGrades (studentId, subjectId, classId, score, id) VALUES (96, 19, 4, 59, 421);
INSERT INTO studentGrades (studentId, subjectId, classId, score, id) VALUES (96, 20, 4, 96, 422);
INSERT INTO studentGrades (studentId, subjectId, classId, score, id) VALUES (96, 21, 4, 73, 423);
INSERT INTO studentGrades (studentId, subjectId, classId, score, id) VALUES (96, 22, 4, 69, 424);
INSERT INTO studentGrades (studentId, subjectId, classId, score, id) VALUES (96, 23, 4, 75, 425);
INSERT INTO studentGrades (studentId, subjectId, classId, score, id) VALUES (96, 24, 4, 95, 426);
INSERT INTO user (userName, email, password, role, schoolId, classId, createdAt, id) VALUES ('Student_Class 4-A_12', 'student_class4-a_11@school.com', '$2b$10$Qy3JFAtzk0AAWTOX2w2F0upESHTDjxG37ncd7T7OfOUWERSZMrYzK', 'student', 1, 4, '2025-12-27T01:30:05.669Z', 97);
INSERT INTO studentGrades (studentId, subjectId, classId, score, id) VALUES (97, 19, 4, 88, 427);
INSERT INTO studentGrades (studentId, subjectId, classId, score, id) VALUES (97, 20, 4, 90, 428);
INSERT INTO studentGrades (studentId, subjectId, classId, score, id) VALUES (97, 21, 4, 40, 429);
INSERT INTO studentGrades (studentId, subjectId, classId, score, id) VALUES (97, 22, 4, 97, 430);
INSERT INTO studentGrades (studentId, subjectId, classId, score, id) VALUES (97, 23, 4, 54, 431);
INSERT INTO studentGrades (studentId, subjectId, classId, score, id) VALUES (97, 24, 4, 68, 432);
INSERT INTO user (userName, email, password, role, schoolId, classId, createdAt, id) VALUES ('Student_Class 4-A_13', 'student_class4-a_12@school.com', '$2b$10$Qy3JFAtzk0AAWTOX2w2F0upESHTDjxG37ncd7T7OfOUWERSZMrYzK', 'student', 1, 4, '2025-12-27T01:30:05.669Z', 98);
INSERT INTO studentGrades (studentId, subjectId, classId, score, id) VALUES (98, 19, 4, 51, 433);
INSERT INTO studentGrades (studentId, subjectId, classId, score, id) VALUES (98, 20, 4, 75, 434);
INSERT INTO studentGrades (studentId, subjectId, classId, score, id) VALUES (98, 21, 4, 70, 435);
INSERT INTO studentGrades (studentId, subjectId, classId, score, id) VALUES (98, 22, 4, 68, 436);
INSERT INTO studentGrades (studentId, subjectId, classId, score, id) VALUES (98, 23, 4, 67, 437);
INSERT INTO studentGrades (studentId, subjectId, classId, score, id) VALUES (98, 24, 4, 62, 438);
INSERT INTO user (userName, email, password, role, schoolId, classId, createdAt, id) VALUES ('Student_Class 4-A_14', 'student_class4-a_13@school.com', '$2b$10$Qy3JFAtzk0AAWTOX2w2F0upESHTDjxG37ncd7T7OfOUWERSZMrYzK', 'student', 1, 4, '2025-12-27T01:30:05.669Z', 99);
INSERT INTO studentGrades (studentId, subjectId, classId, score, id) VALUES (99, 19, 4, 88, 439);
INSERT INTO studentGrades (studentId, subjectId, classId, score, id) VALUES (99, 20, 4, 76, 440);
INSERT INTO studentGrades (studentId, subjectId, classId, score, id) VALUES (99, 21, 4, 40, 441);
INSERT INTO studentGrades (studentId, subjectId, classId, score, id) VALUES (99, 22, 4, 93, 442);
INSERT INTO studentGrades (studentId, subjectId, classId, score, id) VALUES (99, 23, 4, 80, 443);
INSERT INTO studentGrades (studentId, subjectId, classId, score, id) VALUES (99, 24, 4, 65, 444);
INSERT INTO user (userName, email, password, role, schoolId, classId, createdAt, id) VALUES ('Student_Class 4-A_15', 'student_class4-a_14@school.com', '$2b$10$Qy3JFAtzk0AAWTOX2w2F0upESHTDjxG37ncd7T7OfOUWERSZMrYzK', 'student', 1, 4, '2025-12-27T01:30:05.669Z', 100);
INSERT INTO studentGrades (studentId, subjectId, classId, score, id) VALUES (100, 19, 4, 44, 445);
INSERT INTO studentGrades (studentId, subjectId, classId, score, id) VALUES (100, 20, 4, 44, 446);
INSERT INTO studentGrades (studentId, subjectId, classId, score, id) VALUES (100, 21, 4, 75, 447);
INSERT INTO studentGrades (studentId, subjectId, classId, score, id) VALUES (100, 22, 4, 49, 448);
INSERT INTO studentGrades (studentId, subjectId, classId, score, id) VALUES (100, 23, 4, 83, 449);
INSERT INTO studentGrades (studentId, subjectId, classId, score, id) VALUES (100, 24, 4, 63, 450);
INSERT INTO user (userName, email, password, role, schoolId, classId, createdAt, id) VALUES ('Student_Class 4-A_16', 'student_class4-a_15@school.com', '$2b$10$Qy3JFAtzk0AAWTOX2w2F0upESHTDjxG37ncd7T7OfOUWERSZMrYzK', 'student', 1, 4, '2025-12-27T01:30:05.669Z', 101);
INSERT INTO studentGrades (studentId, subjectId, classId, score, id) VALUES (101, 19, 4, 46, 451);
INSERT INTO studentGrades (studentId, subjectId, classId, score, id) VALUES (101, 20, 4, 84, 452);
INSERT INTO studentGrades (studentId, subjectId, classId, score, id) VALUES (101, 21, 4, 52, 453);
INSERT INTO studentGrades (studentId, subjectId, classId, score, id) VALUES (101, 22, 4, 41, 454);
INSERT INTO studentGrades (studentId, subjectId, classId, score, id) VALUES (101, 23, 4, 73, 455);
INSERT INTO studentGrades (studentId, subjectId, classId, score, id) VALUES (101, 24, 4, 48, 456);
INSERT INTO user (userName, email, password, role, schoolId, classId, createdAt, id) VALUES ('Student_Class 4-A_17', 'student_class4-a_16@school.com', '$2b$10$Qy3JFAtzk0AAWTOX2w2F0upESHTDjxG37ncd7T7OfOUWERSZMrYzK', 'student', 1, 4, '2025-12-27T01:30:05.670Z', 102);
INSERT INTO studentGrades (studentId, subjectId, classId, score, id) VALUES (102, 19, 4, 74, 457);
INSERT INTO studentGrades (studentId, subjectId, classId, score, id) VALUES (102, 20, 4, 49, 458);
INSERT INTO studentGrades (studentId, subjectId, classId, score, id) VALUES (102, 21, 4, 90, 459);
INSERT INTO studentGrades (studentId, subjectId, classId, score, id) VALUES (102, 22, 4, 54, 460);
INSERT INTO studentGrades (studentId, subjectId, classId, score, id) VALUES (102, 23, 4, 51, 461);
INSERT INTO studentGrades (studentId, subjectId, classId, score, id) VALUES (102, 24, 4, 89, 462);
INSERT INTO user (userName, email, password, role, schoolId, classId, createdAt, id) VALUES ('Student_Class 4-A_18', 'student_class4-a_17@school.com', '$2b$10$Qy3JFAtzk0AAWTOX2w2F0upESHTDjxG37ncd7T7OfOUWERSZMrYzK', 'student', 1, 4, '2025-12-27T01:30:05.670Z', 103);
INSERT INTO studentGrades (studentId, subjectId, classId, score, id) VALUES (103, 19, 4, 97, 463);
INSERT INTO studentGrades (studentId, subjectId, classId, score, id) VALUES (103, 20, 4, 96, 464);
INSERT INTO studentGrades (studentId, subjectId, classId, score, id) VALUES (103, 21, 4, 54, 465);
INSERT INTO studentGrades (studentId, subjectId, classId, score, id) VALUES (103, 22, 4, 43, 466);
INSERT INTO studentGrades (studentId, subjectId, classId, score, id) VALUES (103, 23, 4, 49, 467);
INSERT INTO studentGrades (studentId, subjectId, classId, score, id) VALUES (103, 24, 4, 98, 468);
INSERT INTO user (userName, email, password, role, schoolId, classId, createdAt, id) VALUES ('Student_Class 4-A_19', 'student_class4-a_18@school.com', '$2b$10$Qy3JFAtzk0AAWTOX2w2F0upESHTDjxG37ncd7T7OfOUWERSZMrYzK', 'student', 1, 4, '2025-12-27T01:30:05.670Z', 104);
INSERT INTO studentGrades (studentId, subjectId, classId, score, id) VALUES (104, 19, 4, 41, 469);
INSERT INTO studentGrades (studentId, subjectId, classId, score, id) VALUES (104, 20, 4, 61, 470);
INSERT INTO studentGrades (studentId, subjectId, classId, score, id) VALUES (104, 21, 4, 88, 471);
INSERT INTO studentGrades (studentId, subjectId, classId, score, id) VALUES (104, 22, 4, 46, 472);
INSERT INTO studentGrades (studentId, subjectId, classId, score, id) VALUES (104, 23, 4, 78, 473);
INSERT INTO studentGrades (studentId, subjectId, classId, score, id) VALUES (104, 24, 4, 74, 474);
INSERT INTO user (userName, email, password, role, schoolId, classId, createdAt, id) VALUES ('Student_Class 4-A_20', 'student_class4-a_19@school.com', '$2b$10$Qy3JFAtzk0AAWTOX2w2F0upESHTDjxG37ncd7T7OfOUWERSZMrYzK', 'student', 1, 4, '2025-12-27T01:30:05.670Z', 105);
INSERT INTO studentGrades (studentId, subjectId, classId, score, id) VALUES (105, 19, 4, 83, 475);
INSERT INTO studentGrades (studentId, subjectId, classId, score, id) VALUES (105, 20, 4, 89, 476);
INSERT INTO studentGrades (studentId, subjectId, classId, score, id) VALUES (105, 21, 4, 90, 477);
INSERT INTO studentGrades (studentId, subjectId, classId, score, id) VALUES (105, 22, 4, 98, 478);
INSERT INTO studentGrades (studentId, subjectId, classId, score, id) VALUES (105, 23, 4, 74, 479);
INSERT INTO studentGrades (studentId, subjectId, classId, score, id) VALUES (105, 24, 4, 42, 480);
INSERT INTO schedule (classId, subjectId, day, startTime, endTime, id) VALUES (4, 19, 'Sunday', '08:00', '09:00', 91);
INSERT INTO schedule (classId, subjectId, day, startTime, endTime, id) VALUES (4, 20, 'Sunday', '09:00', '10:00', 92);
INSERT INTO schedule (classId, subjectId, day, startTime, endTime, id) VALUES (4, 21, 'Sunday', '10:00', '11:00', 93);
INSERT INTO schedule (classId, subjectId, day, startTime, endTime, id) VALUES (4, 22, 'Sunday', '11:00', '12:00', 94);
INSERT INTO schedule (classId, subjectId, day, startTime, endTime, id) VALUES (4, 23, 'Sunday', '12:00', '13:00', 95);
INSERT INTO schedule (classId, subjectId, day, startTime, endTime, id) VALUES (4, 24, 'Sunday', '13:00', '14:00', 96);
INSERT INTO schedule (classId, subjectId, day, startTime, endTime, id) VALUES (4, 19, 'Monday', '08:00', '09:00', 97);
INSERT INTO schedule (classId, subjectId, day, startTime, endTime, id) VALUES (4, 20, 'Monday', '09:00', '10:00', 98);
INSERT INTO schedule (classId, subjectId, day, startTime, endTime, id) VALUES (4, 21, 'Monday', '10:00', '11:00', 99);
INSERT INTO schedule (classId, subjectId, day, startTime, endTime, id) VALUES (4, 22, 'Monday', '11:00', '12:00', 100);
INSERT INTO schedule (classId, subjectId, day, startTime, endTime, id) VALUES (4, 23, 'Monday', '12:00', '13:00', 101);
INSERT INTO schedule (classId, subjectId, day, startTime, endTime, id) VALUES (4, 24, 'Monday', '13:00', '14:00', 102);
INSERT INTO schedule (classId, subjectId, day, startTime, endTime, id) VALUES (4, 19, 'Tuesday', '08:00', '09:00', 103);
INSERT INTO schedule (classId, subjectId, day, startTime, endTime, id) VALUES (4, 20, 'Tuesday', '09:00', '10:00', 104);
INSERT INTO schedule (classId, subjectId, day, startTime, endTime, id) VALUES (4, 21, 'Tuesday', '10:00', '11:00', 105);
INSERT INTO schedule (classId, subjectId, day, startTime, endTime, id) VALUES (4, 22, 'Tuesday', '11:00', '12:00', 106);
INSERT INTO schedule (classId, subjectId, day, startTime, endTime, id) VALUES (4, 23, 'Tuesday', '12:00', '13:00', 107);
INSERT INTO schedule (classId, subjectId, day, startTime, endTime, id) VALUES (4, 24, 'Tuesday', '13:00', '14:00', 108);
INSERT INTO schedule (classId, subjectId, day, startTime, endTime, id) VALUES (4, 19, 'Wednesday', '08:00', '09:00', 109);
INSERT INTO schedule (classId, subjectId, day, startTime, endTime, id) VALUES (4, 20, 'Wednesday', '09:00', '10:00', 110);
INSERT INTO schedule (classId, subjectId, day, startTime, endTime, id) VALUES (4, 21, 'Wednesday', '10:00', '11:00', 111);
INSERT INTO schedule (classId, subjectId, day, startTime, endTime, id) VALUES (4, 22, 'Wednesday', '11:00', '12:00', 112);
INSERT INTO schedule (classId, subjectId, day, startTime, endTime, id) VALUES (4, 23, 'Wednesday', '12:00', '13:00', 113);
INSERT INTO schedule (classId, subjectId, day, startTime, endTime, id) VALUES (4, 24, 'Wednesday', '13:00', '14:00', 114);
INSERT INTO schedule (classId, subjectId, day, startTime, endTime, id) VALUES (4, 19, 'Thursday', '08:00', '09:00', 115);
INSERT INTO schedule (classId, subjectId, day, startTime, endTime, id) VALUES (4, 20, 'Thursday', '09:00', '10:00', 116);
INSERT INTO schedule (classId, subjectId, day, startTime, endTime, id) VALUES (4, 21, 'Thursday', '10:00', '11:00', 117);
INSERT INTO schedule (classId, subjectId, day, startTime, endTime, id) VALUES (4, 22, 'Thursday', '11:00', '12:00', 118);
INSERT INTO schedule (classId, subjectId, day, startTime, endTime, id) VALUES (4, 23, 'Thursday', '12:00', '13:00', 119);
INSERT INTO schedule (classId, subjectId, day, startTime, endTime, id) VALUES (4, 24, 'Thursday', '13:00', '14:00', 120);
INSERT INTO classRoom (name, schoolId, id) VALUES ('Class 5-A', 1, 5);
INSERT INTO user (userName, email, password, role, schoolId, createdAt, id) VALUES ('Teacher_Class 5-A_Mathematics', 'teacher_class5-a_0@school.com', '$2b$10$Qy3JFAtzk0AAWTOX2w2F0upESHTDjxG37ncd7T7OfOUWERSZMrYzK', 'teacher', 1, '2025-12-27T01:30:05.670Z', 106);
INSERT INTO subject (name, classId, teacherId, id) VALUES ('Mathematics', 5, 106, 25);
INSERT INTO user (userName, email, password, role, schoolId, createdAt, id) VALUES ('Teacher_Class 5-A_Physics', 'teacher_class5-a_1@school.com', '$2b$10$Qy3JFAtzk0AAWTOX2w2F0upESHTDjxG37ncd7T7OfOUWERSZMrYzK', 'teacher', 1, '2025-12-27T01:30:05.670Z', 107);
INSERT INTO subject (name, classId, teacherId, id) VALUES ('Physics', 5, 107, 26);
INSERT INTO user (userName, email, password, role, schoolId, createdAt, id) VALUES ('Teacher_Class 5-A_History', 'teacher_class5-a_2@school.com', '$2b$10$Qy3JFAtzk0AAWTOX2w2F0upESHTDjxG37ncd7T7OfOUWERSZMrYzK', 'teacher', 1, '2025-12-27T01:30:05.670Z', 108);
INSERT INTO subject (name, classId, teacherId, id) VALUES ('History', 5, 108, 27);
INSERT INTO user (userName, email, password, role, schoolId, createdAt, id) VALUES ('Teacher_Class 5-A_Biology', 'teacher_class5-a_3@school.com', '$2b$10$Qy3JFAtzk0AAWTOX2w2F0upESHTDjxG37ncd7T7OfOUWERSZMrYzK', 'teacher', 1, '2025-12-27T01:30:05.670Z', 109);
INSERT INTO subject (name, classId, teacherId, id) VALUES ('Biology', 5, 109, 28);
INSERT INTO user (userName, email, password, role, schoolId, createdAt, id) VALUES ('Teacher_Class 5-A_English', 'teacher_class5-a_4@school.com', '$2b$10$Qy3JFAtzk0AAWTOX2w2F0upESHTDjxG37ncd7T7OfOUWERSZMrYzK', 'teacher', 1, '2025-12-27T01:30:05.670Z', 110);
INSERT INTO subject (name, classId, teacherId, id) VALUES ('English', 5, 110, 29);
INSERT INTO user (userName, email, password, role, schoolId, createdAt, id) VALUES ('Teacher_Class 5-A_Computer Science', 'teacher_class5-a_5@school.com', '$2b$10$Qy3JFAtzk0AAWTOX2w2F0upESHTDjxG37ncd7T7OfOUWERSZMrYzK', 'teacher', 1, '2025-12-27T01:30:05.670Z', 111);
INSERT INTO subject (name, classId, teacherId, id) VALUES ('Computer Science', 5, 111, 30);
INSERT INTO user (userName, email, password, role, schoolId, classId, createdAt, id) VALUES ('Student_Class 5-A_1', 'student_class5-a_0@school.com', '$2b$10$Qy3JFAtzk0AAWTOX2w2F0upESHTDjxG37ncd7T7OfOUWERSZMrYzK', 'student', 1, 5, '2025-12-27T01:30:05.670Z', 112);
INSERT INTO studentGrades (studentId, subjectId, classId, score, id) VALUES (112, 25, 5, 43, 481);
INSERT INTO studentGrades (studentId, subjectId, classId, score, id) VALUES (112, 26, 5, 48, 482);
INSERT INTO studentGrades (studentId, subjectId, classId, score, id) VALUES (112, 27, 5, 74, 483);
INSERT INTO studentGrades (studentId, subjectId, classId, score, id) VALUES (112, 28, 5, 90, 484);
INSERT INTO studentGrades (studentId, subjectId, classId, score, id) VALUES (112, 29, 5, 83, 485);
INSERT INTO studentGrades (studentId, subjectId, classId, score, id) VALUES (112, 30, 5, 84, 486);
INSERT INTO user (userName, email, password, role, schoolId, classId, createdAt, id) VALUES ('Student_Class 5-A_2', 'student_class5-a_1@school.com', '$2b$10$Qy3JFAtzk0AAWTOX2w2F0upESHTDjxG37ncd7T7OfOUWERSZMrYzK', 'student', 1, 5, '2025-12-27T01:30:05.670Z', 113);
INSERT INTO studentGrades (studentId, subjectId, classId, score, id) VALUES (113, 25, 5, 77, 487);
INSERT INTO studentGrades (studentId, subjectId, classId, score, id) VALUES (113, 26, 5, 57, 488);
INSERT INTO studentGrades (studentId, subjectId, classId, score, id) VALUES (113, 27, 5, 40, 489);
INSERT INTO studentGrades (studentId, subjectId, classId, score, id) VALUES (113, 28, 5, 62, 490);
INSERT INTO studentGrades (studentId, subjectId, classId, score, id) VALUES (113, 29, 5, 93, 491);
INSERT INTO studentGrades (studentId, subjectId, classId, score, id) VALUES (113, 30, 5, 57, 492);
INSERT INTO user (userName, email, password, role, schoolId, classId, createdAt, id) VALUES ('Student_Class 5-A_3', 'student_class5-a_2@school.com', '$2b$10$Qy3JFAtzk0AAWTOX2w2F0upESHTDjxG37ncd7T7OfOUWERSZMrYzK', 'student', 1, 5, '2025-12-27T01:30:05.670Z', 114);
INSERT INTO studentGrades (studentId, subjectId, classId, score, id) VALUES (114, 25, 5, 41, 493);
INSERT INTO studentGrades (studentId, subjectId, classId, score, id) VALUES (114, 26, 5, 96, 494);
INSERT INTO studentGrades (studentId, subjectId, classId, score, id) VALUES (114, 27, 5, 65, 495);
INSERT INTO studentGrades (studentId, subjectId, classId, score, id) VALUES (114, 28, 5, 53, 496);
INSERT INTO studentGrades (studentId, subjectId, classId, score, id) VALUES (114, 29, 5, 41, 497);
INSERT INTO studentGrades (studentId, subjectId, classId, score, id) VALUES (114, 30, 5, 92, 498);
INSERT INTO user (userName, email, password, role, schoolId, classId, createdAt, id) VALUES ('Student_Class 5-A_4', 'student_class5-a_3@school.com', '$2b$10$Qy3JFAtzk0AAWTOX2w2F0upESHTDjxG37ncd7T7OfOUWERSZMrYzK', 'student', 1, 5, '2025-12-27T01:30:05.670Z', 115);
INSERT INTO studentGrades (studentId, subjectId, classId, score, id) VALUES (115, 25, 5, 71, 499);
INSERT INTO studentGrades (studentId, subjectId, classId, score, id) VALUES (115, 26, 5, 67, 500);
INSERT INTO studentGrades (studentId, subjectId, classId, score, id) VALUES (115, 27, 5, 95, 501);
INSERT INTO studentGrades (studentId, subjectId, classId, score, id) VALUES (115, 28, 5, 80, 502);
INSERT INTO studentGrades (studentId, subjectId, classId, score, id) VALUES (115, 29, 5, 67, 503);
INSERT INTO studentGrades (studentId, subjectId, classId, score, id) VALUES (115, 30, 5, 59, 504);
INSERT INTO user (userName, email, password, role, schoolId, classId, createdAt, id) VALUES ('Student_Class 5-A_5', 'student_class5-a_4@school.com', '$2b$10$Qy3JFAtzk0AAWTOX2w2F0upESHTDjxG37ncd7T7OfOUWERSZMrYzK', 'student', 1, 5, '2025-12-27T01:30:05.670Z', 116);
INSERT INTO studentGrades (studentId, subjectId, classId, score, id) VALUES (116, 25, 5, 63, 505);
INSERT INTO studentGrades (studentId, subjectId, classId, score, id) VALUES (116, 26, 5, 81, 506);
INSERT INTO studentGrades (studentId, subjectId, classId, score, id) VALUES (116, 27, 5, 46, 507);
INSERT INTO studentGrades (studentId, subjectId, classId, score, id) VALUES (116, 28, 5, 86, 508);
INSERT INTO studentGrades (studentId, subjectId, classId, score, id) VALUES (116, 29, 5, 99, 509);
INSERT INTO studentGrades (studentId, subjectId, classId, score, id) VALUES (116, 30, 5, 95, 510);
INSERT INTO user (userName, email, password, role, schoolId, classId, createdAt, id) VALUES ('Student_Class 5-A_6', 'student_class5-a_5@school.com', '$2b$10$Qy3JFAtzk0AAWTOX2w2F0upESHTDjxG37ncd7T7OfOUWERSZMrYzK', 'student', 1, 5, '2025-12-27T01:30:05.670Z', 117);
INSERT INTO studentGrades (studentId, subjectId, classId, score, id) VALUES (117, 25, 5, 61, 511);
INSERT INTO studentGrades (studentId, subjectId, classId, score, id) VALUES (117, 26, 5, 69, 512);
INSERT INTO studentGrades (studentId, subjectId, classId, score, id) VALUES (117, 27, 5, 62, 513);
INSERT INTO studentGrades (studentId, subjectId, classId, score, id) VALUES (117, 28, 5, 84, 514);
INSERT INTO studentGrades (studentId, subjectId, classId, score, id) VALUES (117, 29, 5, 71, 515);
INSERT INTO studentGrades (studentId, subjectId, classId, score, id) VALUES (117, 30, 5, 41, 516);
INSERT INTO user (userName, email, password, role, schoolId, classId, createdAt, id) VALUES ('Student_Class 5-A_7', 'student_class5-a_6@school.com', '$2b$10$Qy3JFAtzk0AAWTOX2w2F0upESHTDjxG37ncd7T7OfOUWERSZMrYzK', 'student', 1, 5, '2025-12-27T01:30:05.670Z', 118);
INSERT INTO studentGrades (studentId, subjectId, classId, score, id) VALUES (118, 25, 5, 57, 517);
INSERT INTO studentGrades (studentId, subjectId, classId, score, id) VALUES (118, 26, 5, 75, 518);
INSERT INTO studentGrades (studentId, subjectId, classId, score, id) VALUES (118, 27, 5, 47, 519);
INSERT INTO studentGrades (studentId, subjectId, classId, score, id) VALUES (118, 28, 5, 58, 520);
INSERT INTO studentGrades (studentId, subjectId, classId, score, id) VALUES (118, 29, 5, 73, 521);
INSERT INTO studentGrades (studentId, subjectId, classId, score, id) VALUES (118, 30, 5, 94, 522);
INSERT INTO user (userName, email, password, role, schoolId, classId, createdAt, id) VALUES ('Student_Class 5-A_8', 'student_class5-a_7@school.com', '$2b$10$Qy3JFAtzk0AAWTOX2w2F0upESHTDjxG37ncd7T7OfOUWERSZMrYzK', 'student', 1, 5, '2025-12-27T01:30:05.670Z', 119);
INSERT INTO studentGrades (studentId, subjectId, classId, score, id) VALUES (119, 25, 5, 61, 523);
INSERT INTO studentGrades (studentId, subjectId, classId, score, id) VALUES (119, 26, 5, 100, 524);
INSERT INTO studentGrades (studentId, subjectId, classId, score, id) VALUES (119, 27, 5, 42, 525);
INSERT INTO studentGrades (studentId, subjectId, classId, score, id) VALUES (119, 28, 5, 76, 526);
INSERT INTO studentGrades (studentId, subjectId, classId, score, id) VALUES (119, 29, 5, 90, 527);
INSERT INTO studentGrades (studentId, subjectId, classId, score, id) VALUES (119, 30, 5, 87, 528);
INSERT INTO user (userName, email, password, role, schoolId, classId, createdAt, id) VALUES ('Student_Class 5-A_9', 'student_class5-a_8@school.com', '$2b$10$Qy3JFAtzk0AAWTOX2w2F0upESHTDjxG37ncd7T7OfOUWERSZMrYzK', 'student', 1, 5, '2025-12-27T01:30:05.670Z', 120);
INSERT INTO studentGrades (studentId, subjectId, classId, score, id) VALUES (120, 25, 5, 58, 529);
INSERT INTO studentGrades (studentId, subjectId, classId, score, id) VALUES (120, 26, 5, 50, 530);
INSERT INTO studentGrades (studentId, subjectId, classId, score, id) VALUES (120, 27, 5, 59, 531);
INSERT INTO studentGrades (studentId, subjectId, classId, score, id) VALUES (120, 28, 5, 86, 532);
INSERT INTO studentGrades (studentId, subjectId, classId, score, id) VALUES (120, 29, 5, 71, 533);
INSERT INTO studentGrades (studentId, subjectId, classId, score, id) VALUES (120, 30, 5, 67, 534);
INSERT INTO user (userName, email, password, role, schoolId, classId, createdAt, id) VALUES ('Student_Class 5-A_10', 'student_class5-a_9@school.com', '$2b$10$Qy3JFAtzk0AAWTOX2w2F0upESHTDjxG37ncd7T7OfOUWERSZMrYzK', 'student', 1, 5, '2025-12-27T01:30:05.670Z', 121);
INSERT INTO studentGrades (studentId, subjectId, classId, score, id) VALUES (121, 25, 5, 82, 535);
INSERT INTO studentGrades (studentId, subjectId, classId, score, id) VALUES (121, 26, 5, 72, 536);
INSERT INTO studentGrades (studentId, subjectId, classId, score, id) VALUES (121, 27, 5, 69, 537);
INSERT INTO studentGrades (studentId, subjectId, classId, score, id) VALUES (121, 28, 5, 90, 538);
INSERT INTO studentGrades (studentId, subjectId, classId, score, id) VALUES (121, 29, 5, 92, 539);
INSERT INTO studentGrades (studentId, subjectId, classId, score, id) VALUES (121, 30, 5, 63, 540);
INSERT INTO user (userName, email, password, role, schoolId, classId, createdAt, id) VALUES ('Student_Class 5-A_11', 'student_class5-a_10@school.com', '$2b$10$Qy3JFAtzk0AAWTOX2w2F0upESHTDjxG37ncd7T7OfOUWERSZMrYzK', 'student', 1, 5, '2025-12-27T01:30:05.670Z', 122);
INSERT INTO studentGrades (studentId, subjectId, classId, score, id) VALUES (122, 25, 5, 70, 541);
INSERT INTO studentGrades (studentId, subjectId, classId, score, id) VALUES (122, 26, 5, 72, 542);
INSERT INTO studentGrades (studentId, subjectId, classId, score, id) VALUES (122, 27, 5, 41, 543);
INSERT INTO studentGrades (studentId, subjectId, classId, score, id) VALUES (122, 28, 5, 65, 544);
INSERT INTO studentGrades (studentId, subjectId, classId, score, id) VALUES (122, 29, 5, 88, 545);
INSERT INTO studentGrades (studentId, subjectId, classId, score, id) VALUES (122, 30, 5, 42, 546);
INSERT INTO user (userName, email, password, role, schoolId, classId, createdAt, id) VALUES ('Student_Class 5-A_12', 'student_class5-a_11@school.com', '$2b$10$Qy3JFAtzk0AAWTOX2w2F0upESHTDjxG37ncd7T7OfOUWERSZMrYzK', 'student', 1, 5, '2025-12-27T01:30:05.670Z', 123);
INSERT INTO studentGrades (studentId, subjectId, classId, score, id) VALUES (123, 25, 5, 91, 547);
INSERT INTO studentGrades (studentId, subjectId, classId, score, id) VALUES (123, 26, 5, 63, 548);
INSERT INTO studentGrades (studentId, subjectId, classId, score, id) VALUES (123, 27, 5, 99, 549);
INSERT INTO studentGrades (studentId, subjectId, classId, score, id) VALUES (123, 28, 5, 96, 550);
INSERT INTO studentGrades (studentId, subjectId, classId, score, id) VALUES (123, 29, 5, 41, 551);
INSERT INTO studentGrades (studentId, subjectId, classId, score, id) VALUES (123, 30, 5, 46, 552);
INSERT INTO user (userName, email, password, role, schoolId, classId, createdAt, id) VALUES ('Student_Class 5-A_13', 'student_class5-a_12@school.com', '$2b$10$Qy3JFAtzk0AAWTOX2w2F0upESHTDjxG37ncd7T7OfOUWERSZMrYzK', 'student', 1, 5, '2025-12-27T01:30:05.670Z', 124);
INSERT INTO studentGrades (studentId, subjectId, classId, score, id) VALUES (124, 25, 5, 49, 553);
INSERT INTO studentGrades (studentId, subjectId, classId, score, id) VALUES (124, 26, 5, 94, 554);
INSERT INTO studentGrades (studentId, subjectId, classId, score, id) VALUES (124, 27, 5, 58, 555);
INSERT INTO studentGrades (studentId, subjectId, classId, score, id) VALUES (124, 28, 5, 93, 556);
INSERT INTO studentGrades (studentId, subjectId, classId, score, id) VALUES (124, 29, 5, 55, 557);
INSERT INTO studentGrades (studentId, subjectId, classId, score, id) VALUES (124, 30, 5, 80, 558);
INSERT INTO user (userName, email, password, role, schoolId, classId, createdAt, id) VALUES ('Student_Class 5-A_14', 'student_class5-a_13@school.com', '$2b$10$Qy3JFAtzk0AAWTOX2w2F0upESHTDjxG37ncd7T7OfOUWERSZMrYzK', 'student', 1, 5, '2025-12-27T01:30:05.670Z', 125);
INSERT INTO studentGrades (studentId, subjectId, classId, score, id) VALUES (125, 25, 5, 43, 559);
INSERT INTO studentGrades (studentId, subjectId, classId, score, id) VALUES (125, 26, 5, 95, 560);
INSERT INTO studentGrades (studentId, subjectId, classId, score, id) VALUES (125, 27, 5, 98, 561);
INSERT INTO studentGrades (studentId, subjectId, classId, score, id) VALUES (125, 28, 5, 84, 562);
INSERT INTO studentGrades (studentId, subjectId, classId, score, id) VALUES (125, 29, 5, 74, 563);
INSERT INTO studentGrades (studentId, subjectId, classId, score, id) VALUES (125, 30, 5, 60, 564);
INSERT INTO user (userName, email, password, role, schoolId, classId, createdAt, id) VALUES ('Student_Class 5-A_15', 'student_class5-a_14@school.com', '$2b$10$Qy3JFAtzk0AAWTOX2w2F0upESHTDjxG37ncd7T7OfOUWERSZMrYzK', 'student', 1, 5, '2025-12-27T01:30:05.670Z', 126);
INSERT INTO studentGrades (studentId, subjectId, classId, score, id) VALUES (126, 25, 5, 47, 565);
INSERT INTO studentGrades (studentId, subjectId, classId, score, id) VALUES (126, 26, 5, 83, 566);
INSERT INTO studentGrades (studentId, subjectId, classId, score, id) VALUES (126, 27, 5, 50, 567);
INSERT INTO studentGrades (studentId, subjectId, classId, score, id) VALUES (126, 28, 5, 65, 568);
INSERT INTO studentGrades (studentId, subjectId, classId, score, id) VALUES (126, 29, 5, 69, 569);
INSERT INTO studentGrades (studentId, subjectId, classId, score, id) VALUES (126, 30, 5, 82, 570);
INSERT INTO user (userName, email, password, role, schoolId, classId, createdAt, id) VALUES ('Student_Class 5-A_16', 'student_class5-a_15@school.com', '$2b$10$Qy3JFAtzk0AAWTOX2w2F0upESHTDjxG37ncd7T7OfOUWERSZMrYzK', 'student', 1, 5, '2025-12-27T01:30:05.670Z', 127);
INSERT INTO studentGrades (studentId, subjectId, classId, score, id) VALUES (127, 25, 5, 48, 571);
INSERT INTO studentGrades (studentId, subjectId, classId, score, id) VALUES (127, 26, 5, 50, 572);
INSERT INTO studentGrades (studentId, subjectId, classId, score, id) VALUES (127, 27, 5, 54, 573);
INSERT INTO studentGrades (studentId, subjectId, classId, score, id) VALUES (127, 28, 5, 84, 574);
INSERT INTO studentGrades (studentId, subjectId, classId, score, id) VALUES (127, 29, 5, 64, 575);
INSERT INTO studentGrades (studentId, subjectId, classId, score, id) VALUES (127, 30, 5, 53, 576);
INSERT INTO user (userName, email, password, role, schoolId, classId, createdAt, id) VALUES ('Student_Class 5-A_17', 'student_class5-a_16@school.com', '$2b$10$Qy3JFAtzk0AAWTOX2w2F0upESHTDjxG37ncd7T7OfOUWERSZMrYzK', 'student', 1, 5, '2025-12-27T01:30:05.670Z', 128);
INSERT INTO studentGrades (studentId, subjectId, classId, score, id) VALUES (128, 25, 5, 51, 577);
INSERT INTO studentGrades (studentId, subjectId, classId, score, id) VALUES (128, 26, 5, 79, 578);
INSERT INTO studentGrades (studentId, subjectId, classId, score, id) VALUES (128, 27, 5, 84, 579);
INSERT INTO studentGrades (studentId, subjectId, classId, score, id) VALUES (128, 28, 5, 66, 580);
INSERT INTO studentGrades (studentId, subjectId, classId, score, id) VALUES (128, 29, 5, 65, 581);
INSERT INTO studentGrades (studentId, subjectId, classId, score, id) VALUES (128, 30, 5, 100, 582);
INSERT INTO user (userName, email, password, role, schoolId, classId, createdAt, id) VALUES ('Student_Class 5-A_18', 'student_class5-a_17@school.com', '$2b$10$Qy3JFAtzk0AAWTOX2w2F0upESHTDjxG37ncd7T7OfOUWERSZMrYzK', 'student', 1, 5, '2025-12-27T01:30:05.670Z', 129);
INSERT INTO studentGrades (studentId, subjectId, classId, score, id) VALUES (129, 25, 5, 81, 583);
INSERT INTO studentGrades (studentId, subjectId, classId, score, id) VALUES (129, 26, 5, 44, 584);
INSERT INTO studentGrades (studentId, subjectId, classId, score, id) VALUES (129, 27, 5, 64, 585);
INSERT INTO studentGrades (studentId, subjectId, classId, score, id) VALUES (129, 28, 5, 40, 586);
INSERT INTO studentGrades (studentId, subjectId, classId, score, id) VALUES (129, 29, 5, 60, 587);
INSERT INTO studentGrades (studentId, subjectId, classId, score, id) VALUES (129, 30, 5, 91, 588);
INSERT INTO user (userName, email, password, role, schoolId, classId, createdAt, id) VALUES ('Student_Class 5-A_19', 'student_class5-a_18@school.com', '$2b$10$Qy3JFAtzk0AAWTOX2w2F0upESHTDjxG37ncd7T7OfOUWERSZMrYzK', 'student', 1, 5, '2025-12-27T01:30:05.670Z', 130);
INSERT INTO studentGrades (studentId, subjectId, classId, score, id) VALUES (130, 25, 5, 89, 589);
INSERT INTO studentGrades (studentId, subjectId, classId, score, id) VALUES (130, 26, 5, 88, 590);
INSERT INTO studentGrades (studentId, subjectId, classId, score, id) VALUES (130, 27, 5, 83, 591);
INSERT INTO studentGrades (studentId, subjectId, classId, score, id) VALUES (130, 28, 5, 73, 592);
INSERT INTO studentGrades (studentId, subjectId, classId, score, id) VALUES (130, 29, 5, 59, 593);
INSERT INTO studentGrades (studentId, subjectId, classId, score, id) VALUES (130, 30, 5, 56, 594);
INSERT INTO user (userName, email, password, role, schoolId, classId, createdAt, id) VALUES ('Student_Class 5-A_20', 'student_class5-a_19@school.com', '$2b$10$Qy3JFAtzk0AAWTOX2w2F0upESHTDjxG37ncd7T7OfOUWERSZMrYzK', 'student', 1, 5, '2025-12-27T01:30:05.670Z', 131);
INSERT INTO studentGrades (studentId, subjectId, classId, score, id) VALUES (131, 25, 5, 41, 595);
INSERT INTO studentGrades (studentId, subjectId, classId, score, id) VALUES (131, 26, 5, 74, 596);
INSERT INTO studentGrades (studentId, subjectId, classId, score, id) VALUES (131, 27, 5, 41, 597);
INSERT INTO studentGrades (studentId, subjectId, classId, score, id) VALUES (131, 28, 5, 100, 598);
INSERT INTO studentGrades (studentId, subjectId, classId, score, id) VALUES (131, 29, 5, 60, 599);
INSERT INTO studentGrades (studentId, subjectId, classId, score, id) VALUES (131, 30, 5, 99, 600);
INSERT INTO schedule (classId, subjectId, day, startTime, endTime, id) VALUES (5, 25, 'Sunday', '08:00', '09:00', 121);
INSERT INTO schedule (classId, subjectId, day, startTime, endTime, id) VALUES (5, 26, 'Sunday', '09:00', '10:00', 122);
INSERT INTO schedule (classId, subjectId, day, startTime, endTime, id) VALUES (5, 27, 'Sunday', '10:00', '11:00', 123);
INSERT INTO schedule (classId, subjectId, day, startTime, endTime, id) VALUES (5, 28, 'Sunday', '11:00', '12:00', 124);
INSERT INTO schedule (classId, subjectId, day, startTime, endTime, id) VALUES (5, 29, 'Sunday', '12:00', '13:00', 125);
INSERT INTO schedule (classId, subjectId, day, startTime, endTime, id) VALUES (5, 30, 'Sunday', '13:00', '14:00', 126);
INSERT INTO schedule (classId, subjectId, day, startTime, endTime, id) VALUES (5, 25, 'Monday', '08:00', '09:00', 127);
INSERT INTO schedule (classId, subjectId, day, startTime, endTime, id) VALUES (5, 26, 'Monday', '09:00', '10:00', 128);
INSERT INTO schedule (classId, subjectId, day, startTime, endTime, id) VALUES (5, 27, 'Monday', '10:00', '11:00', 129);
INSERT INTO schedule (classId, subjectId, day, startTime, endTime, id) VALUES (5, 28, 'Monday', '11:00', '12:00', 130);
INSERT INTO schedule (classId, subjectId, day, startTime, endTime, id) VALUES (5, 29, 'Monday', '12:00', '13:00', 131);
INSERT INTO schedule (classId, subjectId, day, startTime, endTime, id) VALUES (5, 30, 'Monday', '13:00', '14:00', 132);
INSERT INTO schedule (classId, subjectId, day, startTime, endTime, id) VALUES (5, 25, 'Tuesday', '08:00', '09:00', 133);
INSERT INTO schedule (classId, subjectId, day, startTime, endTime, id) VALUES (5, 26, 'Tuesday', '09:00', '10:00', 134);
INSERT INTO schedule (classId, subjectId, day, startTime, endTime, id) VALUES (5, 27, 'Tuesday', '10:00', '11:00', 135);
INSERT INTO schedule (classId, subjectId, day, startTime, endTime, id) VALUES (5, 28, 'Tuesday', '11:00', '12:00', 136);
INSERT INTO schedule (classId, subjectId, day, startTime, endTime, id) VALUES (5, 29, 'Tuesday', '12:00', '13:00', 137);
INSERT INTO schedule (classId, subjectId, day, startTime, endTime, id) VALUES (5, 30, 'Tuesday', '13:00', '14:00', 138);
INSERT INTO schedule (classId, subjectId, day, startTime, endTime, id) VALUES (5, 25, 'Wednesday', '08:00', '09:00', 139);
INSERT INTO schedule (classId, subjectId, day, startTime, endTime, id) VALUES (5, 26, 'Wednesday', '09:00', '10:00', 140);
INSERT INTO schedule (classId, subjectId, day, startTime, endTime, id) VALUES (5, 27, 'Wednesday', '10:00', '11:00', 141);
INSERT INTO schedule (classId, subjectId, day, startTime, endTime, id) VALUES (5, 28, 'Wednesday', '11:00', '12:00', 142);
INSERT INTO schedule (classId, subjectId, day, startTime, endTime, id) VALUES (5, 29, 'Wednesday', '12:00', '13:00', 143);
INSERT INTO schedule (classId, subjectId, day, startTime, endTime, id) VALUES (5, 30, 'Wednesday', '13:00', '14:00', 144);
INSERT INTO schedule (classId, subjectId, day, startTime, endTime, id) VALUES (5, 25, 'Thursday', '08:00', '09:00', 145);
INSERT INTO schedule (classId, subjectId, day, startTime, endTime, id) VALUES (5, 26, 'Thursday', '09:00', '10:00', 146);
INSERT INTO schedule (classId, subjectId, day, startTime, endTime, id) VALUES (5, 27, 'Thursday', '10:00', '11:00', 147);
INSERT INTO schedule (classId, subjectId, day, startTime, endTime, id) VALUES (5, 28, 'Thursday', '11:00', '12:00', 148);
INSERT INTO schedule (classId, subjectId, day, startTime, endTime, id) VALUES (5, 29, 'Thursday', '12:00', '13:00', 149);
INSERT INTO schedule (classId, subjectId, day, startTime, endTime, id) VALUES (5, 30, 'Thursday', '13:00', '14:00', 150);
INSERT INTO classRoom (name, schoolId, id) VALUES ('Class 6-A', 1, 6);
INSERT INTO user (userName, email, password, role, schoolId, createdAt, id) VALUES ('Teacher_Class 6-A_Mathematics', 'teacher_class6-a_0@school.com', '$2b$10$Qy3JFAtzk0AAWTOX2w2F0upESHTDjxG37ncd7T7OfOUWERSZMrYzK', 'teacher', 1, '2025-12-27T01:30:05.670Z', 132);
INSERT INTO subject (name, classId, teacherId, id) VALUES ('Mathematics', 6, 132, 31);
INSERT INTO user (userName, email, password, role, schoolId, createdAt, id) VALUES ('Teacher_Class 6-A_Physics', 'teacher_class6-a_1@school.com', '$2b$10$Qy3JFAtzk0AAWTOX2w2F0upESHTDjxG37ncd7T7OfOUWERSZMrYzK', 'teacher', 1, '2025-12-27T01:30:05.670Z', 133);
INSERT INTO subject (name, classId, teacherId, id) VALUES ('Physics', 6, 133, 32);
INSERT INTO user (userName, email, password, role, schoolId, createdAt, id) VALUES ('Teacher_Class 6-A_History', 'teacher_class6-a_2@school.com', '$2b$10$Qy3JFAtzk0AAWTOX2w2F0upESHTDjxG37ncd7T7OfOUWERSZMrYzK', 'teacher', 1, '2025-12-27T01:30:05.671Z', 134);
INSERT INTO subject (name, classId, teacherId, id) VALUES ('History', 6, 134, 33);
INSERT INTO user (userName, email, password, role, schoolId, createdAt, id) VALUES ('Teacher_Class 6-A_Biology', 'teacher_class6-a_3@school.com', '$2b$10$Qy3JFAtzk0AAWTOX2w2F0upESHTDjxG37ncd7T7OfOUWERSZMrYzK', 'teacher', 1, '2025-12-27T01:30:05.671Z', 135);
INSERT INTO subject (name, classId, teacherId, id) VALUES ('Biology', 6, 135, 34);
INSERT INTO user (userName, email, password, role, schoolId, createdAt, id) VALUES ('Teacher_Class 6-A_English', 'teacher_class6-a_4@school.com', '$2b$10$Qy3JFAtzk0AAWTOX2w2F0upESHTDjxG37ncd7T7OfOUWERSZMrYzK', 'teacher', 1, '2025-12-27T01:30:05.671Z', 136);
INSERT INTO subject (name, classId, teacherId, id) VALUES ('English', 6, 136, 35);
INSERT INTO user (userName, email, password, role, schoolId, createdAt, id) VALUES ('Teacher_Class 6-A_Computer Science', 'teacher_class6-a_5@school.com', '$2b$10$Qy3JFAtzk0AAWTOX2w2F0upESHTDjxG37ncd7T7OfOUWERSZMrYzK', 'teacher', 1, '2025-12-27T01:30:05.671Z', 137);
INSERT INTO subject (name, classId, teacherId, id) VALUES ('Computer Science', 6, 137, 36);
INSERT INTO user (userName, email, password, role, schoolId, classId, createdAt, id) VALUES ('Student_Class 6-A_1', 'student_class6-a_0@school.com', '$2b$10$Qy3JFAtzk0AAWTOX2w2F0upESHTDjxG37ncd7T7OfOUWERSZMrYzK', 'student', 1, 6, '2025-12-27T01:30:05.671Z', 138);
INSERT INTO studentGrades (studentId, subjectId, classId, score, id) VALUES (138, 31, 6, 45, 601);
INSERT INTO studentGrades (studentId, subjectId, classId, score, id) VALUES (138, 32, 6, 63, 602);
INSERT INTO studentGrades (studentId, subjectId, classId, score, id) VALUES (138, 33, 6, 73, 603);
INSERT INTO studentGrades (studentId, subjectId, classId, score, id) VALUES (138, 34, 6, 94, 604);
INSERT INTO studentGrades (studentId, subjectId, classId, score, id) VALUES (138, 35, 6, 72, 605);
INSERT INTO studentGrades (studentId, subjectId, classId, score, id) VALUES (138, 36, 6, 83, 606);
INSERT INTO user (userName, email, password, role, schoolId, classId, createdAt, id) VALUES ('Student_Class 6-A_2', 'student_class6-a_1@school.com', '$2b$10$Qy3JFAtzk0AAWTOX2w2F0upESHTDjxG37ncd7T7OfOUWERSZMrYzK', 'student', 1, 6, '2025-12-27T01:30:05.671Z', 139);
INSERT INTO studentGrades (studentId, subjectId, classId, score, id) VALUES (139, 31, 6, 47, 607);
INSERT INTO studentGrades (studentId, subjectId, classId, score, id) VALUES (139, 32, 6, 58, 608);
INSERT INTO studentGrades (studentId, subjectId, classId, score, id) VALUES (139, 33, 6, 100, 609);
INSERT INTO studentGrades (studentId, subjectId, classId, score, id) VALUES (139, 34, 6, 73, 610);
INSERT INTO studentGrades (studentId, subjectId, classId, score, id) VALUES (139, 35, 6, 93, 611);
INSERT INTO studentGrades (studentId, subjectId, classId, score, id) VALUES (139, 36, 6, 59, 612);
INSERT INTO user (userName, email, password, role, schoolId, classId, createdAt, id) VALUES ('Student_Class 6-A_3', 'student_class6-a_2@school.com', '$2b$10$Qy3JFAtzk0AAWTOX2w2F0upESHTDjxG37ncd7T7OfOUWERSZMrYzK', 'student', 1, 6, '2025-12-27T01:30:05.671Z', 140);
INSERT INTO studentGrades (studentId, subjectId, classId, score, id) VALUES (140, 31, 6, 64, 613);
INSERT INTO studentGrades (studentId, subjectId, classId, score, id) VALUES (140, 32, 6, 96, 614);
INSERT INTO studentGrades (studentId, subjectId, classId, score, id) VALUES (140, 33, 6, 52, 615);
INSERT INTO studentGrades (studentId, subjectId, classId, score, id) VALUES (140, 34, 6, 98, 616);
INSERT INTO studentGrades (studentId, subjectId, classId, score, id) VALUES (140, 35, 6, 66, 617);
INSERT INTO studentGrades (studentId, subjectId, classId, score, id) VALUES (140, 36, 6, 75, 618);
INSERT INTO user (userName, email, password, role, schoolId, classId, createdAt, id) VALUES ('Student_Class 6-A_4', 'student_class6-a_3@school.com', '$2b$10$Qy3JFAtzk0AAWTOX2w2F0upESHTDjxG37ncd7T7OfOUWERSZMrYzK', 'student', 1, 6, '2025-12-27T01:30:05.671Z', 141);
INSERT INTO studentGrades (studentId, subjectId, classId, score, id) VALUES (141, 31, 6, 62, 619);
INSERT INTO studentGrades (studentId, subjectId, classId, score, id) VALUES (141, 32, 6, 86, 620);
INSERT INTO studentGrades (studentId, subjectId, classId, score, id) VALUES (141, 33, 6, 93, 621);
INSERT INTO studentGrades (studentId, subjectId, classId, score, id) VALUES (141, 34, 6, 93, 622);
INSERT INTO studentGrades (studentId, subjectId, classId, score, id) VALUES (141, 35, 6, 82, 623);
INSERT INTO studentGrades (studentId, subjectId, classId, score, id) VALUES (141, 36, 6, 94, 624);
INSERT INTO user (userName, email, password, role, schoolId, classId, createdAt, id) VALUES ('Student_Class 6-A_5', 'student_class6-a_4@school.com', '$2b$10$Qy3JFAtzk0AAWTOX2w2F0upESHTDjxG37ncd7T7OfOUWERSZMrYzK', 'student', 1, 6, '2025-12-27T01:30:05.671Z', 142);
INSERT INTO studentGrades (studentId, subjectId, classId, score, id) VALUES (142, 31, 6, 75, 625);
INSERT INTO studentGrades (studentId, subjectId, classId, score, id) VALUES (142, 32, 6, 45, 626);
INSERT INTO studentGrades (studentId, subjectId, classId, score, id) VALUES (142, 33, 6, 92, 627);
INSERT INTO studentGrades (studentId, subjectId, classId, score, id) VALUES (142, 34, 6, 45, 628);
INSERT INTO studentGrades (studentId, subjectId, classId, score, id) VALUES (142, 35, 6, 97, 629);
INSERT INTO studentGrades (studentId, subjectId, classId, score, id) VALUES (142, 36, 6, 45, 630);
INSERT INTO user (userName, email, password, role, schoolId, classId, createdAt, id) VALUES ('Student_Class 6-A_6', 'student_class6-a_5@school.com', '$2b$10$Qy3JFAtzk0AAWTOX2w2F0upESHTDjxG37ncd7T7OfOUWERSZMrYzK', 'student', 1, 6, '2025-12-27T01:30:05.671Z', 143);
INSERT INTO studentGrades (studentId, subjectId, classId, score, id) VALUES (143, 31, 6, 67, 631);
INSERT INTO studentGrades (studentId, subjectId, classId, score, id) VALUES (143, 32, 6, 70, 632);
INSERT INTO studentGrades (studentId, subjectId, classId, score, id) VALUES (143, 33, 6, 91, 633);
INSERT INTO studentGrades (studentId, subjectId, classId, score, id) VALUES (143, 34, 6, 91, 634);
INSERT INTO studentGrades (studentId, subjectId, classId, score, id) VALUES (143, 35, 6, 89, 635);
INSERT INTO studentGrades (studentId, subjectId, classId, score, id) VALUES (143, 36, 6, 41, 636);
INSERT INTO user (userName, email, password, role, schoolId, classId, createdAt, id) VALUES ('Student_Class 6-A_7', 'student_class6-a_6@school.com', '$2b$10$Qy3JFAtzk0AAWTOX2w2F0upESHTDjxG37ncd7T7OfOUWERSZMrYzK', 'student', 1, 6, '2025-12-27T01:30:05.671Z', 144);
INSERT INTO studentGrades (studentId, subjectId, classId, score, id) VALUES (144, 31, 6, 83, 637);
INSERT INTO studentGrades (studentId, subjectId, classId, score, id) VALUES (144, 32, 6, 44, 638);
INSERT INTO studentGrades (studentId, subjectId, classId, score, id) VALUES (144, 33, 6, 72, 639);
INSERT INTO studentGrades (studentId, subjectId, classId, score, id) VALUES (144, 34, 6, 84, 640);
INSERT INTO studentGrades (studentId, subjectId, classId, score, id) VALUES (144, 35, 6, 89, 641);
INSERT INTO studentGrades (studentId, subjectId, classId, score, id) VALUES (144, 36, 6, 65, 642);
INSERT INTO user (userName, email, password, role, schoolId, classId, createdAt, id) VALUES ('Student_Class 6-A_8', 'student_class6-a_7@school.com', '$2b$10$Qy3JFAtzk0AAWTOX2w2F0upESHTDjxG37ncd7T7OfOUWERSZMrYzK', 'student', 1, 6, '2025-12-27T01:30:05.671Z', 145);
INSERT INTO studentGrades (studentId, subjectId, classId, score, id) VALUES (145, 31, 6, 50, 643);
INSERT INTO studentGrades (studentId, subjectId, classId, score, id) VALUES (145, 32, 6, 44, 644);
INSERT INTO studentGrades (studentId, subjectId, classId, score, id) VALUES (145, 33, 6, 81, 645);
INSERT INTO studentGrades (studentId, subjectId, classId, score, id) VALUES (145, 34, 6, 71, 646);
INSERT INTO studentGrades (studentId, subjectId, classId, score, id) VALUES (145, 35, 6, 52, 647);
INSERT INTO studentGrades (studentId, subjectId, classId, score, id) VALUES (145, 36, 6, 56, 648);
INSERT INTO user (userName, email, password, role, schoolId, classId, createdAt, id) VALUES ('Student_Class 6-A_9', 'student_class6-a_8@school.com', '$2b$10$Qy3JFAtzk0AAWTOX2w2F0upESHTDjxG37ncd7T7OfOUWERSZMrYzK', 'student', 1, 6, '2025-12-27T01:30:05.671Z', 146);
INSERT INTO studentGrades (studentId, subjectId, classId, score, id) VALUES (146, 31, 6, 83, 649);
INSERT INTO studentGrades (studentId, subjectId, classId, score, id) VALUES (146, 32, 6, 96, 650);
INSERT INTO studentGrades (studentId, subjectId, classId, score, id) VALUES (146, 33, 6, 84, 651);
INSERT INTO studentGrades (studentId, subjectId, classId, score, id) VALUES (146, 34, 6, 44, 652);
INSERT INTO studentGrades (studentId, subjectId, classId, score, id) VALUES (146, 35, 6, 91, 653);
INSERT INTO studentGrades (studentId, subjectId, classId, score, id) VALUES (146, 36, 6, 65, 654);
INSERT INTO user (userName, email, password, role, schoolId, classId, createdAt, id) VALUES ('Student_Class 6-A_10', 'student_class6-a_9@school.com', '$2b$10$Qy3JFAtzk0AAWTOX2w2F0upESHTDjxG37ncd7T7OfOUWERSZMrYzK', 'student', 1, 6, '2025-12-27T01:30:05.671Z', 147);
INSERT INTO studentGrades (studentId, subjectId, classId, score, id) VALUES (147, 31, 6, 76, 655);
INSERT INTO studentGrades (studentId, subjectId, classId, score, id) VALUES (147, 32, 6, 56, 656);
INSERT INTO studentGrades (studentId, subjectId, classId, score, id) VALUES (147, 33, 6, 45, 657);
INSERT INTO studentGrades (studentId, subjectId, classId, score, id) VALUES (147, 34, 6, 70, 658);
INSERT INTO studentGrades (studentId, subjectId, classId, score, id) VALUES (147, 35, 6, 58, 659);
INSERT INTO studentGrades (studentId, subjectId, classId, score, id) VALUES (147, 36, 6, 57, 660);
INSERT INTO user (userName, email, password, role, schoolId, classId, createdAt, id) VALUES ('Student_Class 6-A_11', 'student_class6-a_10@school.com', '$2b$10$Qy3JFAtzk0AAWTOX2w2F0upESHTDjxG37ncd7T7OfOUWERSZMrYzK', 'student', 1, 6, '2025-12-27T01:30:05.671Z', 148);
INSERT INTO studentGrades (studentId, subjectId, classId, score, id) VALUES (148, 31, 6, 100, 661);
INSERT INTO studentGrades (studentId, subjectId, classId, score, id) VALUES (148, 32, 6, 66, 662);
INSERT INTO studentGrades (studentId, subjectId, classId, score, id) VALUES (148, 33, 6, 88, 663);
INSERT INTO studentGrades (studentId, subjectId, classId, score, id) VALUES (148, 34, 6, 52, 664);
INSERT INTO studentGrades (studentId, subjectId, classId, score, id) VALUES (148, 35, 6, 60, 665);
INSERT INTO studentGrades (studentId, subjectId, classId, score, id) VALUES (148, 36, 6, 81, 666);
INSERT INTO user (userName, email, password, role, schoolId, classId, createdAt, id) VALUES ('Student_Class 6-A_12', 'student_class6-a_11@school.com', '$2b$10$Qy3JFAtzk0AAWTOX2w2F0upESHTDjxG37ncd7T7OfOUWERSZMrYzK', 'student', 1, 6, '2025-12-27T01:30:05.671Z', 149);
INSERT INTO studentGrades (studentId, subjectId, classId, score, id) VALUES (149, 31, 6, 76, 667);
INSERT INTO studentGrades (studentId, subjectId, classId, score, id) VALUES (149, 32, 6, 46, 668);
INSERT INTO studentGrades (studentId, subjectId, classId, score, id) VALUES (149, 33, 6, 78, 669);
INSERT INTO studentGrades (studentId, subjectId, classId, score, id) VALUES (149, 34, 6, 62, 670);
INSERT INTO studentGrades (studentId, subjectId, classId, score, id) VALUES (149, 35, 6, 59, 671);
INSERT INTO studentGrades (studentId, subjectId, classId, score, id) VALUES (149, 36, 6, 50, 672);
INSERT INTO user (userName, email, password, role, schoolId, classId, createdAt, id) VALUES ('Student_Class 6-A_13', 'student_class6-a_12@school.com', '$2b$10$Qy3JFAtzk0AAWTOX2w2F0upESHTDjxG37ncd7T7OfOUWERSZMrYzK', 'student', 1, 6, '2025-12-27T01:30:05.671Z', 150);
INSERT INTO studentGrades (studentId, subjectId, classId, score, id) VALUES (150, 31, 6, 88, 673);
INSERT INTO studentGrades (studentId, subjectId, classId, score, id) VALUES (150, 32, 6, 61, 674);
INSERT INTO studentGrades (studentId, subjectId, classId, score, id) VALUES (150, 33, 6, 93, 675);
INSERT INTO studentGrades (studentId, subjectId, classId, score, id) VALUES (150, 34, 6, 69, 676);
INSERT INTO studentGrades (studentId, subjectId, classId, score, id) VALUES (150, 35, 6, 83, 677);
INSERT INTO studentGrades (studentId, subjectId, classId, score, id) VALUES (150, 36, 6, 81, 678);
INSERT INTO user (userName, email, password, role, schoolId, classId, createdAt, id) VALUES ('Student_Class 6-A_14', 'student_class6-a_13@school.com', '$2b$10$Qy3JFAtzk0AAWTOX2w2F0upESHTDjxG37ncd7T7OfOUWERSZMrYzK', 'student', 1, 6, '2025-12-27T01:30:05.671Z', 151);
INSERT INTO studentGrades (studentId, subjectId, classId, score, id) VALUES (151, 31, 6, 67, 679);
INSERT INTO studentGrades (studentId, subjectId, classId, score, id) VALUES (151, 32, 6, 51, 680);
INSERT INTO studentGrades (studentId, subjectId, classId, score, id) VALUES (151, 33, 6, 73, 681);
INSERT INTO studentGrades (studentId, subjectId, classId, score, id) VALUES (151, 34, 6, 43, 682);
INSERT INTO studentGrades (studentId, subjectId, classId, score, id) VALUES (151, 35, 6, 68, 683);
INSERT INTO studentGrades (studentId, subjectId, classId, score, id) VALUES (151, 36, 6, 63, 684);
INSERT INTO user (userName, email, password, role, schoolId, classId, createdAt, id) VALUES ('Student_Class 6-A_15', 'student_class6-a_14@school.com', '$2b$10$Qy3JFAtzk0AAWTOX2w2F0upESHTDjxG37ncd7T7OfOUWERSZMrYzK', 'student', 1, 6, '2025-12-27T01:30:05.671Z', 152);
INSERT INTO studentGrades (studentId, subjectId, classId, score, id) VALUES (152, 31, 6, 65, 685);
INSERT INTO studentGrades (studentId, subjectId, classId, score, id) VALUES (152, 32, 6, 43, 686);
INSERT INTO studentGrades (studentId, subjectId, classId, score, id) VALUES (152, 33, 6, 88, 687);
INSERT INTO studentGrades (studentId, subjectId, classId, score, id) VALUES (152, 34, 6, 84, 688);
INSERT INTO studentGrades (studentId, subjectId, classId, score, id) VALUES (152, 35, 6, 97, 689);
INSERT INTO studentGrades (studentId, subjectId, classId, score, id) VALUES (152, 36, 6, 44, 690);
INSERT INTO user (userName, email, password, role, schoolId, classId, createdAt, id) VALUES ('Student_Class 6-A_16', 'student_class6-a_15@school.com', '$2b$10$Qy3JFAtzk0AAWTOX2w2F0upESHTDjxG37ncd7T7OfOUWERSZMrYzK', 'student', 1, 6, '2025-12-27T01:30:05.671Z', 153);
INSERT INTO studentGrades (studentId, subjectId, classId, score, id) VALUES (153, 31, 6, 96, 691);
INSERT INTO studentGrades (studentId, subjectId, classId, score, id) VALUES (153, 32, 6, 52, 692);
INSERT INTO studentGrades (studentId, subjectId, classId, score, id) VALUES (153, 33, 6, 62, 693);
INSERT INTO studentGrades (studentId, subjectId, classId, score, id) VALUES (153, 34, 6, 85, 694);
INSERT INTO studentGrades (studentId, subjectId, classId, score, id) VALUES (153, 35, 6, 87, 695);
INSERT INTO studentGrades (studentId, subjectId, classId, score, id) VALUES (153, 36, 6, 76, 696);
INSERT INTO user (userName, email, password, role, schoolId, classId, createdAt, id) VALUES ('Student_Class 6-A_17', 'student_class6-a_16@school.com', '$2b$10$Qy3JFAtzk0AAWTOX2w2F0upESHTDjxG37ncd7T7OfOUWERSZMrYzK', 'student', 1, 6, '2025-12-27T01:30:05.671Z', 154);
INSERT INTO studentGrades (studentId, subjectId, classId, score, id) VALUES (154, 31, 6, 51, 697);
INSERT INTO studentGrades (studentId, subjectId, classId, score, id) VALUES (154, 32, 6, 92, 698);
INSERT INTO studentGrades (studentId, subjectId, classId, score, id) VALUES (154, 33, 6, 83, 699);
INSERT INTO studentGrades (studentId, subjectId, classId, score, id) VALUES (154, 34, 6, 79, 700);
INSERT INTO studentGrades (studentId, subjectId, classId, score, id) VALUES (154, 35, 6, 66, 701);
INSERT INTO studentGrades (studentId, subjectId, classId, score, id) VALUES (154, 36, 6, 69, 702);
INSERT INTO user (userName, email, password, role, schoolId, classId, createdAt, id) VALUES ('Student_Class 6-A_18', 'student_class6-a_17@school.com', '$2b$10$Qy3JFAtzk0AAWTOX2w2F0upESHTDjxG37ncd7T7OfOUWERSZMrYzK', 'student', 1, 6, '2025-12-27T01:30:05.671Z', 155);
INSERT INTO studentGrades (studentId, subjectId, classId, score, id) VALUES (155, 31, 6, 63, 703);
INSERT INTO studentGrades (studentId, subjectId, classId, score, id) VALUES (155, 32, 6, 60, 704);
INSERT INTO studentGrades (studentId, subjectId, classId, score, id) VALUES (155, 33, 6, 56, 705);
INSERT INTO studentGrades (studentId, subjectId, classId, score, id) VALUES (155, 34, 6, 49, 706);
INSERT INTO studentGrades (studentId, subjectId, classId, score, id) VALUES (155, 35, 6, 40, 707);
INSERT INTO studentGrades (studentId, subjectId, classId, score, id) VALUES (155, 36, 6, 45, 708);
INSERT INTO user (userName, email, password, role, schoolId, classId, createdAt, id) VALUES ('Student_Class 6-A_19', 'student_class6-a_18@school.com', '$2b$10$Qy3JFAtzk0AAWTOX2w2F0upESHTDjxG37ncd7T7OfOUWERSZMrYzK', 'student', 1, 6, '2025-12-27T01:30:05.671Z', 156);
INSERT INTO studentGrades (studentId, subjectId, classId, score, id) VALUES (156, 31, 6, 71, 709);
INSERT INTO studentGrades (studentId, subjectId, classId, score, id) VALUES (156, 32, 6, 45, 710);
INSERT INTO studentGrades (studentId, subjectId, classId, score, id) VALUES (156, 33, 6, 49, 711);
INSERT INTO studentGrades (studentId, subjectId, classId, score, id) VALUES (156, 34, 6, 85, 712);
INSERT INTO studentGrades (studentId, subjectId, classId, score, id) VALUES (156, 35, 6, 72, 713);
INSERT INTO studentGrades (studentId, subjectId, classId, score, id) VALUES (156, 36, 6, 67, 714);
INSERT INTO user (userName, email, password, role, schoolId, classId, createdAt, id) VALUES ('Student_Class 6-A_20', 'student_class6-a_19@school.com', '$2b$10$Qy3JFAtzk0AAWTOX2w2F0upESHTDjxG37ncd7T7OfOUWERSZMrYzK', 'student', 1, 6, '2025-12-27T01:30:05.671Z', 157);
INSERT INTO studentGrades (studentId, subjectId, classId, score, id) VALUES (157, 31, 6, 79, 715);
INSERT INTO studentGrades (studentId, subjectId, classId, score, id) VALUES (157, 32, 6, 50, 716);
INSERT INTO studentGrades (studentId, subjectId, classId, score, id) VALUES (157, 33, 6, 62, 717);
INSERT INTO studentGrades (studentId, subjectId, classId, score, id) VALUES (157, 34, 6, 69, 718);
INSERT INTO studentGrades (studentId, subjectId, classId, score, id) VALUES (157, 35, 6, 60, 719);
INSERT INTO studentGrades (studentId, subjectId, classId, score, id) VALUES (157, 36, 6, 51, 720);
INSERT INTO schedule (classId, subjectId, day, startTime, endTime, id) VALUES (6, 31, 'Sunday', '08:00', '09:00', 151);
INSERT INTO schedule (classId, subjectId, day, startTime, endTime, id) VALUES (6, 32, 'Sunday', '09:00', '10:00', 152);
INSERT INTO schedule (classId, subjectId, day, startTime, endTime, id) VALUES (6, 33, 'Sunday', '10:00', '11:00', 153);
INSERT INTO schedule (classId, subjectId, day, startTime, endTime, id) VALUES (6, 34, 'Sunday', '11:00', '12:00', 154);
INSERT INTO schedule (classId, subjectId, day, startTime, endTime, id) VALUES (6, 35, 'Sunday', '12:00', '13:00', 155);
INSERT INTO schedule (classId, subjectId, day, startTime, endTime, id) VALUES (6, 36, 'Sunday', '13:00', '14:00', 156);
INSERT INTO schedule (classId, subjectId, day, startTime, endTime, id) VALUES (6, 31, 'Monday', '08:00', '09:00', 157);
INSERT INTO schedule (classId, subjectId, day, startTime, endTime, id) VALUES (6, 32, 'Monday', '09:00', '10:00', 158);
INSERT INTO schedule (classId, subjectId, day, startTime, endTime, id) VALUES (6, 33, 'Monday', '10:00', '11:00', 159);
INSERT INTO schedule (classId, subjectId, day, startTime, endTime, id) VALUES (6, 34, 'Monday', '11:00', '12:00', 160);
INSERT INTO schedule (classId, subjectId, day, startTime, endTime, id) VALUES (6, 35, 'Monday', '12:00', '13:00', 161);
INSERT INTO schedule (classId, subjectId, day, startTime, endTime, id) VALUES (6, 36, 'Monday', '13:00', '14:00', 162);
INSERT INTO schedule (classId, subjectId, day, startTime, endTime, id) VALUES (6, 31, 'Tuesday', '08:00', '09:00', 163);
INSERT INTO schedule (classId, subjectId, day, startTime, endTime, id) VALUES (6, 32, 'Tuesday', '09:00', '10:00', 164);
INSERT INTO schedule (classId, subjectId, day, startTime, endTime, id) VALUES (6, 33, 'Tuesday', '10:00', '11:00', 165);
INSERT INTO schedule (classId, subjectId, day, startTime, endTime, id) VALUES (6, 34, 'Tuesday', '11:00', '12:00', 166);
INSERT INTO schedule (classId, subjectId, day, startTime, endTime, id) VALUES (6, 35, 'Tuesday', '12:00', '13:00', 167);
INSERT INTO schedule (classId, subjectId, day, startTime, endTime, id) VALUES (6, 36, 'Tuesday', '13:00', '14:00', 168);
INSERT INTO schedule (classId, subjectId, day, startTime, endTime, id) VALUES (6, 31, 'Wednesday', '08:00', '09:00', 169);
INSERT INTO schedule (classId, subjectId, day, startTime, endTime, id) VALUES (6, 32, 'Wednesday', '09:00', '10:00', 170);
INSERT INTO schedule (classId, subjectId, day, startTime, endTime, id) VALUES (6, 33, 'Wednesday', '10:00', '11:00', 171);
INSERT INTO schedule (classId, subjectId, day, startTime, endTime, id) VALUES (6, 34, 'Wednesday', '11:00', '12:00', 172);
INSERT INTO schedule (classId, subjectId, day, startTime, endTime, id) VALUES (6, 35, 'Wednesday', '12:00', '13:00', 173);
INSERT INTO schedule (classId, subjectId, day, startTime, endTime, id) VALUES (6, 36, 'Wednesday', '13:00', '14:00', 174);
INSERT INTO schedule (classId, subjectId, day, startTime, endTime, id) VALUES (6, 31, 'Thursday', '08:00', '09:00', 175);
INSERT INTO schedule (classId, subjectId, day, startTime, endTime, id) VALUES (6, 32, 'Thursday', '09:00', '10:00', 176);
INSERT INTO schedule (classId, subjectId, day, startTime, endTime, id) VALUES (6, 33, 'Thursday', '10:00', '11:00', 177);
INSERT INTO schedule (classId, subjectId, day, startTime, endTime, id) VALUES (6, 34, 'Thursday', '11:00', '12:00', 178);
INSERT INTO schedule (classId, subjectId, day, startTime, endTime, id) VALUES (6, 35, 'Thursday', '12:00', '13:00', 179);
INSERT INTO schedule (classId, subjectId, day, startTime, endTime, id) VALUES (6, 36, 'Thursday', '13:00', '14:00', 180);
INSERT INTO classRoom (name, schoolId, id) VALUES ('Class 7-A', 1, 7);
INSERT INTO user (userName, email, password, role, schoolId, createdAt, id) VALUES ('Teacher_Class 7-A_Mathematics', 'teacher_class7-a_0@school.com', '$2b$10$Qy3JFAtzk0AAWTOX2w2F0upESHTDjxG37ncd7T7OfOUWERSZMrYzK', 'teacher', 1, '2025-12-27T01:30:05.671Z', 158);
INSERT INTO subject (name, classId, teacherId, id) VALUES ('Mathematics', 7, 158, 37);
INSERT INTO user (userName, email, password, role, schoolId, createdAt, id) VALUES ('Teacher_Class 7-A_Physics', 'teacher_class7-a_1@school.com', '$2b$10$Qy3JFAtzk0AAWTOX2w2F0upESHTDjxG37ncd7T7OfOUWERSZMrYzK', 'teacher', 1, '2025-12-27T01:30:05.671Z', 159);
INSERT INTO subject (name, classId, teacherId, id) VALUES ('Physics', 7, 159, 38);
INSERT INTO user (userName, email, password, role, schoolId, createdAt, id) VALUES ('Teacher_Class 7-A_History', 'teacher_class7-a_2@school.com', '$2b$10$Qy3JFAtzk0AAWTOX2w2F0upESHTDjxG37ncd7T7OfOUWERSZMrYzK', 'teacher', 1, '2025-12-27T01:30:05.671Z', 160);
INSERT INTO subject (name, classId, teacherId, id) VALUES ('History', 7, 160, 39);
INSERT INTO user (userName, email, password, role, schoolId, createdAt, id) VALUES ('Teacher_Class 7-A_Biology', 'teacher_class7-a_3@school.com', '$2b$10$Qy3JFAtzk0AAWTOX2w2F0upESHTDjxG37ncd7T7OfOUWERSZMrYzK', 'teacher', 1, '2025-12-27T01:30:05.671Z', 161);
INSERT INTO subject (name, classId, teacherId, id) VALUES ('Biology', 7, 161, 40);
INSERT INTO user (userName, email, password, role, schoolId, createdAt, id) VALUES ('Teacher_Class 7-A_English', 'teacher_class7-a_4@school.com', '$2b$10$Qy3JFAtzk0AAWTOX2w2F0upESHTDjxG37ncd7T7OfOUWERSZMrYzK', 'teacher', 1, '2025-12-27T01:30:05.671Z', 162);
INSERT INTO subject (name, classId, teacherId, id) VALUES ('English', 7, 162, 41);
INSERT INTO user (userName, email, password, role, schoolId, createdAt, id) VALUES ('Teacher_Class 7-A_Computer Science', 'teacher_class7-a_5@school.com', '$2b$10$Qy3JFAtzk0AAWTOX2w2F0upESHTDjxG37ncd7T7OfOUWERSZMrYzK', 'teacher', 1, '2025-12-27T01:30:05.671Z', 163);
INSERT INTO subject (name, classId, teacherId, id) VALUES ('Computer Science', 7, 163, 42);
INSERT INTO user (userName, email, password, role, schoolId, classId, createdAt, id) VALUES ('Student_Class 7-A_1', 'student_class7-a_0@school.com', '$2b$10$Qy3JFAtzk0AAWTOX2w2F0upESHTDjxG37ncd7T7OfOUWERSZMrYzK', 'student', 1, 7, '2025-12-27T01:30:05.671Z', 164);
INSERT INTO studentGrades (studentId, subjectId, classId, score, id) VALUES (164, 37, 7, 52, 721);
INSERT INTO studentGrades (studentId, subjectId, classId, score, id) VALUES (164, 38, 7, 65, 722);
INSERT INTO studentGrades (studentId, subjectId, classId, score, id) VALUES (164, 39, 7, 87, 723);
INSERT INTO studentGrades (studentId, subjectId, classId, score, id) VALUES (164, 40, 7, 72, 724);
INSERT INTO studentGrades (studentId, subjectId, classId, score, id) VALUES (164, 41, 7, 41, 725);
INSERT INTO studentGrades (studentId, subjectId, classId, score, id) VALUES (164, 42, 7, 77, 726);
INSERT INTO user (userName, email, password, role, schoolId, classId, createdAt, id) VALUES ('Student_Class 7-A_2', 'student_class7-a_1@school.com', '$2b$10$Qy3JFAtzk0AAWTOX2w2F0upESHTDjxG37ncd7T7OfOUWERSZMrYzK', 'student', 1, 7, '2025-12-27T01:30:05.671Z', 165);
INSERT INTO studentGrades (studentId, subjectId, classId, score, id) VALUES (165, 37, 7, 48, 727);
INSERT INTO studentGrades (studentId, subjectId, classId, score, id) VALUES (165, 38, 7, 93, 728);
INSERT INTO studentGrades (studentId, subjectId, classId, score, id) VALUES (165, 39, 7, 87, 729);
INSERT INTO studentGrades (studentId, subjectId, classId, score, id) VALUES (165, 40, 7, 82, 730);
INSERT INTO studentGrades (studentId, subjectId, classId, score, id) VALUES (165, 41, 7, 64, 731);
INSERT INTO studentGrades (studentId, subjectId, classId, score, id) VALUES (165, 42, 7, 95, 732);
INSERT INTO user (userName, email, password, role, schoolId, classId, createdAt, id) VALUES ('Student_Class 7-A_3', 'student_class7-a_2@school.com', '$2b$10$Qy3JFAtzk0AAWTOX2w2F0upESHTDjxG37ncd7T7OfOUWERSZMrYzK', 'student', 1, 7, '2025-12-27T01:30:05.671Z', 166);
INSERT INTO studentGrades (studentId, subjectId, classId, score, id) VALUES (166, 37, 7, 77, 733);
INSERT INTO studentGrades (studentId, subjectId, classId, score, id) VALUES (166, 38, 7, 66, 734);
INSERT INTO studentGrades (studentId, subjectId, classId, score, id) VALUES (166, 39, 7, 58, 735);
INSERT INTO studentGrades (studentId, subjectId, classId, score, id) VALUES (166, 40, 7, 63, 736);
INSERT INTO studentGrades (studentId, subjectId, classId, score, id) VALUES (166, 41, 7, 69, 737);
INSERT INTO studentGrades (studentId, subjectId, classId, score, id) VALUES (166, 42, 7, 92, 738);
INSERT INTO user (userName, email, password, role, schoolId, classId, createdAt, id) VALUES ('Student_Class 7-A_4', 'student_class7-a_3@school.com', '$2b$10$Qy3JFAtzk0AAWTOX2w2F0upESHTDjxG37ncd7T7OfOUWERSZMrYzK', 'student', 1, 7, '2025-12-27T01:30:05.671Z', 167);
INSERT INTO studentGrades (studentId, subjectId, classId, score, id) VALUES (167, 37, 7, 64, 739);
INSERT INTO studentGrades (studentId, subjectId, classId, score, id) VALUES (167, 38, 7, 44, 740);
INSERT INTO studentGrades (studentId, subjectId, classId, score, id) VALUES (167, 39, 7, 93, 741);
INSERT INTO studentGrades (studentId, subjectId, classId, score, id) VALUES (167, 40, 7, 50, 742);
INSERT INTO studentGrades (studentId, subjectId, classId, score, id) VALUES (167, 41, 7, 58, 743);
INSERT INTO studentGrades (studentId, subjectId, classId, score, id) VALUES (167, 42, 7, 81, 744);
INSERT INTO user (userName, email, password, role, schoolId, classId, createdAt, id) VALUES ('Student_Class 7-A_5', 'student_class7-a_4@school.com', '$2b$10$Qy3JFAtzk0AAWTOX2w2F0upESHTDjxG37ncd7T7OfOUWERSZMrYzK', 'student', 1, 7, '2025-12-27T01:30:05.671Z', 168);
INSERT INTO studentGrades (studentId, subjectId, classId, score, id) VALUES (168, 37, 7, 85, 745);
INSERT INTO studentGrades (studentId, subjectId, classId, score, id) VALUES (168, 38, 7, 94, 746);
INSERT INTO studentGrades (studentId, subjectId, classId, score, id) VALUES (168, 39, 7, 97, 747);
INSERT INTO studentGrades (studentId, subjectId, classId, score, id) VALUES (168, 40, 7, 77, 748);
INSERT INTO studentGrades (studentId, subjectId, classId, score, id) VALUES (168, 41, 7, 57, 749);
INSERT INTO studentGrades (studentId, subjectId, classId, score, id) VALUES (168, 42, 7, 89, 750);
INSERT INTO user (userName, email, password, role, schoolId, classId, createdAt, id) VALUES ('Student_Class 7-A_6', 'student_class7-a_5@school.com', '$2b$10$Qy3JFAtzk0AAWTOX2w2F0upESHTDjxG37ncd7T7OfOUWERSZMrYzK', 'student', 1, 7, '2025-12-27T01:30:05.671Z', 169);
INSERT INTO studentGrades (studentId, subjectId, classId, score, id) VALUES (169, 37, 7, 94, 751);
INSERT INTO studentGrades (studentId, subjectId, classId, score, id) VALUES (169, 38, 7, 76, 752);
INSERT INTO studentGrades (studentId, subjectId, classId, score, id) VALUES (169, 39, 7, 40, 753);
INSERT INTO studentGrades (studentId, subjectId, classId, score, id) VALUES (169, 40, 7, 78, 754);
INSERT INTO studentGrades (studentId, subjectId, classId, score, id) VALUES (169, 41, 7, 87, 755);
INSERT INTO studentGrades (studentId, subjectId, classId, score, id) VALUES (169, 42, 7, 55, 756);
INSERT INTO user (userName, email, password, role, schoolId, classId, createdAt, id) VALUES ('Student_Class 7-A_7', 'student_class7-a_6@school.com', '$2b$10$Qy3JFAtzk0AAWTOX2w2F0upESHTDjxG37ncd7T7OfOUWERSZMrYzK', 'student', 1, 7, '2025-12-27T01:30:05.671Z', 170);
INSERT INTO studentGrades (studentId, subjectId, classId, score, id) VALUES (170, 37, 7, 73, 757);
INSERT INTO studentGrades (studentId, subjectId, classId, score, id) VALUES (170, 38, 7, 78, 758);
INSERT INTO studentGrades (studentId, subjectId, classId, score, id) VALUES (170, 39, 7, 83, 759);
INSERT INTO studentGrades (studentId, subjectId, classId, score, id) VALUES (170, 40, 7, 50, 760);
INSERT INTO studentGrades (studentId, subjectId, classId, score, id) VALUES (170, 41, 7, 66, 761);
INSERT INTO studentGrades (studentId, subjectId, classId, score, id) VALUES (170, 42, 7, 63, 762);
INSERT INTO user (userName, email, password, role, schoolId, classId, createdAt, id) VALUES ('Student_Class 7-A_8', 'student_class7-a_7@school.com', '$2b$10$Qy3JFAtzk0AAWTOX2w2F0upESHTDjxG37ncd7T7OfOUWERSZMrYzK', 'student', 1, 7, '2025-12-27T01:30:05.672Z', 171);
INSERT INTO studentGrades (studentId, subjectId, classId, score, id) VALUES (171, 37, 7, 46, 763);
INSERT INTO studentGrades (studentId, subjectId, classId, score, id) VALUES (171, 38, 7, 72, 764);
INSERT INTO studentGrades (studentId, subjectId, classId, score, id) VALUES (171, 39, 7, 87, 765);
INSERT INTO studentGrades (studentId, subjectId, classId, score, id) VALUES (171, 40, 7, 98, 766);
INSERT INTO studentGrades (studentId, subjectId, classId, score, id) VALUES (171, 41, 7, 50, 767);
INSERT INTO studentGrades (studentId, subjectId, classId, score, id) VALUES (171, 42, 7, 71, 768);
INSERT INTO user (userName, email, password, role, schoolId, classId, createdAt, id) VALUES ('Student_Class 7-A_9', 'student_class7-a_8@school.com', '$2b$10$Qy3JFAtzk0AAWTOX2w2F0upESHTDjxG37ncd7T7OfOUWERSZMrYzK', 'student', 1, 7, '2025-12-27T01:30:05.672Z', 172);
INSERT INTO studentGrades (studentId, subjectId, classId, score, id) VALUES (172, 37, 7, 94, 769);
INSERT INTO studentGrades (studentId, subjectId, classId, score, id) VALUES (172, 38, 7, 91, 770);
INSERT INTO studentGrades (studentId, subjectId, classId, score, id) VALUES (172, 39, 7, 92, 771);
INSERT INTO studentGrades (studentId, subjectId, classId, score, id) VALUES (172, 40, 7, 59, 772);
INSERT INTO studentGrades (studentId, subjectId, classId, score, id) VALUES (172, 41, 7, 40, 773);
INSERT INTO studentGrades (studentId, subjectId, classId, score, id) VALUES (172, 42, 7, 43, 774);
INSERT INTO user (userName, email, password, role, schoolId, classId, createdAt, id) VALUES ('Student_Class 7-A_10', 'student_class7-a_9@school.com', '$2b$10$Qy3JFAtzk0AAWTOX2w2F0upESHTDjxG37ncd7T7OfOUWERSZMrYzK', 'student', 1, 7, '2025-12-27T01:30:05.672Z', 173);
INSERT INTO studentGrades (studentId, subjectId, classId, score, id) VALUES (173, 37, 7, 42, 775);
INSERT INTO studentGrades (studentId, subjectId, classId, score, id) VALUES (173, 38, 7, 76, 776);
INSERT INTO studentGrades (studentId, subjectId, classId, score, id) VALUES (173, 39, 7, 72, 777);
INSERT INTO studentGrades (studentId, subjectId, classId, score, id) VALUES (173, 40, 7, 77, 778);
INSERT INTO studentGrades (studentId, subjectId, classId, score, id) VALUES (173, 41, 7, 49, 779);
INSERT INTO studentGrades (studentId, subjectId, classId, score, id) VALUES (173, 42, 7, 53, 780);
INSERT INTO user (userName, email, password, role, schoolId, classId, createdAt, id) VALUES ('Student_Class 7-A_11', 'student_class7-a_10@school.com', '$2b$10$Qy3JFAtzk0AAWTOX2w2F0upESHTDjxG37ncd7T7OfOUWERSZMrYzK', 'student', 1, 7, '2025-12-27T01:30:05.672Z', 174);
INSERT INTO studentGrades (studentId, subjectId, classId, score, id) VALUES (174, 37, 7, 73, 781);
INSERT INTO studentGrades (studentId, subjectId, classId, score, id) VALUES (174, 38, 7, 88, 782);
INSERT INTO studentGrades (studentId, subjectId, classId, score, id) VALUES (174, 39, 7, 53, 783);
INSERT INTO studentGrades (studentId, subjectId, classId, score, id) VALUES (174, 40, 7, 66, 784);
INSERT INTO studentGrades (studentId, subjectId, classId, score, id) VALUES (174, 41, 7, 89, 785);
INSERT INTO studentGrades (studentId, subjectId, classId, score, id) VALUES (174, 42, 7, 40, 786);
INSERT INTO user (userName, email, password, role, schoolId, classId, createdAt, id) VALUES ('Student_Class 7-A_12', 'student_class7-a_11@school.com', '$2b$10$Qy3JFAtzk0AAWTOX2w2F0upESHTDjxG37ncd7T7OfOUWERSZMrYzK', 'student', 1, 7, '2025-12-27T01:30:05.672Z', 175);
INSERT INTO studentGrades (studentId, subjectId, classId, score, id) VALUES (175, 37, 7, 93, 787);
INSERT INTO studentGrades (studentId, subjectId, classId, score, id) VALUES (175, 38, 7, 46, 788);
INSERT INTO studentGrades (studentId, subjectId, classId, score, id) VALUES (175, 39, 7, 71, 789);
INSERT INTO studentGrades (studentId, subjectId, classId, score, id) VALUES (175, 40, 7, 79, 790);
INSERT INTO studentGrades (studentId, subjectId, classId, score, id) VALUES (175, 41, 7, 67, 791);
INSERT INTO studentGrades (studentId, subjectId, classId, score, id) VALUES (175, 42, 7, 81, 792);
INSERT INTO user (userName, email, password, role, schoolId, classId, createdAt, id) VALUES ('Student_Class 7-A_13', 'student_class7-a_12@school.com', '$2b$10$Qy3JFAtzk0AAWTOX2w2F0upESHTDjxG37ncd7T7OfOUWERSZMrYzK', 'student', 1, 7, '2025-12-27T01:30:05.672Z', 176);
INSERT INTO studentGrades (studentId, subjectId, classId, score, id) VALUES (176, 37, 7, 62, 793);
INSERT INTO studentGrades (studentId, subjectId, classId, score, id) VALUES (176, 38, 7, 49, 794);
INSERT INTO studentGrades (studentId, subjectId, classId, score, id) VALUES (176, 39, 7, 82, 795);
INSERT INTO studentGrades (studentId, subjectId, classId, score, id) VALUES (176, 40, 7, 86, 796);
INSERT INTO studentGrades (studentId, subjectId, classId, score, id) VALUES (176, 41, 7, 91, 797);
INSERT INTO studentGrades (studentId, subjectId, classId, score, id) VALUES (176, 42, 7, 89, 798);
INSERT INTO user (userName, email, password, role, schoolId, classId, createdAt, id) VALUES ('Student_Class 7-A_14', 'student_class7-a_13@school.com', '$2b$10$Qy3JFAtzk0AAWTOX2w2F0upESHTDjxG37ncd7T7OfOUWERSZMrYzK', 'student', 1, 7, '2025-12-27T01:30:05.672Z', 177);
INSERT INTO studentGrades (studentId, subjectId, classId, score, id) VALUES (177, 37, 7, 42, 799);
INSERT INTO studentGrades (studentId, subjectId, classId, score, id) VALUES (177, 38, 7, 49, 800);
INSERT INTO studentGrades (studentId, subjectId, classId, score, id) VALUES (177, 39, 7, 60, 801);
INSERT INTO studentGrades (studentId, subjectId, classId, score, id) VALUES (177, 40, 7, 48, 802);
INSERT INTO studentGrades (studentId, subjectId, classId, score, id) VALUES (177, 41, 7, 60, 803);
INSERT INTO studentGrades (studentId, subjectId, classId, score, id) VALUES (177, 42, 7, 85, 804);
INSERT INTO user (userName, email, password, role, schoolId, classId, createdAt, id) VALUES ('Student_Class 7-A_15', 'student_class7-a_14@school.com', '$2b$10$Qy3JFAtzk0AAWTOX2w2F0upESHTDjxG37ncd7T7OfOUWERSZMrYzK', 'student', 1, 7, '2025-12-27T01:30:05.672Z', 178);
INSERT INTO studentGrades (studentId, subjectId, classId, score, id) VALUES (178, 37, 7, 40, 805);
INSERT INTO studentGrades (studentId, subjectId, classId, score, id) VALUES (178, 38, 7, 77, 806);
INSERT INTO studentGrades (studentId, subjectId, classId, score, id) VALUES (178, 39, 7, 46, 807);
INSERT INTO studentGrades (studentId, subjectId, classId, score, id) VALUES (178, 40, 7, 43, 808);
INSERT INTO studentGrades (studentId, subjectId, classId, score, id) VALUES (178, 41, 7, 52, 809);
INSERT INTO studentGrades (studentId, subjectId, classId, score, id) VALUES (178, 42, 7, 77, 810);
INSERT INTO user (userName, email, password, role, schoolId, classId, createdAt, id) VALUES ('Student_Class 7-A_16', 'student_class7-a_15@school.com', '$2b$10$Qy3JFAtzk0AAWTOX2w2F0upESHTDjxG37ncd7T7OfOUWERSZMrYzK', 'student', 1, 7, '2025-12-27T01:30:05.672Z', 179);
INSERT INTO studentGrades (studentId, subjectId, classId, score, id) VALUES (179, 37, 7, 45, 811);
INSERT INTO studentGrades (studentId, subjectId, classId, score, id) VALUES (179, 38, 7, 54, 812);
INSERT INTO studentGrades (studentId, subjectId, classId, score, id) VALUES (179, 39, 7, 72, 813);
INSERT INTO studentGrades (studentId, subjectId, classId, score, id) VALUES (179, 40, 7, 64, 814);
INSERT INTO studentGrades (studentId, subjectId, classId, score, id) VALUES (179, 41, 7, 74, 815);
INSERT INTO studentGrades (studentId, subjectId, classId, score, id) VALUES (179, 42, 7, 81, 816);
INSERT INTO user (userName, email, password, role, schoolId, classId, createdAt, id) VALUES ('Student_Class 7-A_17', 'student_class7-a_16@school.com', '$2b$10$Qy3JFAtzk0AAWTOX2w2F0upESHTDjxG37ncd7T7OfOUWERSZMrYzK', 'student', 1, 7, '2025-12-27T01:30:05.672Z', 180);
INSERT INTO studentGrades (studentId, subjectId, classId, score, id) VALUES (180, 37, 7, 80, 817);
INSERT INTO studentGrades (studentId, subjectId, classId, score, id) VALUES (180, 38, 7, 52, 818);
INSERT INTO studentGrades (studentId, subjectId, classId, score, id) VALUES (180, 39, 7, 81, 819);
INSERT INTO studentGrades (studentId, subjectId, classId, score, id) VALUES (180, 40, 7, 51, 820);
INSERT INTO studentGrades (studentId, subjectId, classId, score, id) VALUES (180, 41, 7, 75, 821);
INSERT INTO studentGrades (studentId, subjectId, classId, score, id) VALUES (180, 42, 7, 76, 822);
INSERT INTO user (userName, email, password, role, schoolId, classId, createdAt, id) VALUES ('Student_Class 7-A_18', 'student_class7-a_17@school.com', '$2b$10$Qy3JFAtzk0AAWTOX2w2F0upESHTDjxG37ncd7T7OfOUWERSZMrYzK', 'student', 1, 7, '2025-12-27T01:30:05.672Z', 181);
INSERT INTO studentGrades (studentId, subjectId, classId, score, id) VALUES (181, 37, 7, 57, 823);
INSERT INTO studentGrades (studentId, subjectId, classId, score, id) VALUES (181, 38, 7, 47, 824);
INSERT INTO studentGrades (studentId, subjectId, classId, score, id) VALUES (181, 39, 7, 76, 825);
INSERT INTO studentGrades (studentId, subjectId, classId, score, id) VALUES (181, 40, 7, 73, 826);
INSERT INTO studentGrades (studentId, subjectId, classId, score, id) VALUES (181, 41, 7, 62, 827);
INSERT INTO studentGrades (studentId, subjectId, classId, score, id) VALUES (181, 42, 7, 76, 828);
INSERT INTO user (userName, email, password, role, schoolId, classId, createdAt, id) VALUES ('Student_Class 7-A_19', 'student_class7-a_18@school.com', '$2b$10$Qy3JFAtzk0AAWTOX2w2F0upESHTDjxG37ncd7T7OfOUWERSZMrYzK', 'student', 1, 7, '2025-12-27T01:30:05.672Z', 182);
INSERT INTO studentGrades (studentId, subjectId, classId, score, id) VALUES (182, 37, 7, 91, 829);
INSERT INTO studentGrades (studentId, subjectId, classId, score, id) VALUES (182, 38, 7, 58, 830);
INSERT INTO studentGrades (studentId, subjectId, classId, score, id) VALUES (182, 39, 7, 58, 831);
INSERT INTO studentGrades (studentId, subjectId, classId, score, id) VALUES (182, 40, 7, 54, 832);
INSERT INTO studentGrades (studentId, subjectId, classId, score, id) VALUES (182, 41, 7, 44, 833);
INSERT INTO studentGrades (studentId, subjectId, classId, score, id) VALUES (182, 42, 7, 99, 834);
INSERT INTO user (userName, email, password, role, schoolId, classId, createdAt, id) VALUES ('Student_Class 7-A_20', 'student_class7-a_19@school.com', '$2b$10$Qy3JFAtzk0AAWTOX2w2F0upESHTDjxG37ncd7T7OfOUWERSZMrYzK', 'student', 1, 7, '2025-12-27T01:30:05.672Z', 183);
INSERT INTO studentGrades (studentId, subjectId, classId, score, id) VALUES (183, 37, 7, 70, 835);
INSERT INTO studentGrades (studentId, subjectId, classId, score, id) VALUES (183, 38, 7, 70, 836);
INSERT INTO studentGrades (studentId, subjectId, classId, score, id) VALUES (183, 39, 7, 93, 837);
INSERT INTO studentGrades (studentId, subjectId, classId, score, id) VALUES (183, 40, 7, 82, 838);
INSERT INTO studentGrades (studentId, subjectId, classId, score, id) VALUES (183, 41, 7, 64, 839);
INSERT INTO studentGrades (studentId, subjectId, classId, score, id) VALUES (183, 42, 7, 77, 840);
INSERT INTO schedule (classId, subjectId, day, startTime, endTime, id) VALUES (7, 37, 'Sunday', '08:00', '09:00', 181);
INSERT INTO schedule (classId, subjectId, day, startTime, endTime, id) VALUES (7, 38, 'Sunday', '09:00', '10:00', 182);
INSERT INTO schedule (classId, subjectId, day, startTime, endTime, id) VALUES (7, 39, 'Sunday', '10:00', '11:00', 183);
INSERT INTO schedule (classId, subjectId, day, startTime, endTime, id) VALUES (7, 40, 'Sunday', '11:00', '12:00', 184);
INSERT INTO schedule (classId, subjectId, day, startTime, endTime, id) VALUES (7, 41, 'Sunday', '12:00', '13:00', 185);
INSERT INTO schedule (classId, subjectId, day, startTime, endTime, id) VALUES (7, 42, 'Sunday', '13:00', '14:00', 186);
INSERT INTO schedule (classId, subjectId, day, startTime, endTime, id) VALUES (7, 37, 'Monday', '08:00', '09:00', 187);
INSERT INTO schedule (classId, subjectId, day, startTime, endTime, id) VALUES (7, 38, 'Monday', '09:00', '10:00', 188);
INSERT INTO schedule (classId, subjectId, day, startTime, endTime, id) VALUES (7, 39, 'Monday', '10:00', '11:00', 189);
INSERT INTO schedule (classId, subjectId, day, startTime, endTime, id) VALUES (7, 40, 'Monday', '11:00', '12:00', 190);
INSERT INTO schedule (classId, subjectId, day, startTime, endTime, id) VALUES (7, 41, 'Monday', '12:00', '13:00', 191);
INSERT INTO schedule (classId, subjectId, day, startTime, endTime, id) VALUES (7, 42, 'Monday', '13:00', '14:00', 192);
INSERT INTO schedule (classId, subjectId, day, startTime, endTime, id) VALUES (7, 37, 'Tuesday', '08:00', '09:00', 193);
INSERT INTO schedule (classId, subjectId, day, startTime, endTime, id) VALUES (7, 38, 'Tuesday', '09:00', '10:00', 194);
INSERT INTO schedule (classId, subjectId, day, startTime, endTime, id) VALUES (7, 39, 'Tuesday', '10:00', '11:00', 195);
INSERT INTO schedule (classId, subjectId, day, startTime, endTime, id) VALUES (7, 40, 'Tuesday', '11:00', '12:00', 196);
INSERT INTO schedule (classId, subjectId, day, startTime, endTime, id) VALUES (7, 41, 'Tuesday', '12:00', '13:00', 197);
INSERT INTO schedule (classId, subjectId, day, startTime, endTime, id) VALUES (7, 42, 'Tuesday', '13:00', '14:00', 198);
INSERT INTO schedule (classId, subjectId, day, startTime, endTime, id) VALUES (7, 37, 'Wednesday', '08:00', '09:00', 199);
INSERT INTO schedule (classId, subjectId, day, startTime, endTime, id) VALUES (7, 38, 'Wednesday', '09:00', '10:00', 200);
INSERT INTO schedule (classId, subjectId, day, startTime, endTime, id) VALUES (7, 39, 'Wednesday', '10:00', '11:00', 201);
INSERT INTO schedule (classId, subjectId, day, startTime, endTime, id) VALUES (7, 40, 'Wednesday', '11:00', '12:00', 202);
INSERT INTO schedule (classId, subjectId, day, startTime, endTime, id) VALUES (7, 41, 'Wednesday', '12:00', '13:00', 203);
INSERT INTO schedule (classId, subjectId, day, startTime, endTime, id) VALUES (7, 42, 'Wednesday', '13:00', '14:00', 204);
INSERT INTO schedule (classId, subjectId, day, startTime, endTime, id) VALUES (7, 37, 'Thursday', '08:00', '09:00', 205);
INSERT INTO schedule (classId, subjectId, day, startTime, endTime, id) VALUES (7, 38, 'Thursday', '09:00', '10:00', 206);
INSERT INTO schedule (classId, subjectId, day, startTime, endTime, id) VALUES (7, 39, 'Thursday', '10:00', '11:00', 207);
INSERT INTO schedule (classId, subjectId, day, startTime, endTime, id) VALUES (7, 40, 'Thursday', '11:00', '12:00', 208);
INSERT INTO schedule (classId, subjectId, day, startTime, endTime, id) VALUES (7, 41, 'Thursday', '12:00', '13:00', 209);
INSERT INTO schedule (classId, subjectId, day, startTime, endTime, id) VALUES (7, 42, 'Thursday', '13:00', '14:00', 210);
INSERT INTO classRoom (name, schoolId, id) VALUES ('Class 8-A', 1, 8);
INSERT INTO user (userName, email, password, role, schoolId, createdAt, id) VALUES ('Teacher_Class 8-A_Mathematics', 'teacher_class8-a_0@school.com', '$2b$10$Qy3JFAtzk0AAWTOX2w2F0upESHTDjxG37ncd7T7OfOUWERSZMrYzK', 'teacher', 1, '2025-12-27T01:30:05.672Z', 184);
INSERT INTO subject (name, classId, teacherId, id) VALUES ('Mathematics', 8, 184, 43);
INSERT INTO user (userName, email, password, role, schoolId, createdAt, id) VALUES ('Teacher_Class 8-A_Physics', 'teacher_class8-a_1@school.com', '$2b$10$Qy3JFAtzk0AAWTOX2w2F0upESHTDjxG37ncd7T7OfOUWERSZMrYzK', 'teacher', 1, '2025-12-27T01:30:05.672Z', 185);
INSERT INTO subject (name, classId, teacherId, id) VALUES ('Physics', 8, 185, 44);
INSERT INTO user (userName, email, password, role, schoolId, createdAt, id) VALUES ('Teacher_Class 8-A_History', 'teacher_class8-a_2@school.com', '$2b$10$Qy3JFAtzk0AAWTOX2w2F0upESHTDjxG37ncd7T7OfOUWERSZMrYzK', 'teacher', 1, '2025-12-27T01:30:05.672Z', 186);
INSERT INTO subject (name, classId, teacherId, id) VALUES ('History', 8, 186, 45);
INSERT INTO user (userName, email, password, role, schoolId, createdAt, id) VALUES ('Teacher_Class 8-A_Biology', 'teacher_class8-a_3@school.com', '$2b$10$Qy3JFAtzk0AAWTOX2w2F0upESHTDjxG37ncd7T7OfOUWERSZMrYzK', 'teacher', 1, '2025-12-27T01:30:05.672Z', 187);
INSERT INTO subject (name, classId, teacherId, id) VALUES ('Biology', 8, 187, 46);
INSERT INTO user (userName, email, password, role, schoolId, createdAt, id) VALUES ('Teacher_Class 8-A_English', 'teacher_class8-a_4@school.com', '$2b$10$Qy3JFAtzk0AAWTOX2w2F0upESHTDjxG37ncd7T7OfOUWERSZMrYzK', 'teacher', 1, '2025-12-27T01:30:05.672Z', 188);
INSERT INTO subject (name, classId, teacherId, id) VALUES ('English', 8, 188, 47);
INSERT INTO user (userName, email, password, role, schoolId, createdAt, id) VALUES ('Teacher_Class 8-A_Computer Science', 'teacher_class8-a_5@school.com', '$2b$10$Qy3JFAtzk0AAWTOX2w2F0upESHTDjxG37ncd7T7OfOUWERSZMrYzK', 'teacher', 1, '2025-12-27T01:30:05.672Z', 189);
INSERT INTO subject (name, classId, teacherId, id) VALUES ('Computer Science', 8, 189, 48);
INSERT INTO user (userName, email, password, role, schoolId, classId, createdAt, id) VALUES ('Student_Class 8-A_1', 'student_class8-a_0@school.com', '$2b$10$Qy3JFAtzk0AAWTOX2w2F0upESHTDjxG37ncd7T7OfOUWERSZMrYzK', 'student', 1, 8, '2025-12-27T01:30:05.672Z', 190);
INSERT INTO studentGrades (studentId, subjectId, classId, score, id) VALUES (190, 43, 8, 54, 841);
INSERT INTO studentGrades (studentId, subjectId, classId, score, id) VALUES (190, 44, 8, 50, 842);
INSERT INTO studentGrades (studentId, subjectId, classId, score, id) VALUES (190, 45, 8, 87, 843);
INSERT INTO studentGrades (studentId, subjectId, classId, score, id) VALUES (190, 46, 8, 59, 844);
INSERT INTO studentGrades (studentId, subjectId, classId, score, id) VALUES (190, 47, 8, 49, 845);
INSERT INTO studentGrades (studentId, subjectId, classId, score, id) VALUES (190, 48, 8, 81, 846);
INSERT INTO user (userName, email, password, role, schoolId, classId, createdAt, id) VALUES ('Student_Class 8-A_2', 'student_class8-a_1@school.com', '$2b$10$Qy3JFAtzk0AAWTOX2w2F0upESHTDjxG37ncd7T7OfOUWERSZMrYzK', 'student', 1, 8, '2025-12-27T01:30:05.672Z', 191);
INSERT INTO studentGrades (studentId, subjectId, classId, score, id) VALUES (191, 43, 8, 41, 847);
INSERT INTO studentGrades (studentId, subjectId, classId, score, id) VALUES (191, 44, 8, 52, 848);
INSERT INTO studentGrades (studentId, subjectId, classId, score, id) VALUES (191, 45, 8, 60, 849);
INSERT INTO studentGrades (studentId, subjectId, classId, score, id) VALUES (191, 46, 8, 63, 850);
INSERT INTO studentGrades (studentId, subjectId, classId, score, id) VALUES (191, 47, 8, 52, 851);
INSERT INTO studentGrades (studentId, subjectId, classId, score, id) VALUES (191, 48, 8, 85, 852);
INSERT INTO user (userName, email, password, role, schoolId, classId, createdAt, id) VALUES ('Student_Class 8-A_3', 'student_class8-a_2@school.com', '$2b$10$Qy3JFAtzk0AAWTOX2w2F0upESHTDjxG37ncd7T7OfOUWERSZMrYzK', 'student', 1, 8, '2025-12-27T01:30:05.672Z', 192);
INSERT INTO studentGrades (studentId, subjectId, classId, score, id) VALUES (192, 43, 8, 94, 853);
INSERT INTO studentGrades (studentId, subjectId, classId, score, id) VALUES (192, 44, 8, 58, 854);
INSERT INTO studentGrades (studentId, subjectId, classId, score, id) VALUES (192, 45, 8, 56, 855);
INSERT INTO studentGrades (studentId, subjectId, classId, score, id) VALUES (192, 46, 8, 63, 856);
INSERT INTO studentGrades (studentId, subjectId, classId, score, id) VALUES (192, 47, 8, 53, 857);
INSERT INTO studentGrades (studentId, subjectId, classId, score, id) VALUES (192, 48, 8, 46, 858);
INSERT INTO user (userName, email, password, role, schoolId, classId, createdAt, id) VALUES ('Student_Class 8-A_4', 'student_class8-a_3@school.com', '$2b$10$Qy3JFAtzk0AAWTOX2w2F0upESHTDjxG37ncd7T7OfOUWERSZMrYzK', 'student', 1, 8, '2025-12-27T01:30:05.672Z', 193);
INSERT INTO studentGrades (studentId, subjectId, classId, score, id) VALUES (193, 43, 8, 48, 859);
INSERT INTO studentGrades (studentId, subjectId, classId, score, id) VALUES (193, 44, 8, 96, 860);
INSERT INTO studentGrades (studentId, subjectId, classId, score, id) VALUES (193, 45, 8, 92, 861);
INSERT INTO studentGrades (studentId, subjectId, classId, score, id) VALUES (193, 46, 8, 41, 862);
INSERT INTO studentGrades (studentId, subjectId, classId, score, id) VALUES (193, 47, 8, 83, 863);
INSERT INTO studentGrades (studentId, subjectId, classId, score, id) VALUES (193, 48, 8, 56, 864);
INSERT INTO user (userName, email, password, role, schoolId, classId, createdAt, id) VALUES ('Student_Class 8-A_5', 'student_class8-a_4@school.com', '$2b$10$Qy3JFAtzk0AAWTOX2w2F0upESHTDjxG37ncd7T7OfOUWERSZMrYzK', 'student', 1, 8, '2025-12-27T01:30:05.672Z', 194);
INSERT INTO studentGrades (studentId, subjectId, classId, score, id) VALUES (194, 43, 8, 93, 865);
INSERT INTO studentGrades (studentId, subjectId, classId, score, id) VALUES (194, 44, 8, 72, 866);
INSERT INTO studentGrades (studentId, subjectId, classId, score, id) VALUES (194, 45, 8, 41, 867);
INSERT INTO studentGrades (studentId, subjectId, classId, score, id) VALUES (194, 46, 8, 57, 868);
INSERT INTO studentGrades (studentId, subjectId, classId, score, id) VALUES (194, 47, 8, 86, 869);
INSERT INTO studentGrades (studentId, subjectId, classId, score, id) VALUES (194, 48, 8, 73, 870);
INSERT INTO user (userName, email, password, role, schoolId, classId, createdAt, id) VALUES ('Student_Class 8-A_6', 'student_class8-a_5@school.com', '$2b$10$Qy3JFAtzk0AAWTOX2w2F0upESHTDjxG37ncd7T7OfOUWERSZMrYzK', 'student', 1, 8, '2025-12-27T01:30:05.672Z', 195);
INSERT INTO studentGrades (studentId, subjectId, classId, score, id) VALUES (195, 43, 8, 85, 871);
INSERT INTO studentGrades (studentId, subjectId, classId, score, id) VALUES (195, 44, 8, 40, 872);
INSERT INTO studentGrades (studentId, subjectId, classId, score, id) VALUES (195, 45, 8, 79, 873);
INSERT INTO studentGrades (studentId, subjectId, classId, score, id) VALUES (195, 46, 8, 46, 874);
INSERT INTO studentGrades (studentId, subjectId, classId, score, id) VALUES (195, 47, 8, 75, 875);
INSERT INTO studentGrades (studentId, subjectId, classId, score, id) VALUES (195, 48, 8, 45, 876);
INSERT INTO user (userName, email, password, role, schoolId, classId, createdAt, id) VALUES ('Student_Class 8-A_7', 'student_class8-a_6@school.com', '$2b$10$Qy3JFAtzk0AAWTOX2w2F0upESHTDjxG37ncd7T7OfOUWERSZMrYzK', 'student', 1, 8, '2025-12-27T01:30:05.672Z', 196);
INSERT INTO studentGrades (studentId, subjectId, classId, score, id) VALUES (196, 43, 8, 70, 877);
INSERT INTO studentGrades (studentId, subjectId, classId, score, id) VALUES (196, 44, 8, 82, 878);
INSERT INTO studentGrades (studentId, subjectId, classId, score, id) VALUES (196, 45, 8, 81, 879);
INSERT INTO studentGrades (studentId, subjectId, classId, score, id) VALUES (196, 46, 8, 83, 880);
INSERT INTO studentGrades (studentId, subjectId, classId, score, id) VALUES (196, 47, 8, 42, 881);
INSERT INTO studentGrades (studentId, subjectId, classId, score, id) VALUES (196, 48, 8, 65, 882);
INSERT INTO user (userName, email, password, role, schoolId, classId, createdAt, id) VALUES ('Student_Class 8-A_8', 'student_class8-a_7@school.com', '$2b$10$Qy3JFAtzk0AAWTOX2w2F0upESHTDjxG37ncd7T7OfOUWERSZMrYzK', 'student', 1, 8, '2025-12-27T01:30:05.672Z', 197);
INSERT INTO studentGrades (studentId, subjectId, classId, score, id) VALUES (197, 43, 8, 71, 883);
INSERT INTO studentGrades (studentId, subjectId, classId, score, id) VALUES (197, 44, 8, 100, 884);
INSERT INTO studentGrades (studentId, subjectId, classId, score, id) VALUES (197, 45, 8, 85, 885);
INSERT INTO studentGrades (studentId, subjectId, classId, score, id) VALUES (197, 46, 8, 51, 886);
INSERT INTO studentGrades (studentId, subjectId, classId, score, id) VALUES (197, 47, 8, 100, 887);
INSERT INTO studentGrades (studentId, subjectId, classId, score, id) VALUES (197, 48, 8, 66, 888);
INSERT INTO user (userName, email, password, role, schoolId, classId, createdAt, id) VALUES ('Student_Class 8-A_9', 'student_class8-a_8@school.com', '$2b$10$Qy3JFAtzk0AAWTOX2w2F0upESHTDjxG37ncd7T7OfOUWERSZMrYzK', 'student', 1, 8, '2025-12-27T01:30:05.672Z', 198);
INSERT INTO studentGrades (studentId, subjectId, classId, score, id) VALUES (198, 43, 8, 67, 889);
INSERT INTO studentGrades (studentId, subjectId, classId, score, id) VALUES (198, 44, 8, 67, 890);
INSERT INTO studentGrades (studentId, subjectId, classId, score, id) VALUES (198, 45, 8, 50, 891);
INSERT INTO studentGrades (studentId, subjectId, classId, score, id) VALUES (198, 46, 8, 69, 892);
INSERT INTO studentGrades (studentId, subjectId, classId, score, id) VALUES (198, 47, 8, 54, 893);
INSERT INTO studentGrades (studentId, subjectId, classId, score, id) VALUES (198, 48, 8, 51, 894);
INSERT INTO user (userName, email, password, role, schoolId, classId, createdAt, id) VALUES ('Student_Class 8-A_10', 'student_class8-a_9@school.com', '$2b$10$Qy3JFAtzk0AAWTOX2w2F0upESHTDjxG37ncd7T7OfOUWERSZMrYzK', 'student', 1, 8, '2025-12-27T01:30:05.672Z', 199);
INSERT INTO studentGrades (studentId, subjectId, classId, score, id) VALUES (199, 43, 8, 47, 895);
INSERT INTO studentGrades (studentId, subjectId, classId, score, id) VALUES (199, 44, 8, 61, 896);
INSERT INTO studentGrades (studentId, subjectId, classId, score, id) VALUES (199, 45, 8, 65, 897);
INSERT INTO studentGrades (studentId, subjectId, classId, score, id) VALUES (199, 46, 8, 43, 898);
INSERT INTO studentGrades (studentId, subjectId, classId, score, id) VALUES (199, 47, 8, 67, 899);
INSERT INTO studentGrades (studentId, subjectId, classId, score, id) VALUES (199, 48, 8, 54, 900);
INSERT INTO user (userName, email, password, role, schoolId, classId, createdAt, id) VALUES ('Student_Class 8-A_11', 'student_class8-a_10@school.com', '$2b$10$Qy3JFAtzk0AAWTOX2w2F0upESHTDjxG37ncd7T7OfOUWERSZMrYzK', 'student', 1, 8, '2025-12-27T01:30:05.672Z', 200);
INSERT INTO studentGrades (studentId, subjectId, classId, score, id) VALUES (200, 43, 8, 55, 901);
INSERT INTO studentGrades (studentId, subjectId, classId, score, id) VALUES (200, 44, 8, 78, 902);
INSERT INTO studentGrades (studentId, subjectId, classId, score, id) VALUES (200, 45, 8, 80, 903);
INSERT INTO studentGrades (studentId, subjectId, classId, score, id) VALUES (200, 46, 8, 59, 904);
INSERT INTO studentGrades (studentId, subjectId, classId, score, id) VALUES (200, 47, 8, 53, 905);
INSERT INTO studentGrades (studentId, subjectId, classId, score, id) VALUES (200, 48, 8, 41, 906);
INSERT INTO user (userName, email, password, role, schoolId, classId, createdAt, id) VALUES ('Student_Class 8-A_12', 'student_class8-a_11@school.com', '$2b$10$Qy3JFAtzk0AAWTOX2w2F0upESHTDjxG37ncd7T7OfOUWERSZMrYzK', 'student', 1, 8, '2025-12-27T01:30:05.672Z', 201);
INSERT INTO studentGrades (studentId, subjectId, classId, score, id) VALUES (201, 43, 8, 59, 907);
INSERT INTO studentGrades (studentId, subjectId, classId, score, id) VALUES (201, 44, 8, 49, 908);
INSERT INTO studentGrades (studentId, subjectId, classId, score, id) VALUES (201, 45, 8, 93, 909);
INSERT INTO studentGrades (studentId, subjectId, classId, score, id) VALUES (201, 46, 8, 50, 910);
INSERT INTO studentGrades (studentId, subjectId, classId, score, id) VALUES (201, 47, 8, 81, 911);
INSERT INTO studentGrades (studentId, subjectId, classId, score, id) VALUES (201, 48, 8, 65, 912);
INSERT INTO user (userName, email, password, role, schoolId, classId, createdAt, id) VALUES ('Student_Class 8-A_13', 'student_class8-a_12@school.com', '$2b$10$Qy3JFAtzk0AAWTOX2w2F0upESHTDjxG37ncd7T7OfOUWERSZMrYzK', 'student', 1, 8, '2025-12-27T01:30:05.672Z', 202);
INSERT INTO studentGrades (studentId, subjectId, classId, score, id) VALUES (202, 43, 8, 64, 913);
INSERT INTO studentGrades (studentId, subjectId, classId, score, id) VALUES (202, 44, 8, 43, 914);
INSERT INTO studentGrades (studentId, subjectId, classId, score, id) VALUES (202, 45, 8, 91, 915);
INSERT INTO studentGrades (studentId, subjectId, classId, score, id) VALUES (202, 46, 8, 75, 916);
INSERT INTO studentGrades (studentId, subjectId, classId, score, id) VALUES (202, 47, 8, 56, 917);
INSERT INTO studentGrades (studentId, subjectId, classId, score, id) VALUES (202, 48, 8, 53, 918);
INSERT INTO user (userName, email, password, role, schoolId, classId, createdAt, id) VALUES ('Student_Class 8-A_14', 'student_class8-a_13@school.com', '$2b$10$Qy3JFAtzk0AAWTOX2w2F0upESHTDjxG37ncd7T7OfOUWERSZMrYzK', 'student', 1, 8, '2025-12-27T01:30:05.673Z', 203);
INSERT INTO studentGrades (studentId, subjectId, classId, score, id) VALUES (203, 43, 8, 98, 919);
INSERT INTO studentGrades (studentId, subjectId, classId, score, id) VALUES (203, 44, 8, 79, 920);
INSERT INTO studentGrades (studentId, subjectId, classId, score, id) VALUES (203, 45, 8, 53, 921);
INSERT INTO studentGrades (studentId, subjectId, classId, score, id) VALUES (203, 46, 8, 96, 922);
INSERT INTO studentGrades (studentId, subjectId, classId, score, id) VALUES (203, 47, 8, 46, 923);
INSERT INTO studentGrades (studentId, subjectId, classId, score, id) VALUES (203, 48, 8, 64, 924);
INSERT INTO user (userName, email, password, role, schoolId, classId, createdAt, id) VALUES ('Student_Class 8-A_15', 'student_class8-a_14@school.com', '$2b$10$Qy3JFAtzk0AAWTOX2w2F0upESHTDjxG37ncd7T7OfOUWERSZMrYzK', 'student', 1, 8, '2025-12-27T01:30:05.673Z', 204);
INSERT INTO studentGrades (studentId, subjectId, classId, score, id) VALUES (204, 43, 8, 82, 925);
INSERT INTO studentGrades (studentId, subjectId, classId, score, id) VALUES (204, 44, 8, 85, 926);
INSERT INTO studentGrades (studentId, subjectId, classId, score, id) VALUES (204, 45, 8, 64, 927);
INSERT INTO studentGrades (studentId, subjectId, classId, score, id) VALUES (204, 46, 8, 84, 928);
INSERT INTO studentGrades (studentId, subjectId, classId, score, id) VALUES (204, 47, 8, 84, 929);
INSERT INTO studentGrades (studentId, subjectId, classId, score, id) VALUES (204, 48, 8, 57, 930);
INSERT INTO user (userName, email, password, role, schoolId, classId, createdAt, id) VALUES ('Student_Class 8-A_16', 'student_class8-a_15@school.com', '$2b$10$Qy3JFAtzk0AAWTOX2w2F0upESHTDjxG37ncd7T7OfOUWERSZMrYzK', 'student', 1, 8, '2025-12-27T01:30:05.673Z', 205);
INSERT INTO studentGrades (studentId, subjectId, classId, score, id) VALUES (205, 43, 8, 98, 931);
INSERT INTO studentGrades (studentId, subjectId, classId, score, id) VALUES (205, 44, 8, 74, 932);
INSERT INTO studentGrades (studentId, subjectId, classId, score, id) VALUES (205, 45, 8, 45, 933);
INSERT INTO studentGrades (studentId, subjectId, classId, score, id) VALUES (205, 46, 8, 88, 934);
INSERT INTO studentGrades (studentId, subjectId, classId, score, id) VALUES (205, 47, 8, 82, 935);
INSERT INTO studentGrades (studentId, subjectId, classId, score, id) VALUES (205, 48, 8, 56, 936);
INSERT INTO user (userName, email, password, role, schoolId, classId, createdAt, id) VALUES ('Student_Class 8-A_17', 'student_class8-a_16@school.com', '$2b$10$Qy3JFAtzk0AAWTOX2w2F0upESHTDjxG37ncd7T7OfOUWERSZMrYzK', 'student', 1, 8, '2025-12-27T01:30:05.673Z', 206);
INSERT INTO studentGrades (studentId, subjectId, classId, score, id) VALUES (206, 43, 8, 67, 937);
INSERT INTO studentGrades (studentId, subjectId, classId, score, id) VALUES (206, 44, 8, 79, 938);
INSERT INTO studentGrades (studentId, subjectId, classId, score, id) VALUES (206, 45, 8, 51, 939);
INSERT INTO studentGrades (studentId, subjectId, classId, score, id) VALUES (206, 46, 8, 97, 940);
INSERT INTO studentGrades (studentId, subjectId, classId, score, id) VALUES (206, 47, 8, 84, 941);
INSERT INTO studentGrades (studentId, subjectId, classId, score, id) VALUES (206, 48, 8, 53, 942);
INSERT INTO user (userName, email, password, role, schoolId, classId, createdAt, id) VALUES ('Student_Class 8-A_18', 'student_class8-a_17@school.com', '$2b$10$Qy3JFAtzk0AAWTOX2w2F0upESHTDjxG37ncd7T7OfOUWERSZMrYzK', 'student', 1, 8, '2025-12-27T01:30:05.673Z', 207);
INSERT INTO studentGrades (studentId, subjectId, classId, score, id) VALUES (207, 43, 8, 83, 943);
INSERT INTO studentGrades (studentId, subjectId, classId, score, id) VALUES (207, 44, 8, 66, 944);
INSERT INTO studentGrades (studentId, subjectId, classId, score, id) VALUES (207, 45, 8, 54, 945);
INSERT INTO studentGrades (studentId, subjectId, classId, score, id) VALUES (207, 46, 8, 95, 946);
INSERT INTO studentGrades (studentId, subjectId, classId, score, id) VALUES (207, 47, 8, 55, 947);
INSERT INTO studentGrades (studentId, subjectId, classId, score, id) VALUES (207, 48, 8, 67, 948);
INSERT INTO user (userName, email, password, role, schoolId, classId, createdAt, id) VALUES ('Student_Class 8-A_19', 'student_class8-a_18@school.com', '$2b$10$Qy3JFAtzk0AAWTOX2w2F0upESHTDjxG37ncd7T7OfOUWERSZMrYzK', 'student', 1, 8, '2025-12-27T01:30:05.673Z', 208);
INSERT INTO studentGrades (studentId, subjectId, classId, score, id) VALUES (208, 43, 8, 90, 949);
INSERT INTO studentGrades (studentId, subjectId, classId, score, id) VALUES (208, 44, 8, 40, 950);
INSERT INTO studentGrades (studentId, subjectId, classId, score, id) VALUES (208, 45, 8, 89, 951);
INSERT INTO studentGrades (studentId, subjectId, classId, score, id) VALUES (208, 46, 8, 100, 952);
INSERT INTO studentGrades (studentId, subjectId, classId, score, id) VALUES (208, 47, 8, 67, 953);
INSERT INTO studentGrades (studentId, subjectId, classId, score, id) VALUES (208, 48, 8, 75, 954);
INSERT INTO user (userName, email, password, role, schoolId, classId, createdAt, id) VALUES ('Student_Class 8-A_20', 'student_class8-a_19@school.com', '$2b$10$Qy3JFAtzk0AAWTOX2w2F0upESHTDjxG37ncd7T7OfOUWERSZMrYzK', 'student', 1, 8, '2025-12-27T01:30:05.673Z', 209);
INSERT INTO studentGrades (studentId, subjectId, classId, score, id) VALUES (209, 43, 8, 74, 955);
INSERT INTO studentGrades (studentId, subjectId, classId, score, id) VALUES (209, 44, 8, 72, 956);
INSERT INTO studentGrades (studentId, subjectId, classId, score, id) VALUES (209, 45, 8, 72, 957);
INSERT INTO studentGrades (studentId, subjectId, classId, score, id) VALUES (209, 46, 8, 48, 958);
INSERT INTO studentGrades (studentId, subjectId, classId, score, id) VALUES (209, 47, 8, 77, 959);
INSERT INTO studentGrades (studentId, subjectId, classId, score, id) VALUES (209, 48, 8, 83, 960);
INSERT INTO schedule (classId, subjectId, day, startTime, endTime, id) VALUES (8, 43, 'Sunday', '08:00', '09:00', 211);
INSERT INTO schedule (classId, subjectId, day, startTime, endTime, id) VALUES (8, 44, 'Sunday', '09:00', '10:00', 212);
INSERT INTO schedule (classId, subjectId, day, startTime, endTime, id) VALUES (8, 45, 'Sunday', '10:00', '11:00', 213);
INSERT INTO schedule (classId, subjectId, day, startTime, endTime, id) VALUES (8, 46, 'Sunday', '11:00', '12:00', 214);
INSERT INTO schedule (classId, subjectId, day, startTime, endTime, id) VALUES (8, 47, 'Sunday', '12:00', '13:00', 215);
INSERT INTO schedule (classId, subjectId, day, startTime, endTime, id) VALUES (8, 48, 'Sunday', '13:00', '14:00', 216);
INSERT INTO schedule (classId, subjectId, day, startTime, endTime, id) VALUES (8, 43, 'Monday', '08:00', '09:00', 217);
INSERT INTO schedule (classId, subjectId, day, startTime, endTime, id) VALUES (8, 44, 'Monday', '09:00', '10:00', 218);
INSERT INTO schedule (classId, subjectId, day, startTime, endTime, id) VALUES (8, 45, 'Monday', '10:00', '11:00', 219);
INSERT INTO schedule (classId, subjectId, day, startTime, endTime, id) VALUES (8, 46, 'Monday', '11:00', '12:00', 220);
INSERT INTO schedule (classId, subjectId, day, startTime, endTime, id) VALUES (8, 47, 'Monday', '12:00', '13:00', 221);
INSERT INTO schedule (classId, subjectId, day, startTime, endTime, id) VALUES (8, 48, 'Monday', '13:00', '14:00', 222);
INSERT INTO schedule (classId, subjectId, day, startTime, endTime, id) VALUES (8, 43, 'Tuesday', '08:00', '09:00', 223);
INSERT INTO schedule (classId, subjectId, day, startTime, endTime, id) VALUES (8, 44, 'Tuesday', '09:00', '10:00', 224);
INSERT INTO schedule (classId, subjectId, day, startTime, endTime, id) VALUES (8, 45, 'Tuesday', '10:00', '11:00', 225);
INSERT INTO schedule (classId, subjectId, day, startTime, endTime, id) VALUES (8, 46, 'Tuesday', '11:00', '12:00', 226);
INSERT INTO schedule (classId, subjectId, day, startTime, endTime, id) VALUES (8, 47, 'Tuesday', '12:00', '13:00', 227);
INSERT INTO schedule (classId, subjectId, day, startTime, endTime, id) VALUES (8, 48, 'Tuesday', '13:00', '14:00', 228);
INSERT INTO schedule (classId, subjectId, day, startTime, endTime, id) VALUES (8, 43, 'Wednesday', '08:00', '09:00', 229);
INSERT INTO schedule (classId, subjectId, day, startTime, endTime, id) VALUES (8, 44, 'Wednesday', '09:00', '10:00', 230);
INSERT INTO schedule (classId, subjectId, day, startTime, endTime, id) VALUES (8, 45, 'Wednesday', '10:00', '11:00', 231);
INSERT INTO schedule (classId, subjectId, day, startTime, endTime, id) VALUES (8, 46, 'Wednesday', '11:00', '12:00', 232);
INSERT INTO schedule (classId, subjectId, day, startTime, endTime, id) VALUES (8, 47, 'Wednesday', '12:00', '13:00', 233);
INSERT INTO schedule (classId, subjectId, day, startTime, endTime, id) VALUES (8, 48, 'Wednesday', '13:00', '14:00', 234);
INSERT INTO schedule (classId, subjectId, day, startTime, endTime, id) VALUES (8, 43, 'Thursday', '08:00', '09:00', 235);
INSERT INTO schedule (classId, subjectId, day, startTime, endTime, id) VALUES (8, 44, 'Thursday', '09:00', '10:00', 236);
INSERT INTO schedule (classId, subjectId, day, startTime, endTime, id) VALUES (8, 45, 'Thursday', '10:00', '11:00', 237);
INSERT INTO schedule (classId, subjectId, day, startTime, endTime, id) VALUES (8, 46, 'Thursday', '11:00', '12:00', 238);
INSERT INTO schedule (classId, subjectId, day, startTime, endTime, id) VALUES (8, 47, 'Thursday', '12:00', '13:00', 239);
INSERT INTO schedule (classId, subjectId, day, startTime, endTime, id) VALUES (8, 48, 'Thursday', '13:00', '14:00', 240);
INSERT INTO classRoom (name, schoolId, id) VALUES ('Class 9-A', 1, 9);
INSERT INTO user (userName, email, password, role, schoolId, createdAt, id) VALUES ('Teacher_Class 9-A_Mathematics', 'teacher_class9-a_0@school.com', '$2b$10$Qy3JFAtzk0AAWTOX2w2F0upESHTDjxG37ncd7T7OfOUWERSZMrYzK', 'teacher', 1, '2025-12-27T01:30:05.673Z', 210);
INSERT INTO subject (name, classId, teacherId, id) VALUES ('Mathematics', 9, 210, 49);
INSERT INTO user (userName, email, password, role, schoolId, createdAt, id) VALUES ('Teacher_Class 9-A_Physics', 'teacher_class9-a_1@school.com', '$2b$10$Qy3JFAtzk0AAWTOX2w2F0upESHTDjxG37ncd7T7OfOUWERSZMrYzK', 'teacher', 1, '2025-12-27T01:30:05.673Z', 211);
INSERT INTO subject (name, classId, teacherId, id) VALUES ('Physics', 9, 211, 50);
INSERT INTO user (userName, email, password, role, schoolId, createdAt, id) VALUES ('Teacher_Class 9-A_History', 'teacher_class9-a_2@school.com', '$2b$10$Qy3JFAtzk0AAWTOX2w2F0upESHTDjxG37ncd7T7OfOUWERSZMrYzK', 'teacher', 1, '2025-12-27T01:30:05.673Z', 212);
INSERT INTO subject (name, classId, teacherId, id) VALUES ('History', 9, 212, 51);
INSERT INTO user (userName, email, password, role, schoolId, createdAt, id) VALUES ('Teacher_Class 9-A_Biology', 'teacher_class9-a_3@school.com', '$2b$10$Qy3JFAtzk0AAWTOX2w2F0upESHTDjxG37ncd7T7OfOUWERSZMrYzK', 'teacher', 1, '2025-12-27T01:30:05.673Z', 213);
INSERT INTO subject (name, classId, teacherId, id) VALUES ('Biology', 9, 213, 52);
INSERT INTO user (userName, email, password, role, schoolId, createdAt, id) VALUES ('Teacher_Class 9-A_English', 'teacher_class9-a_4@school.com', '$2b$10$Qy3JFAtzk0AAWTOX2w2F0upESHTDjxG37ncd7T7OfOUWERSZMrYzK', 'teacher', 1, '2025-12-27T01:30:05.673Z', 214);
INSERT INTO subject (name, classId, teacherId, id) VALUES ('English', 9, 214, 53);
INSERT INTO user (userName, email, password, role, schoolId, createdAt, id) VALUES ('Teacher_Class 9-A_Computer Science', 'teacher_class9-a_5@school.com', '$2b$10$Qy3JFAtzk0AAWTOX2w2F0upESHTDjxG37ncd7T7OfOUWERSZMrYzK', 'teacher', 1, '2025-12-27T01:30:05.673Z', 215);
INSERT INTO subject (name, classId, teacherId, id) VALUES ('Computer Science', 9, 215, 54);
INSERT INTO user (userName, email, password, role, schoolId, classId, createdAt, id) VALUES ('Student_Class 9-A_1', 'student_class9-a_0@school.com', '$2b$10$Qy3JFAtzk0AAWTOX2w2F0upESHTDjxG37ncd7T7OfOUWERSZMrYzK', 'student', 1, 9, '2025-12-27T01:30:05.673Z', 216);
INSERT INTO studentGrades (studentId, subjectId, classId, score, id) VALUES (216, 49, 9, 95, 961);
INSERT INTO studentGrades (studentId, subjectId, classId, score, id) VALUES (216, 50, 9, 99, 962);
INSERT INTO studentGrades (studentId, subjectId, classId, score, id) VALUES (216, 51, 9, 73, 963);
INSERT INTO studentGrades (studentId, subjectId, classId, score, id) VALUES (216, 52, 9, 73, 964);
INSERT INTO studentGrades (studentId, subjectId, classId, score, id) VALUES (216, 53, 9, 51, 965);
INSERT INTO studentGrades (studentId, subjectId, classId, score, id) VALUES (216, 54, 9, 54, 966);
INSERT INTO user (userName, email, password, role, schoolId, classId, createdAt, id) VALUES ('Student_Class 9-A_2', 'student_class9-a_1@school.com', '$2b$10$Qy3JFAtzk0AAWTOX2w2F0upESHTDjxG37ncd7T7OfOUWERSZMrYzK', 'student', 1, 9, '2025-12-27T01:30:05.673Z', 217);
INSERT INTO studentGrades (studentId, subjectId, classId, score, id) VALUES (217, 49, 9, 43, 967);
INSERT INTO studentGrades (studentId, subjectId, classId, score, id) VALUES (217, 50, 9, 59, 968);
INSERT INTO studentGrades (studentId, subjectId, classId, score, id) VALUES (217, 51, 9, 45, 969);
INSERT INTO studentGrades (studentId, subjectId, classId, score, id) VALUES (217, 52, 9, 64, 970);
INSERT INTO studentGrades (studentId, subjectId, classId, score, id) VALUES (217, 53, 9, 48, 971);
INSERT INTO studentGrades (studentId, subjectId, classId, score, id) VALUES (217, 54, 9, 63, 972);
INSERT INTO user (userName, email, password, role, schoolId, classId, createdAt, id) VALUES ('Student_Class 9-A_3', 'student_class9-a_2@school.com', '$2b$10$Qy3JFAtzk0AAWTOX2w2F0upESHTDjxG37ncd7T7OfOUWERSZMrYzK', 'student', 1, 9, '2025-12-27T01:30:05.673Z', 218);
INSERT INTO studentGrades (studentId, subjectId, classId, score, id) VALUES (218, 49, 9, 86, 973);
INSERT INTO studentGrades (studentId, subjectId, classId, score, id) VALUES (218, 50, 9, 47, 974);
INSERT INTO studentGrades (studentId, subjectId, classId, score, id) VALUES (218, 51, 9, 63, 975);
INSERT INTO studentGrades (studentId, subjectId, classId, score, id) VALUES (218, 52, 9, 45, 976);
INSERT INTO studentGrades (studentId, subjectId, classId, score, id) VALUES (218, 53, 9, 57, 977);
INSERT INTO studentGrades (studentId, subjectId, classId, score, id) VALUES (218, 54, 9, 80, 978);
INSERT INTO user (userName, email, password, role, schoolId, classId, createdAt, id) VALUES ('Student_Class 9-A_4', 'student_class9-a_3@school.com', '$2b$10$Qy3JFAtzk0AAWTOX2w2F0upESHTDjxG37ncd7T7OfOUWERSZMrYzK', 'student', 1, 9, '2025-12-27T01:30:05.673Z', 219);
INSERT INTO studentGrades (studentId, subjectId, classId, score, id) VALUES (219, 49, 9, 45, 979);
INSERT INTO studentGrades (studentId, subjectId, classId, score, id) VALUES (219, 50, 9, 71, 980);
INSERT INTO studentGrades (studentId, subjectId, classId, score, id) VALUES (219, 51, 9, 82, 981);
INSERT INTO studentGrades (studentId, subjectId, classId, score, id) VALUES (219, 52, 9, 67, 982);
INSERT INTO studentGrades (studentId, subjectId, classId, score, id) VALUES (219, 53, 9, 95, 983);
INSERT INTO studentGrades (studentId, subjectId, classId, score, id) VALUES (219, 54, 9, 40, 984);
INSERT INTO user (userName, email, password, role, schoolId, classId, createdAt, id) VALUES ('Student_Class 9-A_5', 'student_class9-a_4@school.com', '$2b$10$Qy3JFAtzk0AAWTOX2w2F0upESHTDjxG37ncd7T7OfOUWERSZMrYzK', 'student', 1, 9, '2025-12-27T01:30:05.673Z', 220);
INSERT INTO studentGrades (studentId, subjectId, classId, score, id) VALUES (220, 49, 9, 93, 985);
INSERT INTO studentGrades (studentId, subjectId, classId, score, id) VALUES (220, 50, 9, 51, 986);
INSERT INTO studentGrades (studentId, subjectId, classId, score, id) VALUES (220, 51, 9, 47, 987);
INSERT INTO studentGrades (studentId, subjectId, classId, score, id) VALUES (220, 52, 9, 73, 988);
INSERT INTO studentGrades (studentId, subjectId, classId, score, id) VALUES (220, 53, 9, 56, 989);
INSERT INTO studentGrades (studentId, subjectId, classId, score, id) VALUES (220, 54, 9, 85, 990);
INSERT INTO user (userName, email, password, role, schoolId, classId, createdAt, id) VALUES ('Student_Class 9-A_6', 'student_class9-a_5@school.com', '$2b$10$Qy3JFAtzk0AAWTOX2w2F0upESHTDjxG37ncd7T7OfOUWERSZMrYzK', 'student', 1, 9, '2025-12-27T01:30:05.673Z', 221);
INSERT INTO studentGrades (studentId, subjectId, classId, score, id) VALUES (221, 49, 9, 66, 991);
INSERT INTO studentGrades (studentId, subjectId, classId, score, id) VALUES (221, 50, 9, 90, 992);
INSERT INTO studentGrades (studentId, subjectId, classId, score, id) VALUES (221, 51, 9, 78, 993);
INSERT INTO studentGrades (studentId, subjectId, classId, score, id) VALUES (221, 52, 9, 87, 994);
INSERT INTO studentGrades (studentId, subjectId, classId, score, id) VALUES (221, 53, 9, 60, 995);
INSERT INTO studentGrades (studentId, subjectId, classId, score, id) VALUES (221, 54, 9, 78, 996);
INSERT INTO user (userName, email, password, role, schoolId, classId, createdAt, id) VALUES ('Student_Class 9-A_7', 'student_class9-a_6@school.com', '$2b$10$Qy3JFAtzk0AAWTOX2w2F0upESHTDjxG37ncd7T7OfOUWERSZMrYzK', 'student', 1, 9, '2025-12-27T01:30:05.673Z', 222);
INSERT INTO studentGrades (studentId, subjectId, classId, score, id) VALUES (222, 49, 9, 71, 997);
INSERT INTO studentGrades (studentId, subjectId, classId, score, id) VALUES (222, 50, 9, 71, 998);
INSERT INTO studentGrades (studentId, subjectId, classId, score, id) VALUES (222, 51, 9, 56, 999);
INSERT INTO studentGrades (studentId, subjectId, classId, score, id) VALUES (222, 52, 9, 66, 1000);
INSERT INTO studentGrades (studentId, subjectId, classId, score, id) VALUES (222, 53, 9, 74, 1001);
INSERT INTO studentGrades (studentId, subjectId, classId, score, id) VALUES (222, 54, 9, 92, 1002);
INSERT INTO user (userName, email, password, role, schoolId, classId, createdAt, id) VALUES ('Student_Class 9-A_8', 'student_class9-a_7@school.com', '$2b$10$Qy3JFAtzk0AAWTOX2w2F0upESHTDjxG37ncd7T7OfOUWERSZMrYzK', 'student', 1, 9, '2025-12-27T01:30:05.673Z', 223);
INSERT INTO studentGrades (studentId, subjectId, classId, score, id) VALUES (223, 49, 9, 52, 1003);
INSERT INTO studentGrades (studentId, subjectId, classId, score, id) VALUES (223, 50, 9, 87, 1004);
INSERT INTO studentGrades (studentId, subjectId, classId, score, id) VALUES (223, 51, 9, 97, 1005);
INSERT INTO studentGrades (studentId, subjectId, classId, score, id) VALUES (223, 52, 9, 100, 1006);
INSERT INTO studentGrades (studentId, subjectId, classId, score, id) VALUES (223, 53, 9, 94, 1007);
INSERT INTO studentGrades (studentId, subjectId, classId, score, id) VALUES (223, 54, 9, 86, 1008);
INSERT INTO user (userName, email, password, role, schoolId, classId, createdAt, id) VALUES ('Student_Class 9-A_9', 'student_class9-a_8@school.com', '$2b$10$Qy3JFAtzk0AAWTOX2w2F0upESHTDjxG37ncd7T7OfOUWERSZMrYzK', 'student', 1, 9, '2025-12-27T01:30:05.673Z', 224);
INSERT INTO studentGrades (studentId, subjectId, classId, score, id) VALUES (224, 49, 9, 67, 1009);
INSERT INTO studentGrades (studentId, subjectId, classId, score, id) VALUES (224, 50, 9, 68, 1010);
INSERT INTO studentGrades (studentId, subjectId, classId, score, id) VALUES (224, 51, 9, 90, 1011);
INSERT INTO studentGrades (studentId, subjectId, classId, score, id) VALUES (224, 52, 9, 47, 1012);
INSERT INTO studentGrades (studentId, subjectId, classId, score, id) VALUES (224, 53, 9, 45, 1013);
INSERT INTO studentGrades (studentId, subjectId, classId, score, id) VALUES (224, 54, 9, 51, 1014);
INSERT INTO user (userName, email, password, role, schoolId, classId, createdAt, id) VALUES ('Student_Class 9-A_10', 'student_class9-a_9@school.com', '$2b$10$Qy3JFAtzk0AAWTOX2w2F0upESHTDjxG37ncd7T7OfOUWERSZMrYzK', 'student', 1, 9, '2025-12-27T01:30:05.673Z', 225);
INSERT INTO studentGrades (studentId, subjectId, classId, score, id) VALUES (225, 49, 9, 57, 1015);
INSERT INTO studentGrades (studentId, subjectId, classId, score, id) VALUES (225, 50, 9, 45, 1016);
INSERT INTO studentGrades (studentId, subjectId, classId, score, id) VALUES (225, 51, 9, 96, 1017);
INSERT INTO studentGrades (studentId, subjectId, classId, score, id) VALUES (225, 52, 9, 90, 1018);
INSERT INTO studentGrades (studentId, subjectId, classId, score, id) VALUES (225, 53, 9, 60, 1019);
INSERT INTO studentGrades (studentId, subjectId, classId, score, id) VALUES (225, 54, 9, 46, 1020);
INSERT INTO user (userName, email, password, role, schoolId, classId, createdAt, id) VALUES ('Student_Class 9-A_11', 'student_class9-a_10@school.com', '$2b$10$Qy3JFAtzk0AAWTOX2w2F0upESHTDjxG37ncd7T7OfOUWERSZMrYzK', 'student', 1, 9, '2025-12-27T01:30:05.673Z', 226);
INSERT INTO studentGrades (studentId, subjectId, classId, score, id) VALUES (226, 49, 9, 99, 1021);
INSERT INTO studentGrades (studentId, subjectId, classId, score, id) VALUES (226, 50, 9, 50, 1022);
INSERT INTO studentGrades (studentId, subjectId, classId, score, id) VALUES (226, 51, 9, 42, 1023);
INSERT INTO studentGrades (studentId, subjectId, classId, score, id) VALUES (226, 52, 9, 99, 1024);
INSERT INTO studentGrades (studentId, subjectId, classId, score, id) VALUES (226, 53, 9, 83, 1025);
INSERT INTO studentGrades (studentId, subjectId, classId, score, id) VALUES (226, 54, 9, 45, 1026);
INSERT INTO user (userName, email, password, role, schoolId, classId, createdAt, id) VALUES ('Student_Class 9-A_12', 'student_class9-a_11@school.com', '$2b$10$Qy3JFAtzk0AAWTOX2w2F0upESHTDjxG37ncd7T7OfOUWERSZMrYzK', 'student', 1, 9, '2025-12-27T01:30:05.673Z', 227);
INSERT INTO studentGrades (studentId, subjectId, classId, score, id) VALUES (227, 49, 9, 69, 1027);
INSERT INTO studentGrades (studentId, subjectId, classId, score, id) VALUES (227, 50, 9, 84, 1028);
INSERT INTO studentGrades (studentId, subjectId, classId, score, id) VALUES (227, 51, 9, 80, 1029);
INSERT INTO studentGrades (studentId, subjectId, classId, score, id) VALUES (227, 52, 9, 41, 1030);
INSERT INTO studentGrades (studentId, subjectId, classId, score, id) VALUES (227, 53, 9, 92, 1031);
INSERT INTO studentGrades (studentId, subjectId, classId, score, id) VALUES (227, 54, 9, 74, 1032);
INSERT INTO user (userName, email, password, role, schoolId, classId, createdAt, id) VALUES ('Student_Class 9-A_13', 'student_class9-a_12@school.com', '$2b$10$Qy3JFAtzk0AAWTOX2w2F0upESHTDjxG37ncd7T7OfOUWERSZMrYzK', 'student', 1, 9, '2025-12-27T01:30:05.673Z', 228);
INSERT INTO studentGrades (studentId, subjectId, classId, score, id) VALUES (228, 49, 9, 55, 1033);
INSERT INTO studentGrades (studentId, subjectId, classId, score, id) VALUES (228, 50, 9, 59, 1034);
INSERT INTO studentGrades (studentId, subjectId, classId, score, id) VALUES (228, 51, 9, 71, 1035);
INSERT INTO studentGrades (studentId, subjectId, classId, score, id) VALUES (228, 52, 9, 40, 1036);
INSERT INTO studentGrades (studentId, subjectId, classId, score, id) VALUES (228, 53, 9, 89, 1037);
INSERT INTO studentGrades (studentId, subjectId, classId, score, id) VALUES (228, 54, 9, 100, 1038);
INSERT INTO user (userName, email, password, role, schoolId, classId, createdAt, id) VALUES ('Student_Class 9-A_14', 'student_class9-a_13@school.com', '$2b$10$Qy3JFAtzk0AAWTOX2w2F0upESHTDjxG37ncd7T7OfOUWERSZMrYzK', 'student', 1, 9, '2025-12-27T01:30:05.673Z', 229);
INSERT INTO studentGrades (studentId, subjectId, classId, score, id) VALUES (229, 49, 9, 84, 1039);
INSERT INTO studentGrades (studentId, subjectId, classId, score, id) VALUES (229, 50, 9, 48, 1040);
INSERT INTO studentGrades (studentId, subjectId, classId, score, id) VALUES (229, 51, 9, 81, 1041);
INSERT INTO studentGrades (studentId, subjectId, classId, score, id) VALUES (229, 52, 9, 70, 1042);
INSERT INTO studentGrades (studentId, subjectId, classId, score, id) VALUES (229, 53, 9, 99, 1043);
INSERT INTO studentGrades (studentId, subjectId, classId, score, id) VALUES (229, 54, 9, 46, 1044);
INSERT INTO user (userName, email, password, role, schoolId, classId, createdAt, id) VALUES ('Student_Class 9-A_15', 'student_class9-a_14@school.com', '$2b$10$Qy3JFAtzk0AAWTOX2w2F0upESHTDjxG37ncd7T7OfOUWERSZMrYzK', 'student', 1, 9, '2025-12-27T01:30:05.673Z', 230);
INSERT INTO studentGrades (studentId, subjectId, classId, score, id) VALUES (230, 49, 9, 85, 1045);
INSERT INTO studentGrades (studentId, subjectId, classId, score, id) VALUES (230, 50, 9, 71, 1046);
INSERT INTO studentGrades (studentId, subjectId, classId, score, id) VALUES (230, 51, 9, 68, 1047);
INSERT INTO studentGrades (studentId, subjectId, classId, score, id) VALUES (230, 52, 9, 44, 1048);
INSERT INTO studentGrades (studentId, subjectId, classId, score, id) VALUES (230, 53, 9, 93, 1049);
INSERT INTO studentGrades (studentId, subjectId, classId, score, id) VALUES (230, 54, 9, 65, 1050);
INSERT INTO user (userName, email, password, role, schoolId, classId, createdAt, id) VALUES ('Student_Class 9-A_16', 'student_class9-a_15@school.com', '$2b$10$Qy3JFAtzk0AAWTOX2w2F0upESHTDjxG37ncd7T7OfOUWERSZMrYzK', 'student', 1, 9, '2025-12-27T01:30:05.673Z', 231);
INSERT INTO studentGrades (studentId, subjectId, classId, score, id) VALUES (231, 49, 9, 84, 1051);
INSERT INTO studentGrades (studentId, subjectId, classId, score, id) VALUES (231, 50, 9, 90, 1052);
INSERT INTO studentGrades (studentId, subjectId, classId, score, id) VALUES (231, 51, 9, 54, 1053);
INSERT INTO studentGrades (studentId, subjectId, classId, score, id) VALUES (231, 52, 9, 57, 1054);
INSERT INTO studentGrades (studentId, subjectId, classId, score, id) VALUES (231, 53, 9, 79, 1055);
INSERT INTO studentGrades (studentId, subjectId, classId, score, id) VALUES (231, 54, 9, 99, 1056);
INSERT INTO user (userName, email, password, role, schoolId, classId, createdAt, id) VALUES ('Student_Class 9-A_17', 'student_class9-a_16@school.com', '$2b$10$Qy3JFAtzk0AAWTOX2w2F0upESHTDjxG37ncd7T7OfOUWERSZMrYzK', 'student', 1, 9, '2025-12-27T01:30:05.673Z', 232);
INSERT INTO studentGrades (studentId, subjectId, classId, score, id) VALUES (232, 49, 9, 71, 1057);
INSERT INTO studentGrades (studentId, subjectId, classId, score, id) VALUES (232, 50, 9, 81, 1058);
INSERT INTO studentGrades (studentId, subjectId, classId, score, id) VALUES (232, 51, 9, 58, 1059);
INSERT INTO studentGrades (studentId, subjectId, classId, score, id) VALUES (232, 52, 9, 88, 1060);
INSERT INTO studentGrades (studentId, subjectId, classId, score, id) VALUES (232, 53, 9, 98, 1061);
INSERT INTO studentGrades (studentId, subjectId, classId, score, id) VALUES (232, 54, 9, 92, 1062);
INSERT INTO user (userName, email, password, role, schoolId, classId, createdAt, id) VALUES ('Student_Class 9-A_18', 'student_class9-a_17@school.com', '$2b$10$Qy3JFAtzk0AAWTOX2w2F0upESHTDjxG37ncd7T7OfOUWERSZMrYzK', 'student', 1, 9, '2025-12-27T01:30:05.674Z', 233);
INSERT INTO studentGrades (studentId, subjectId, classId, score, id) VALUES (233, 49, 9, 75, 1063);
INSERT INTO studentGrades (studentId, subjectId, classId, score, id) VALUES (233, 50, 9, 72, 1064);
INSERT INTO studentGrades (studentId, subjectId, classId, score, id) VALUES (233, 51, 9, 86, 1065);
INSERT INTO studentGrades (studentId, subjectId, classId, score, id) VALUES (233, 52, 9, 76, 1066);
INSERT INTO studentGrades (studentId, subjectId, classId, score, id) VALUES (233, 53, 9, 53, 1067);
INSERT INTO studentGrades (studentId, subjectId, classId, score, id) VALUES (233, 54, 9, 97, 1068);
INSERT INTO user (userName, email, password, role, schoolId, classId, createdAt, id) VALUES ('Student_Class 9-A_19', 'student_class9-a_18@school.com', '$2b$10$Qy3JFAtzk0AAWTOX2w2F0upESHTDjxG37ncd7T7OfOUWERSZMrYzK', 'student', 1, 9, '2025-12-27T01:30:05.674Z', 234);
INSERT INTO studentGrades (studentId, subjectId, classId, score, id) VALUES (234, 49, 9, 58, 1069);
INSERT INTO studentGrades (studentId, subjectId, classId, score, id) VALUES (234, 50, 9, 59, 1070);
INSERT INTO studentGrades (studentId, subjectId, classId, score, id) VALUES (234, 51, 9, 57, 1071);
INSERT INTO studentGrades (studentId, subjectId, classId, score, id) VALUES (234, 52, 9, 75, 1072);
INSERT INTO studentGrades (studentId, subjectId, classId, score, id) VALUES (234, 53, 9, 96, 1073);
INSERT INTO studentGrades (studentId, subjectId, classId, score, id) VALUES (234, 54, 9, 100, 1074);
INSERT INTO user (userName, email, password, role, schoolId, classId, createdAt, id) VALUES ('Student_Class 9-A_20', 'student_class9-a_19@school.com', '$2b$10$Qy3JFAtzk0AAWTOX2w2F0upESHTDjxG37ncd7T7OfOUWERSZMrYzK', 'student', 1, 9, '2025-12-27T01:30:05.674Z', 235);
INSERT INTO studentGrades (studentId, subjectId, classId, score, id) VALUES (235, 49, 9, 40, 1075);
INSERT INTO studentGrades (studentId, subjectId, classId, score, id) VALUES (235, 50, 9, 71, 1076);
INSERT INTO studentGrades (studentId, subjectId, classId, score, id) VALUES (235, 51, 9, 52, 1077);
INSERT INTO studentGrades (studentId, subjectId, classId, score, id) VALUES (235, 52, 9, 100, 1078);
INSERT INTO studentGrades (studentId, subjectId, classId, score, id) VALUES (235, 53, 9, 72, 1079);
INSERT INTO studentGrades (studentId, subjectId, classId, score, id) VALUES (235, 54, 9, 58, 1080);
INSERT INTO schedule (classId, subjectId, day, startTime, endTime, id) VALUES (9, 49, 'Sunday', '08:00', '09:00', 241);
INSERT INTO schedule (classId, subjectId, day, startTime, endTime, id) VALUES (9, 50, 'Sunday', '09:00', '10:00', 242);
INSERT INTO schedule (classId, subjectId, day, startTime, endTime, id) VALUES (9, 51, 'Sunday', '10:00', '11:00', 243);
INSERT INTO schedule (classId, subjectId, day, startTime, endTime, id) VALUES (9, 52, 'Sunday', '11:00', '12:00', 244);
INSERT INTO schedule (classId, subjectId, day, startTime, endTime, id) VALUES (9, 53, 'Sunday', '12:00', '13:00', 245);
INSERT INTO schedule (classId, subjectId, day, startTime, endTime, id) VALUES (9, 54, 'Sunday', '13:00', '14:00', 246);
INSERT INTO schedule (classId, subjectId, day, startTime, endTime, id) VALUES (9, 49, 'Monday', '08:00', '09:00', 247);
INSERT INTO schedule (classId, subjectId, day, startTime, endTime, id) VALUES (9, 50, 'Monday', '09:00', '10:00', 248);
INSERT INTO schedule (classId, subjectId, day, startTime, endTime, id) VALUES (9, 51, 'Monday', '10:00', '11:00', 249);
INSERT INTO schedule (classId, subjectId, day, startTime, endTime, id) VALUES (9, 52, 'Monday', '11:00', '12:00', 250);
INSERT INTO schedule (classId, subjectId, day, startTime, endTime, id) VALUES (9, 53, 'Monday', '12:00', '13:00', 251);
INSERT INTO schedule (classId, subjectId, day, startTime, endTime, id) VALUES (9, 54, 'Monday', '13:00', '14:00', 252);
INSERT INTO schedule (classId, subjectId, day, startTime, endTime, id) VALUES (9, 49, 'Tuesday', '08:00', '09:00', 253);
INSERT INTO schedule (classId, subjectId, day, startTime, endTime, id) VALUES (9, 50, 'Tuesday', '09:00', '10:00', 254);
INSERT INTO schedule (classId, subjectId, day, startTime, endTime, id) VALUES (9, 51, 'Tuesday', '10:00', '11:00', 255);
INSERT INTO schedule (classId, subjectId, day, startTime, endTime, id) VALUES (9, 52, 'Tuesday', '11:00', '12:00', 256);
INSERT INTO schedule (classId, subjectId, day, startTime, endTime, id) VALUES (9, 53, 'Tuesday', '12:00', '13:00', 257);
INSERT INTO schedule (classId, subjectId, day, startTime, endTime, id) VALUES (9, 54, 'Tuesday', '13:00', '14:00', 258);
INSERT INTO schedule (classId, subjectId, day, startTime, endTime, id) VALUES (9, 49, 'Wednesday', '08:00', '09:00', 259);
INSERT INTO schedule (classId, subjectId, day, startTime, endTime, id) VALUES (9, 50, 'Wednesday', '09:00', '10:00', 260);
INSERT INTO schedule (classId, subjectId, day, startTime, endTime, id) VALUES (9, 51, 'Wednesday', '10:00', '11:00', 261);
INSERT INTO schedule (classId, subjectId, day, startTime, endTime, id) VALUES (9, 52, 'Wednesday', '11:00', '12:00', 262);
INSERT INTO schedule (classId, subjectId, day, startTime, endTime, id) VALUES (9, 53, 'Wednesday', '12:00', '13:00', 263);
INSERT INTO schedule (classId, subjectId, day, startTime, endTime, id) VALUES (9, 54, 'Wednesday', '13:00', '14:00', 264);
INSERT INTO schedule (classId, subjectId, day, startTime, endTime, id) VALUES (9, 49, 'Thursday', '08:00', '09:00', 265);
INSERT INTO schedule (classId, subjectId, day, startTime, endTime, id) VALUES (9, 50, 'Thursday', '09:00', '10:00', 266);
INSERT INTO schedule (classId, subjectId, day, startTime, endTime, id) VALUES (9, 51, 'Thursday', '10:00', '11:00', 267);
INSERT INTO schedule (classId, subjectId, day, startTime, endTime, id) VALUES (9, 52, 'Thursday', '11:00', '12:00', 268);
INSERT INTO schedule (classId, subjectId, day, startTime, endTime, id) VALUES (9, 53, 'Thursday', '12:00', '13:00', 269);
INSERT INTO schedule (classId, subjectId, day, startTime, endTime, id) VALUES (9, 54, 'Thursday', '13:00', '14:00', 270);
INSERT INTO classRoom (name, schoolId, id) VALUES ('Class 10-A', 1, 10);
INSERT INTO user (userName, email, password, role, schoolId, createdAt, id) VALUES ('Teacher_Class 10-A_Mathematics', 'teacher_class10-a_0@school.com', '$2b$10$Qy3JFAtzk0AAWTOX2w2F0upESHTDjxG37ncd7T7OfOUWERSZMrYzK', 'teacher', 1, '2025-12-27T01:30:05.674Z', 236);
INSERT INTO subject (name, classId, teacherId, id) VALUES ('Mathematics', 10, 236, 55);
INSERT INTO user (userName, email, password, role, schoolId, createdAt, id) VALUES ('Teacher_Class 10-A_Physics', 'teacher_class10-a_1@school.com', '$2b$10$Qy3JFAtzk0AAWTOX2w2F0upESHTDjxG37ncd7T7OfOUWERSZMrYzK', 'teacher', 1, '2025-12-27T01:30:05.674Z', 237);
INSERT INTO subject (name, classId, teacherId, id) VALUES ('Physics', 10, 237, 56);
INSERT INTO user (userName, email, password, role, schoolId, createdAt, id) VALUES ('Teacher_Class 10-A_History', 'teacher_class10-a_2@school.com', '$2b$10$Qy3JFAtzk0AAWTOX2w2F0upESHTDjxG37ncd7T7OfOUWERSZMrYzK', 'teacher', 1, '2025-12-27T01:30:05.674Z', 238);
INSERT INTO subject (name, classId, teacherId, id) VALUES ('History', 10, 238, 57);
INSERT INTO user (userName, email, password, role, schoolId, createdAt, id) VALUES ('Teacher_Class 10-A_Biology', 'teacher_class10-a_3@school.com', '$2b$10$Qy3JFAtzk0AAWTOX2w2F0upESHTDjxG37ncd7T7OfOUWERSZMrYzK', 'teacher', 1, '2025-12-27T01:30:05.674Z', 239);
INSERT INTO subject (name, classId, teacherId, id) VALUES ('Biology', 10, 239, 58);
INSERT INTO user (userName, email, password, role, schoolId, createdAt, id) VALUES ('Teacher_Class 10-A_English', 'teacher_class10-a_4@school.com', '$2b$10$Qy3JFAtzk0AAWTOX2w2F0upESHTDjxG37ncd7T7OfOUWERSZMrYzK', 'teacher', 1, '2025-12-27T01:30:05.674Z', 240);
INSERT INTO subject (name, classId, teacherId, id) VALUES ('English', 10, 240, 59);
INSERT INTO user (userName, email, password, role, schoolId, createdAt, id) VALUES ('Teacher_Class 10-A_Computer Science', 'teacher_class10-a_5@school.com', '$2b$10$Qy3JFAtzk0AAWTOX2w2F0upESHTDjxG37ncd7T7OfOUWERSZMrYzK', 'teacher', 1, '2025-12-27T01:30:05.674Z', 241);
INSERT INTO subject (name, classId, teacherId, id) VALUES ('Computer Science', 10, 241, 60);
INSERT INTO user (userName, email, password, role, schoolId, classId, createdAt, id) VALUES ('Student_Class 10-A_1', 'student_class10-a_0@school.com', '$2b$10$Qy3JFAtzk0AAWTOX2w2F0upESHTDjxG37ncd7T7OfOUWERSZMrYzK', 'student', 1, 10, '2025-12-27T01:30:05.674Z', 242);
INSERT INTO studentGrades (studentId, subjectId, classId, score, id) VALUES (242, 55, 10, 48, 1081);
INSERT INTO studentGrades (studentId, subjectId, classId, score, id) VALUES (242, 56, 10, 73, 1082);
INSERT INTO studentGrades (studentId, subjectId, classId, score, id) VALUES (242, 57, 10, 44, 1083);
INSERT INTO studentGrades (studentId, subjectId, classId, score, id) VALUES (242, 58, 10, 68, 1084);
INSERT INTO studentGrades (studentId, subjectId, classId, score, id) VALUES (242, 59, 10, 88, 1085);
INSERT INTO studentGrades (studentId, subjectId, classId, score, id) VALUES (242, 60, 10, 85, 1086);
INSERT INTO user (userName, email, password, role, schoolId, classId, createdAt, id) VALUES ('Student_Class 10-A_2', 'student_class10-a_1@school.com', '$2b$10$Qy3JFAtzk0AAWTOX2w2F0upESHTDjxG37ncd7T7OfOUWERSZMrYzK', 'student', 1, 10, '2025-12-27T01:30:05.674Z', 243);
INSERT INTO studentGrades (studentId, subjectId, classId, score, id) VALUES (243, 55, 10, 82, 1087);
INSERT INTO studentGrades (studentId, subjectId, classId, score, id) VALUES (243, 56, 10, 42, 1088);
INSERT INTO studentGrades (studentId, subjectId, classId, score, id) VALUES (243, 57, 10, 83, 1089);
INSERT INTO studentGrades (studentId, subjectId, classId, score, id) VALUES (243, 58, 10, 56, 1090);
INSERT INTO studentGrades (studentId, subjectId, classId, score, id) VALUES (243, 59, 10, 47, 1091);
INSERT INTO studentGrades (studentId, subjectId, classId, score, id) VALUES (243, 60, 10, 63, 1092);
INSERT INTO user (userName, email, password, role, schoolId, classId, createdAt, id) VALUES ('Student_Class 10-A_3', 'student_class10-a_2@school.com', '$2b$10$Qy3JFAtzk0AAWTOX2w2F0upESHTDjxG37ncd7T7OfOUWERSZMrYzK', 'student', 1, 10, '2025-12-27T01:30:05.674Z', 244);
INSERT INTO studentGrades (studentId, subjectId, classId, score, id) VALUES (244, 55, 10, 82, 1093);
INSERT INTO studentGrades (studentId, subjectId, classId, score, id) VALUES (244, 56, 10, 62, 1094);
INSERT INTO studentGrades (studentId, subjectId, classId, score, id) VALUES (244, 57, 10, 90, 1095);
INSERT INTO studentGrades (studentId, subjectId, classId, score, id) VALUES (244, 58, 10, 42, 1096);
INSERT INTO studentGrades (studentId, subjectId, classId, score, id) VALUES (244, 59, 10, 79, 1097);
INSERT INTO studentGrades (studentId, subjectId, classId, score, id) VALUES (244, 60, 10, 73, 1098);
INSERT INTO user (userName, email, password, role, schoolId, classId, createdAt, id) VALUES ('Student_Class 10-A_4', 'student_class10-a_3@school.com', '$2b$10$Qy3JFAtzk0AAWTOX2w2F0upESHTDjxG37ncd7T7OfOUWERSZMrYzK', 'student', 1, 10, '2025-12-27T01:30:05.674Z', 245);
INSERT INTO studentGrades (studentId, subjectId, classId, score, id) VALUES (245, 55, 10, 75, 1099);
INSERT INTO studentGrades (studentId, subjectId, classId, score, id) VALUES (245, 56, 10, 88, 1100);
INSERT INTO studentGrades (studentId, subjectId, classId, score, id) VALUES (245, 57, 10, 62, 1101);
INSERT INTO studentGrades (studentId, subjectId, classId, score, id) VALUES (245, 58, 10, 42, 1102);
INSERT INTO studentGrades (studentId, subjectId, classId, score, id) VALUES (245, 59, 10, 60, 1103);
INSERT INTO studentGrades (studentId, subjectId, classId, score, id) VALUES (245, 60, 10, 51, 1104);
INSERT INTO user (userName, email, password, role, schoolId, classId, createdAt, id) VALUES ('Student_Class 10-A_5', 'student_class10-a_4@school.com', '$2b$10$Qy3JFAtzk0AAWTOX2w2F0upESHTDjxG37ncd7T7OfOUWERSZMrYzK', 'student', 1, 10, '2025-12-27T01:30:05.674Z', 246);
INSERT INTO studentGrades (studentId, subjectId, classId, score, id) VALUES (246, 55, 10, 64, 1105);
INSERT INTO studentGrades (studentId, subjectId, classId, score, id) VALUES (246, 56, 10, 49, 1106);
INSERT INTO studentGrades (studentId, subjectId, classId, score, id) VALUES (246, 57, 10, 54, 1107);
INSERT INTO studentGrades (studentId, subjectId, classId, score, id) VALUES (246, 58, 10, 47, 1108);
INSERT INTO studentGrades (studentId, subjectId, classId, score, id) VALUES (246, 59, 10, 93, 1109);
INSERT INTO studentGrades (studentId, subjectId, classId, score, id) VALUES (246, 60, 10, 89, 1110);
INSERT INTO user (userName, email, password, role, schoolId, classId, createdAt, id) VALUES ('Student_Class 10-A_6', 'student_class10-a_5@school.com', '$2b$10$Qy3JFAtzk0AAWTOX2w2F0upESHTDjxG37ncd7T7OfOUWERSZMrYzK', 'student', 1, 10, '2025-12-27T01:30:05.674Z', 247);
INSERT INTO studentGrades (studentId, subjectId, classId, score, id) VALUES (247, 55, 10, 93, 1111);
INSERT INTO studentGrades (studentId, subjectId, classId, score, id) VALUES (247, 56, 10, 99, 1112);
INSERT INTO studentGrades (studentId, subjectId, classId, score, id) VALUES (247, 57, 10, 83, 1113);
INSERT INTO studentGrades (studentId, subjectId, classId, score, id) VALUES (247, 58, 10, 90, 1114);
INSERT INTO studentGrades (studentId, subjectId, classId, score, id) VALUES (247, 59, 10, 91, 1115);
INSERT INTO studentGrades (studentId, subjectId, classId, score, id) VALUES (247, 60, 10, 41, 1116);
INSERT INTO user (userName, email, password, role, schoolId, classId, createdAt, id) VALUES ('Student_Class 10-A_7', 'student_class10-a_6@school.com', '$2b$10$Qy3JFAtzk0AAWTOX2w2F0upESHTDjxG37ncd7T7OfOUWERSZMrYzK', 'student', 1, 10, '2025-12-27T01:30:05.674Z', 248);
INSERT INTO studentGrades (studentId, subjectId, classId, score, id) VALUES (248, 55, 10, 99, 1117);
INSERT INTO studentGrades (studentId, subjectId, classId, score, id) VALUES (248, 56, 10, 49, 1118);
INSERT INTO studentGrades (studentId, subjectId, classId, score, id) VALUES (248, 57, 10, 53, 1119);
INSERT INTO studentGrades (studentId, subjectId, classId, score, id) VALUES (248, 58, 10, 90, 1120);
INSERT INTO studentGrades (studentId, subjectId, classId, score, id) VALUES (248, 59, 10, 66, 1121);
INSERT INTO studentGrades (studentId, subjectId, classId, score, id) VALUES (248, 60, 10, 75, 1122);
INSERT INTO user (userName, email, password, role, schoolId, classId, createdAt, id) VALUES ('Student_Class 10-A_8', 'student_class10-a_7@school.com', '$2b$10$Qy3JFAtzk0AAWTOX2w2F0upESHTDjxG37ncd7T7OfOUWERSZMrYzK', 'student', 1, 10, '2025-12-27T01:30:05.674Z', 249);
INSERT INTO studentGrades (studentId, subjectId, classId, score, id) VALUES (249, 55, 10, 44, 1123);
INSERT INTO studentGrades (studentId, subjectId, classId, score, id) VALUES (249, 56, 10, 74, 1124);
INSERT INTO studentGrades (studentId, subjectId, classId, score, id) VALUES (249, 57, 10, 82, 1125);
INSERT INTO studentGrades (studentId, subjectId, classId, score, id) VALUES (249, 58, 10, 71, 1126);
INSERT INTO studentGrades (studentId, subjectId, classId, score, id) VALUES (249, 59, 10, 50, 1127);
INSERT INTO studentGrades (studentId, subjectId, classId, score, id) VALUES (249, 60, 10, 57, 1128);
INSERT INTO user (userName, email, password, role, schoolId, classId, createdAt, id) VALUES ('Student_Class 10-A_9', 'student_class10-a_8@school.com', '$2b$10$Qy3JFAtzk0AAWTOX2w2F0upESHTDjxG37ncd7T7OfOUWERSZMrYzK', 'student', 1, 10, '2025-12-27T01:30:05.674Z', 250);
INSERT INTO studentGrades (studentId, subjectId, classId, score, id) VALUES (250, 55, 10, 72, 1129);
INSERT INTO studentGrades (studentId, subjectId, classId, score, id) VALUES (250, 56, 10, 93, 1130);
INSERT INTO studentGrades (studentId, subjectId, classId, score, id) VALUES (250, 57, 10, 76, 1131);
INSERT INTO studentGrades (studentId, subjectId, classId, score, id) VALUES (250, 58, 10, 94, 1132);
INSERT INTO studentGrades (studentId, subjectId, classId, score, id) VALUES (250, 59, 10, 83, 1133);
INSERT INTO studentGrades (studentId, subjectId, classId, score, id) VALUES (250, 60, 10, 81, 1134);
INSERT INTO user (userName, email, password, role, schoolId, classId, createdAt, id) VALUES ('Student_Class 10-A_10', 'student_class10-a_9@school.com', '$2b$10$Qy3JFAtzk0AAWTOX2w2F0upESHTDjxG37ncd7T7OfOUWERSZMrYzK', 'student', 1, 10, '2025-12-27T01:30:05.674Z', 251);
INSERT INTO studentGrades (studentId, subjectId, classId, score, id) VALUES (251, 55, 10, 93, 1135);
INSERT INTO studentGrades (studentId, subjectId, classId, score, id) VALUES (251, 56, 10, 94, 1136);
INSERT INTO studentGrades (studentId, subjectId, classId, score, id) VALUES (251, 57, 10, 45, 1137);
INSERT INTO studentGrades (studentId, subjectId, classId, score, id) VALUES (251, 58, 10, 95, 1138);
INSERT INTO studentGrades (studentId, subjectId, classId, score, id) VALUES (251, 59, 10, 89, 1139);
INSERT INTO studentGrades (studentId, subjectId, classId, score, id) VALUES (251, 60, 10, 58, 1140);
INSERT INTO user (userName, email, password, role, schoolId, classId, createdAt, id) VALUES ('Student_Class 10-A_11', 'student_class10-a_10@school.com', '$2b$10$Qy3JFAtzk0AAWTOX2w2F0upESHTDjxG37ncd7T7OfOUWERSZMrYzK', 'student', 1, 10, '2025-12-27T01:30:05.674Z', 252);
INSERT INTO studentGrades (studentId, subjectId, classId, score, id) VALUES (252, 55, 10, 96, 1141);
INSERT INTO studentGrades (studentId, subjectId, classId, score, id) VALUES (252, 56, 10, 53, 1142);
INSERT INTO studentGrades (studentId, subjectId, classId, score, id) VALUES (252, 57, 10, 42, 1143);
INSERT INTO studentGrades (studentId, subjectId, classId, score, id) VALUES (252, 58, 10, 49, 1144);
INSERT INTO studentGrades (studentId, subjectId, classId, score, id) VALUES (252, 59, 10, 97, 1145);
INSERT INTO studentGrades (studentId, subjectId, classId, score, id) VALUES (252, 60, 10, 95, 1146);
INSERT INTO user (userName, email, password, role, schoolId, classId, createdAt, id) VALUES ('Student_Class 10-A_12', 'student_class10-a_11@school.com', '$2b$10$Qy3JFAtzk0AAWTOX2w2F0upESHTDjxG37ncd7T7OfOUWERSZMrYzK', 'student', 1, 10, '2025-12-27T01:30:05.674Z', 253);
INSERT INTO studentGrades (studentId, subjectId, classId, score, id) VALUES (253, 55, 10, 54, 1147);
INSERT INTO studentGrades (studentId, subjectId, classId, score, id) VALUES (253, 56, 10, 71, 1148);
INSERT INTO studentGrades (studentId, subjectId, classId, score, id) VALUES (253, 57, 10, 65, 1149);
INSERT INTO studentGrades (studentId, subjectId, classId, score, id) VALUES (253, 58, 10, 60, 1150);
INSERT INTO studentGrades (studentId, subjectId, classId, score, id) VALUES (253, 59, 10, 82, 1151);
INSERT INTO studentGrades (studentId, subjectId, classId, score, id) VALUES (253, 60, 10, 51, 1152);
INSERT INTO user (userName, email, password, role, schoolId, classId, createdAt, id) VALUES ('Student_Class 10-A_13', 'student_class10-a_12@school.com', '$2b$10$Qy3JFAtzk0AAWTOX2w2F0upESHTDjxG37ncd7T7OfOUWERSZMrYzK', 'student', 1, 10, '2025-12-27T01:30:05.674Z', 254);
INSERT INTO studentGrades (studentId, subjectId, classId, score, id) VALUES (254, 55, 10, 90, 1153);
INSERT INTO studentGrades (studentId, subjectId, classId, score, id) VALUES (254, 56, 10, 50, 1154);
INSERT INTO studentGrades (studentId, subjectId, classId, score, id) VALUES (254, 57, 10, 46, 1155);
INSERT INTO studentGrades (studentId, subjectId, classId, score, id) VALUES (254, 58, 10, 62, 1156);
INSERT INTO studentGrades (studentId, subjectId, classId, score, id) VALUES (254, 59, 10, 71, 1157);
INSERT INTO studentGrades (studentId, subjectId, classId, score, id) VALUES (254, 60, 10, 53, 1158);
INSERT INTO user (userName, email, password, role, schoolId, classId, createdAt, id) VALUES ('Student_Class 10-A_14', 'student_class10-a_13@school.com', '$2b$10$Qy3JFAtzk0AAWTOX2w2F0upESHTDjxG37ncd7T7OfOUWERSZMrYzK', 'student', 1, 10, '2025-12-27T01:30:05.674Z', 255);
INSERT INTO studentGrades (studentId, subjectId, classId, score, id) VALUES (255, 55, 10, 66, 1159);
INSERT INTO studentGrades (studentId, subjectId, classId, score, id) VALUES (255, 56, 10, 86, 1160);
INSERT INTO studentGrades (studentId, subjectId, classId, score, id) VALUES (255, 57, 10, 57, 1161);
INSERT INTO studentGrades (studentId, subjectId, classId, score, id) VALUES (255, 58, 10, 92, 1162);
INSERT INTO studentGrades (studentId, subjectId, classId, score, id) VALUES (255, 59, 10, 74, 1163);
INSERT INTO studentGrades (studentId, subjectId, classId, score, id) VALUES (255, 60, 10, 64, 1164);
INSERT INTO user (userName, email, password, role, schoolId, classId, createdAt, id) VALUES ('Student_Class 10-A_15', 'student_class10-a_14@school.com', '$2b$10$Qy3JFAtzk0AAWTOX2w2F0upESHTDjxG37ncd7T7OfOUWERSZMrYzK', 'student', 1, 10, '2025-12-27T01:30:05.674Z', 256);
INSERT INTO studentGrades (studentId, subjectId, classId, score, id) VALUES (256, 55, 10, 53, 1165);
INSERT INTO studentGrades (studentId, subjectId, classId, score, id) VALUES (256, 56, 10, 93, 1166);
INSERT INTO studentGrades (studentId, subjectId, classId, score, id) VALUES (256, 57, 10, 98, 1167);
INSERT INTO studentGrades (studentId, subjectId, classId, score, id) VALUES (256, 58, 10, 62, 1168);
INSERT INTO studentGrades (studentId, subjectId, classId, score, id) VALUES (256, 59, 10, 79, 1169);
INSERT INTO studentGrades (studentId, subjectId, classId, score, id) VALUES (256, 60, 10, 92, 1170);
INSERT INTO user (userName, email, password, role, schoolId, classId, createdAt, id) VALUES ('Student_Class 10-A_16', 'student_class10-a_15@school.com', '$2b$10$Qy3JFAtzk0AAWTOX2w2F0upESHTDjxG37ncd7T7OfOUWERSZMrYzK', 'student', 1, 10, '2025-12-27T01:30:05.674Z', 257);
INSERT INTO studentGrades (studentId, subjectId, classId, score, id) VALUES (257, 55, 10, 88, 1171);
INSERT INTO studentGrades (studentId, subjectId, classId, score, id) VALUES (257, 56, 10, 77, 1172);
INSERT INTO studentGrades (studentId, subjectId, classId, score, id) VALUES (257, 57, 10, 92, 1173);
INSERT INTO studentGrades (studentId, subjectId, classId, score, id) VALUES (257, 58, 10, 68, 1174);
INSERT INTO studentGrades (studentId, subjectId, classId, score, id) VALUES (257, 59, 10, 100, 1175);
INSERT INTO studentGrades (studentId, subjectId, classId, score, id) VALUES (257, 60, 10, 58, 1176);
INSERT INTO user (userName, email, password, role, schoolId, classId, createdAt, id) VALUES ('Student_Class 10-A_17', 'student_class10-a_16@school.com', '$2b$10$Qy3JFAtzk0AAWTOX2w2F0upESHTDjxG37ncd7T7OfOUWERSZMrYzK', 'student', 1, 10, '2025-12-27T01:30:05.674Z', 258);
INSERT INTO studentGrades (studentId, subjectId, classId, score, id) VALUES (258, 55, 10, 97, 1177);
INSERT INTO studentGrades (studentId, subjectId, classId, score, id) VALUES (258, 56, 10, 49, 1178);
INSERT INTO studentGrades (studentId, subjectId, classId, score, id) VALUES (258, 57, 10, 67, 1179);
INSERT INTO studentGrades (studentId, subjectId, classId, score, id) VALUES (258, 58, 10, 81, 1180);
INSERT INTO studentGrades (studentId, subjectId, classId, score, id) VALUES (258, 59, 10, 58, 1181);
INSERT INTO studentGrades (studentId, subjectId, classId, score, id) VALUES (258, 60, 10, 50, 1182);
INSERT INTO user (userName, email, password, role, schoolId, classId, createdAt, id) VALUES ('Student_Class 10-A_18', 'student_class10-a_17@school.com', '$2b$10$Qy3JFAtzk0AAWTOX2w2F0upESHTDjxG37ncd7T7OfOUWERSZMrYzK', 'student', 1, 10, '2025-12-27T01:30:05.674Z', 259);
INSERT INTO studentGrades (studentId, subjectId, classId, score, id) VALUES (259, 55, 10, 67, 1183);
INSERT INTO studentGrades (studentId, subjectId, classId, score, id) VALUES (259, 56, 10, 55, 1184);
INSERT INTO studentGrades (studentId, subjectId, classId, score, id) VALUES (259, 57, 10, 96, 1185);
INSERT INTO studentGrades (studentId, subjectId, classId, score, id) VALUES (259, 58, 10, 44, 1186);
INSERT INTO studentGrades (studentId, subjectId, classId, score, id) VALUES (259, 59, 10, 80, 1187);
INSERT INTO studentGrades (studentId, subjectId, classId, score, id) VALUES (259, 60, 10, 93, 1188);
INSERT INTO user (userName, email, password, role, schoolId, classId, createdAt, id) VALUES ('Student_Class 10-A_19', 'student_class10-a_18@school.com', '$2b$10$Qy3JFAtzk0AAWTOX2w2F0upESHTDjxG37ncd7T7OfOUWERSZMrYzK', 'student', 1, 10, '2025-12-27T01:30:05.674Z', 260);
INSERT INTO studentGrades (studentId, subjectId, classId, score, id) VALUES (260, 55, 10, 86, 1189);
INSERT INTO studentGrades (studentId, subjectId, classId, score, id) VALUES (260, 56, 10, 66, 1190);
INSERT INTO studentGrades (studentId, subjectId, classId, score, id) VALUES (260, 57, 10, 77, 1191);
INSERT INTO studentGrades (studentId, subjectId, classId, score, id) VALUES (260, 58, 10, 93, 1192);
INSERT INTO studentGrades (studentId, subjectId, classId, score, id) VALUES (260, 59, 10, 69, 1193);
INSERT INTO studentGrades (studentId, subjectId, classId, score, id) VALUES (260, 60, 10, 63, 1194);
INSERT INTO user (userName, email, password, role, schoolId, classId, createdAt, id) VALUES ('Student_Class 10-A_20', 'student_class10-a_19@school.com', '$2b$10$Qy3JFAtzk0AAWTOX2w2F0upESHTDjxG37ncd7T7OfOUWERSZMrYzK', 'student', 1, 10, '2025-12-27T01:30:05.674Z', 261);
INSERT INTO studentGrades (studentId, subjectId, classId, score, id) VALUES (261, 55, 10, 75, 1195);
INSERT INTO studentGrades (studentId, subjectId, classId, score, id) VALUES (261, 56, 10, 81, 1196);
INSERT INTO studentGrades (studentId, subjectId, classId, score, id) VALUES (261, 57, 10, 92, 1197);
INSERT INTO studentGrades (studentId, subjectId, classId, score, id) VALUES (261, 58, 10, 72, 1198);
INSERT INTO studentGrades (studentId, subjectId, classId, score, id) VALUES (261, 59, 10, 56, 1199);
INSERT INTO studentGrades (studentId, subjectId, classId, score, id) VALUES (261, 60, 10, 95, 1200);
INSERT INTO schedule (classId, subjectId, day, startTime, endTime, id) VALUES (10, 55, 'Sunday', '08:00', '09:00', 271);
INSERT INTO schedule (classId, subjectId, day, startTime, endTime, id) VALUES (10, 56, 'Sunday', '09:00', '10:00', 272);
INSERT INTO schedule (classId, subjectId, day, startTime, endTime, id) VALUES (10, 57, 'Sunday', '10:00', '11:00', 273);
INSERT INTO schedule (classId, subjectId, day, startTime, endTime, id) VALUES (10, 58, 'Sunday', '11:00', '12:00', 274);
INSERT INTO schedule (classId, subjectId, day, startTime, endTime, id) VALUES (10, 59, 'Sunday', '12:00', '13:00', 275);
INSERT INTO schedule (classId, subjectId, day, startTime, endTime, id) VALUES (10, 60, 'Sunday', '13:00', '14:00', 276);
INSERT INTO schedule (classId, subjectId, day, startTime, endTime, id) VALUES (10, 55, 'Monday', '08:00', '09:00', 277);
INSERT INTO schedule (classId, subjectId, day, startTime, endTime, id) VALUES (10, 56, 'Monday', '09:00', '10:00', 278);
INSERT INTO schedule (classId, subjectId, day, startTime, endTime, id) VALUES (10, 57, 'Monday', '10:00', '11:00', 279);
INSERT INTO schedule (classId, subjectId, day, startTime, endTime, id) VALUES (10, 58, 'Monday', '11:00', '12:00', 280);
INSERT INTO schedule (classId, subjectId, day, startTime, endTime, id) VALUES (10, 59, 'Monday', '12:00', '13:00', 281);
INSERT INTO schedule (classId, subjectId, day, startTime, endTime, id) VALUES (10, 60, 'Monday', '13:00', '14:00', 282);
INSERT INTO schedule (classId, subjectId, day, startTime, endTime, id) VALUES (10, 55, 'Tuesday', '08:00', '09:00', 283);
INSERT INTO schedule (classId, subjectId, day, startTime, endTime, id) VALUES (10, 56, 'Tuesday', '09:00', '10:00', 284);
INSERT INTO schedule (classId, subjectId, day, startTime, endTime, id) VALUES (10, 57, 'Tuesday', '10:00', '11:00', 285);
INSERT INTO schedule (classId, subjectId, day, startTime, endTime, id) VALUES (10, 58, 'Tuesday', '11:00', '12:00', 286);
INSERT INTO schedule (classId, subjectId, day, startTime, endTime, id) VALUES (10, 59, 'Tuesday', '12:00', '13:00', 287);
INSERT INTO schedule (classId, subjectId, day, startTime, endTime, id) VALUES (10, 60, 'Tuesday', '13:00', '14:00', 288);
INSERT INTO schedule (classId, subjectId, day, startTime, endTime, id) VALUES (10, 55, 'Wednesday', '08:00', '09:00', 289);
INSERT INTO schedule (classId, subjectId, day, startTime, endTime, id) VALUES (10, 56, 'Wednesday', '09:00', '10:00', 290);
INSERT INTO schedule (classId, subjectId, day, startTime, endTime, id) VALUES (10, 57, 'Wednesday', '10:00', '11:00', 291);
INSERT INTO schedule (classId, subjectId, day, startTime, endTime, id) VALUES (10, 58, 'Wednesday', '11:00', '12:00', 292);
INSERT INTO schedule (classId, subjectId, day, startTime, endTime, id) VALUES (10, 59, 'Wednesday', '12:00', '13:00', 293);
INSERT INTO schedule (classId, subjectId, day, startTime, endTime, id) VALUES (10, 60, 'Wednesday', '13:00', '14:00', 294);
INSERT INTO schedule (classId, subjectId, day, startTime, endTime, id) VALUES (10, 55, 'Thursday', '08:00', '09:00', 295);
INSERT INTO schedule (classId, subjectId, day, startTime, endTime, id) VALUES (10, 56, 'Thursday', '09:00', '10:00', 296);
INSERT INTO schedule (classId, subjectId, day, startTime, endTime, id) VALUES (10, 57, 'Thursday', '10:00', '11:00', 297);
INSERT INTO schedule (classId, subjectId, day, startTime, endTime, id) VALUES (10, 58, 'Thursday', '11:00', '12:00', 298);
INSERT INTO schedule (classId, subjectId, day, startTime, endTime, id) VALUES (10, 59, 'Thursday', '12:00', '13:00', 299);
INSERT INTO schedule (classId, subjectId, day, startTime, endTime, id) VALUES (10, 60, 'Thursday', '13:00', '14:00', 300);
INSERT INTO school (name, id) VALUES ('School B', 2);
INSERT INTO user (userName, email, password, role, schoolId, createdAt, id) VALUES ('admin_SchoolB', 'admin1@schoolb.com', '$2b$10$Qy3JFAtzk0AAWTOX2w2F0upESHTDjxG37ncd7T7OfOUWERSZMrYzK', 'admin', 2, '2025-12-27T01:30:05.675Z', 262);
UPDATE school SET adminId = 262 WHERE id = 2;
INSERT INTO classRoom (name, schoolId, id) VALUES ('Class 1-B', 2, 11);
INSERT INTO user (userName, email, password, role, schoolId, createdAt, id) VALUES ('Teacher_Class 1-B_Mathematics', 'teacher_class1-b_0@school.com', '$2b$10$Qy3JFAtzk0AAWTOX2w2F0upESHTDjxG37ncd7T7OfOUWERSZMrYzK', 'teacher', 2, '2025-12-27T01:30:05.675Z', 263);
INSERT INTO subject (name, classId, teacherId, id) VALUES ('Mathematics', 11, 263, 61);
INSERT INTO user (userName, email, password, role, schoolId, createdAt, id) VALUES ('Teacher_Class 1-B_Physics', 'teacher_class1-b_1@school.com', '$2b$10$Qy3JFAtzk0AAWTOX2w2F0upESHTDjxG37ncd7T7OfOUWERSZMrYzK', 'teacher', 2, '2025-12-27T01:30:05.675Z', 264);
INSERT INTO subject (name, classId, teacherId, id) VALUES ('Physics', 11, 264, 62);
INSERT INTO user (userName, email, password, role, schoolId, createdAt, id) VALUES ('Teacher_Class 1-B_History', 'teacher_class1-b_2@school.com', '$2b$10$Qy3JFAtzk0AAWTOX2w2F0upESHTDjxG37ncd7T7OfOUWERSZMrYzK', 'teacher', 2, '2025-12-27T01:30:05.675Z', 265);
INSERT INTO subject (name, classId, teacherId, id) VALUES ('History', 11, 265, 63);
INSERT INTO user (userName, email, password, role, schoolId, createdAt, id) VALUES ('Teacher_Class 1-B_Biology', 'teacher_class1-b_3@school.com', '$2b$10$Qy3JFAtzk0AAWTOX2w2F0upESHTDjxG37ncd7T7OfOUWERSZMrYzK', 'teacher', 2, '2025-12-27T01:30:05.675Z', 266);
INSERT INTO subject (name, classId, teacherId, id) VALUES ('Biology', 11, 266, 64);
INSERT INTO user (userName, email, password, role, schoolId, createdAt, id) VALUES ('Teacher_Class 1-B_English', 'teacher_class1-b_4@school.com', '$2b$10$Qy3JFAtzk0AAWTOX2w2F0upESHTDjxG37ncd7T7OfOUWERSZMrYzK', 'teacher', 2, '2025-12-27T01:30:05.675Z', 267);
INSERT INTO subject (name, classId, teacherId, id) VALUES ('English', 11, 267, 65);
INSERT INTO user (userName, email, password, role, schoolId, createdAt, id) VALUES ('Teacher_Class 1-B_Computer Science', 'teacher_class1-b_5@school.com', '$2b$10$Qy3JFAtzk0AAWTOX2w2F0upESHTDjxG37ncd7T7OfOUWERSZMrYzK', 'teacher', 2, '2025-12-27T01:30:05.675Z', 268);
INSERT INTO subject (name, classId, teacherId, id) VALUES ('Computer Science', 11, 268, 66);
INSERT INTO user (userName, email, password, role, schoolId, classId, createdAt, id) VALUES ('Student_Class 1-B_1', 'student_class1-b_0@school.com', '$2b$10$Qy3JFAtzk0AAWTOX2w2F0upESHTDjxG37ncd7T7OfOUWERSZMrYzK', 'student', 2, 11, '2025-12-27T01:30:05.675Z', 269);
INSERT INTO studentGrades (studentId, subjectId, classId, score, id) VALUES (269, 61, 11, 51, 1201);
INSERT INTO studentGrades (studentId, subjectId, classId, score, id) VALUES (269, 62, 11, 44, 1202);
INSERT INTO studentGrades (studentId, subjectId, classId, score, id) VALUES (269, 63, 11, 65, 1203);
INSERT INTO studentGrades (studentId, subjectId, classId, score, id) VALUES (269, 64, 11, 62, 1204);
INSERT INTO studentGrades (studentId, subjectId, classId, score, id) VALUES (269, 65, 11, 65, 1205);
INSERT INTO studentGrades (studentId, subjectId, classId, score, id) VALUES (269, 66, 11, 43, 1206);
INSERT INTO user (userName, email, password, role, schoolId, classId, createdAt, id) VALUES ('Student_Class 1-B_2', 'student_class1-b_1@school.com', '$2b$10$Qy3JFAtzk0AAWTOX2w2F0upESHTDjxG37ncd7T7OfOUWERSZMrYzK', 'student', 2, 11, '2025-12-27T01:30:05.675Z', 270);
INSERT INTO studentGrades (studentId, subjectId, classId, score, id) VALUES (270, 61, 11, 78, 1207);
INSERT INTO studentGrades (studentId, subjectId, classId, score, id) VALUES (270, 62, 11, 40, 1208);
INSERT INTO studentGrades (studentId, subjectId, classId, score, id) VALUES (270, 63, 11, 74, 1209);
INSERT INTO studentGrades (studentId, subjectId, classId, score, id) VALUES (270, 64, 11, 82, 1210);
INSERT INTO studentGrades (studentId, subjectId, classId, score, id) VALUES (270, 65, 11, 84, 1211);
INSERT INTO studentGrades (studentId, subjectId, classId, score, id) VALUES (270, 66, 11, 78, 1212);
INSERT INTO user (userName, email, password, role, schoolId, classId, createdAt, id) VALUES ('Student_Class 1-B_3', 'student_class1-b_2@school.com', '$2b$10$Qy3JFAtzk0AAWTOX2w2F0upESHTDjxG37ncd7T7OfOUWERSZMrYzK', 'student', 2, 11, '2025-12-27T01:30:05.675Z', 271);
INSERT INTO studentGrades (studentId, subjectId, classId, score, id) VALUES (271, 61, 11, 94, 1213);
INSERT INTO studentGrades (studentId, subjectId, classId, score, id) VALUES (271, 62, 11, 74, 1214);
INSERT INTO studentGrades (studentId, subjectId, classId, score, id) VALUES (271, 63, 11, 72, 1215);
INSERT INTO studentGrades (studentId, subjectId, classId, score, id) VALUES (271, 64, 11, 40, 1216);
INSERT INTO studentGrades (studentId, subjectId, classId, score, id) VALUES (271, 65, 11, 91, 1217);
INSERT INTO studentGrades (studentId, subjectId, classId, score, id) VALUES (271, 66, 11, 88, 1218);
INSERT INTO user (userName, email, password, role, schoolId, classId, createdAt, id) VALUES ('Student_Class 1-B_4', 'student_class1-b_3@school.com', '$2b$10$Qy3JFAtzk0AAWTOX2w2F0upESHTDjxG37ncd7T7OfOUWERSZMrYzK', 'student', 2, 11, '2025-12-27T01:30:05.675Z', 272);
INSERT INTO studentGrades (studentId, subjectId, classId, score, id) VALUES (272, 61, 11, 49, 1219);
INSERT INTO studentGrades (studentId, subjectId, classId, score, id) VALUES (272, 62, 11, 89, 1220);
INSERT INTO studentGrades (studentId, subjectId, classId, score, id) VALUES (272, 63, 11, 65, 1221);
INSERT INTO studentGrades (studentId, subjectId, classId, score, id) VALUES (272, 64, 11, 50, 1222);
INSERT INTO studentGrades (studentId, subjectId, classId, score, id) VALUES (272, 65, 11, 93, 1223);
INSERT INTO studentGrades (studentId, subjectId, classId, score, id) VALUES (272, 66, 11, 96, 1224);
INSERT INTO user (userName, email, password, role, schoolId, classId, createdAt, id) VALUES ('Student_Class 1-B_5', 'student_class1-b_4@school.com', '$2b$10$Qy3JFAtzk0AAWTOX2w2F0upESHTDjxG37ncd7T7OfOUWERSZMrYzK', 'student', 2, 11, '2025-12-27T01:30:05.675Z', 273);
INSERT INTO studentGrades (studentId, subjectId, classId, score, id) VALUES (273, 61, 11, 95, 1225);
INSERT INTO studentGrades (studentId, subjectId, classId, score, id) VALUES (273, 62, 11, 77, 1226);
INSERT INTO studentGrades (studentId, subjectId, classId, score, id) VALUES (273, 63, 11, 45, 1227);
INSERT INTO studentGrades (studentId, subjectId, classId, score, id) VALUES (273, 64, 11, 86, 1228);
INSERT INTO studentGrades (studentId, subjectId, classId, score, id) VALUES (273, 65, 11, 69, 1229);
INSERT INTO studentGrades (studentId, subjectId, classId, score, id) VALUES (273, 66, 11, 90, 1230);
INSERT INTO user (userName, email, password, role, schoolId, classId, createdAt, id) VALUES ('Student_Class 1-B_6', 'student_class1-b_5@school.com', '$2b$10$Qy3JFAtzk0AAWTOX2w2F0upESHTDjxG37ncd7T7OfOUWERSZMrYzK', 'student', 2, 11, '2025-12-27T01:30:05.675Z', 274);
INSERT INTO studentGrades (studentId, subjectId, classId, score, id) VALUES (274, 61, 11, 89, 1231);
INSERT INTO studentGrades (studentId, subjectId, classId, score, id) VALUES (274, 62, 11, 64, 1232);
INSERT INTO studentGrades (studentId, subjectId, classId, score, id) VALUES (274, 63, 11, 57, 1233);
INSERT INTO studentGrades (studentId, subjectId, classId, score, id) VALUES (274, 64, 11, 75, 1234);
INSERT INTO studentGrades (studentId, subjectId, classId, score, id) VALUES (274, 65, 11, 84, 1235);
INSERT INTO studentGrades (studentId, subjectId, classId, score, id) VALUES (274, 66, 11, 43, 1236);
INSERT INTO user (userName, email, password, role, schoolId, classId, createdAt, id) VALUES ('Student_Class 1-B_7', 'student_class1-b_6@school.com', '$2b$10$Qy3JFAtzk0AAWTOX2w2F0upESHTDjxG37ncd7T7OfOUWERSZMrYzK', 'student', 2, 11, '2025-12-27T01:30:05.675Z', 275);
INSERT INTO studentGrades (studentId, subjectId, classId, score, id) VALUES (275, 61, 11, 56, 1237);
INSERT INTO studentGrades (studentId, subjectId, classId, score, id) VALUES (275, 62, 11, 52, 1238);
INSERT INTO studentGrades (studentId, subjectId, classId, score, id) VALUES (275, 63, 11, 89, 1239);
INSERT INTO studentGrades (studentId, subjectId, classId, score, id) VALUES (275, 64, 11, 84, 1240);
INSERT INTO studentGrades (studentId, subjectId, classId, score, id) VALUES (275, 65, 11, 40, 1241);
INSERT INTO studentGrades (studentId, subjectId, classId, score, id) VALUES (275, 66, 11, 59, 1242);
INSERT INTO user (userName, email, password, role, schoolId, classId, createdAt, id) VALUES ('Student_Class 1-B_8', 'student_class1-b_7@school.com', '$2b$10$Qy3JFAtzk0AAWTOX2w2F0upESHTDjxG37ncd7T7OfOUWERSZMrYzK', 'student', 2, 11, '2025-12-27T01:30:05.675Z', 276);
INSERT INTO studentGrades (studentId, subjectId, classId, score, id) VALUES (276, 61, 11, 46, 1243);
INSERT INTO studentGrades (studentId, subjectId, classId, score, id) VALUES (276, 62, 11, 75, 1244);
INSERT INTO studentGrades (studentId, subjectId, classId, score, id) VALUES (276, 63, 11, 67, 1245);
INSERT INTO studentGrades (studentId, subjectId, classId, score, id) VALUES (276, 64, 11, 84, 1246);
INSERT INTO studentGrades (studentId, subjectId, classId, score, id) VALUES (276, 65, 11, 99, 1247);
INSERT INTO studentGrades (studentId, subjectId, classId, score, id) VALUES (276, 66, 11, 55, 1248);
INSERT INTO user (userName, email, password, role, schoolId, classId, createdAt, id) VALUES ('Student_Class 1-B_9', 'student_class1-b_8@school.com', '$2b$10$Qy3JFAtzk0AAWTOX2w2F0upESHTDjxG37ncd7T7OfOUWERSZMrYzK', 'student', 2, 11, '2025-12-27T01:30:05.675Z', 277);
INSERT INTO studentGrades (studentId, subjectId, classId, score, id) VALUES (277, 61, 11, 77, 1249);
INSERT INTO studentGrades (studentId, subjectId, classId, score, id) VALUES (277, 62, 11, 75, 1250);
INSERT INTO studentGrades (studentId, subjectId, classId, score, id) VALUES (277, 63, 11, 70, 1251);
INSERT INTO studentGrades (studentId, subjectId, classId, score, id) VALUES (277, 64, 11, 84, 1252);
INSERT INTO studentGrades (studentId, subjectId, classId, score, id) VALUES (277, 65, 11, 60, 1253);
INSERT INTO studentGrades (studentId, subjectId, classId, score, id) VALUES (277, 66, 11, 97, 1254);
INSERT INTO user (userName, email, password, role, schoolId, classId, createdAt, id) VALUES ('Student_Class 1-B_10', 'student_class1-b_9@school.com', '$2b$10$Qy3JFAtzk0AAWTOX2w2F0upESHTDjxG37ncd7T7OfOUWERSZMrYzK', 'student', 2, 11, '2025-12-27T01:30:05.675Z', 278);
INSERT INTO studentGrades (studentId, subjectId, classId, score, id) VALUES (278, 61, 11, 62, 1255);
INSERT INTO studentGrades (studentId, subjectId, classId, score, id) VALUES (278, 62, 11, 61, 1256);
INSERT INTO studentGrades (studentId, subjectId, classId, score, id) VALUES (278, 63, 11, 46, 1257);
INSERT INTO studentGrades (studentId, subjectId, classId, score, id) VALUES (278, 64, 11, 81, 1258);
INSERT INTO studentGrades (studentId, subjectId, classId, score, id) VALUES (278, 65, 11, 63, 1259);
INSERT INTO studentGrades (studentId, subjectId, classId, score, id) VALUES (278, 66, 11, 53, 1260);
INSERT INTO user (userName, email, password, role, schoolId, classId, createdAt, id) VALUES ('Student_Class 1-B_11', 'student_class1-b_10@school.com', '$2b$10$Qy3JFAtzk0AAWTOX2w2F0upESHTDjxG37ncd7T7OfOUWERSZMrYzK', 'student', 2, 11, '2025-12-27T01:30:05.675Z', 279);
INSERT INTO studentGrades (studentId, subjectId, classId, score, id) VALUES (279, 61, 11, 48, 1261);
INSERT INTO studentGrades (studentId, subjectId, classId, score, id) VALUES (279, 62, 11, 69, 1262);
INSERT INTO studentGrades (studentId, subjectId, classId, score, id) VALUES (279, 63, 11, 44, 1263);
INSERT INTO studentGrades (studentId, subjectId, classId, score, id) VALUES (279, 64, 11, 91, 1264);
INSERT INTO studentGrades (studentId, subjectId, classId, score, id) VALUES (279, 65, 11, 41, 1265);
INSERT INTO studentGrades (studentId, subjectId, classId, score, id) VALUES (279, 66, 11, 57, 1266);
INSERT INTO user (userName, email, password, role, schoolId, classId, createdAt, id) VALUES ('Student_Class 1-B_12', 'student_class1-b_11@school.com', '$2b$10$Qy3JFAtzk0AAWTOX2w2F0upESHTDjxG37ncd7T7OfOUWERSZMrYzK', 'student', 2, 11, '2025-12-27T01:30:05.675Z', 280);
INSERT INTO studentGrades (studentId, subjectId, classId, score, id) VALUES (280, 61, 11, 43, 1267);
INSERT INTO studentGrades (studentId, subjectId, classId, score, id) VALUES (280, 62, 11, 97, 1268);
INSERT INTO studentGrades (studentId, subjectId, classId, score, id) VALUES (280, 63, 11, 51, 1269);
INSERT INTO studentGrades (studentId, subjectId, classId, score, id) VALUES (280, 64, 11, 54, 1270);
INSERT INTO studentGrades (studentId, subjectId, classId, score, id) VALUES (280, 65, 11, 90, 1271);
INSERT INTO studentGrades (studentId, subjectId, classId, score, id) VALUES (280, 66, 11, 85, 1272);
INSERT INTO user (userName, email, password, role, schoolId, classId, createdAt, id) VALUES ('Student_Class 1-B_13', 'student_class1-b_12@school.com', '$2b$10$Qy3JFAtzk0AAWTOX2w2F0upESHTDjxG37ncd7T7OfOUWERSZMrYzK', 'student', 2, 11, '2025-12-27T01:30:05.675Z', 281);
INSERT INTO studentGrades (studentId, subjectId, classId, score, id) VALUES (281, 61, 11, 51, 1273);
INSERT INTO studentGrades (studentId, subjectId, classId, score, id) VALUES (281, 62, 11, 41, 1274);
INSERT INTO studentGrades (studentId, subjectId, classId, score, id) VALUES (281, 63, 11, 84, 1275);
INSERT INTO studentGrades (studentId, subjectId, classId, score, id) VALUES (281, 64, 11, 93, 1276);
INSERT INTO studentGrades (studentId, subjectId, classId, score, id) VALUES (281, 65, 11, 42, 1277);
INSERT INTO studentGrades (studentId, subjectId, classId, score, id) VALUES (281, 66, 11, 69, 1278);
INSERT INTO user (userName, email, password, role, schoolId, classId, createdAt, id) VALUES ('Student_Class 1-B_14', 'student_class1-b_13@school.com', '$2b$10$Qy3JFAtzk0AAWTOX2w2F0upESHTDjxG37ncd7T7OfOUWERSZMrYzK', 'student', 2, 11, '2025-12-27T01:30:05.675Z', 282);
INSERT INTO studentGrades (studentId, subjectId, classId, score, id) VALUES (282, 61, 11, 60, 1279);
INSERT INTO studentGrades (studentId, subjectId, classId, score, id) VALUES (282, 62, 11, 63, 1280);
INSERT INTO studentGrades (studentId, subjectId, classId, score, id) VALUES (282, 63, 11, 71, 1281);
INSERT INTO studentGrades (studentId, subjectId, classId, score, id) VALUES (282, 64, 11, 58, 1282);
INSERT INTO studentGrades (studentId, subjectId, classId, score, id) VALUES (282, 65, 11, 64, 1283);
INSERT INTO studentGrades (studentId, subjectId, classId, score, id) VALUES (282, 66, 11, 82, 1284);
INSERT INTO user (userName, email, password, role, schoolId, classId, createdAt, id) VALUES ('Student_Class 1-B_15', 'student_class1-b_14@school.com', '$2b$10$Qy3JFAtzk0AAWTOX2w2F0upESHTDjxG37ncd7T7OfOUWERSZMrYzK', 'student', 2, 11, '2025-12-27T01:30:05.675Z', 283);
INSERT INTO studentGrades (studentId, subjectId, classId, score, id) VALUES (283, 61, 11, 99, 1285);
INSERT INTO studentGrades (studentId, subjectId, classId, score, id) VALUES (283, 62, 11, 42, 1286);
INSERT INTO studentGrades (studentId, subjectId, classId, score, id) VALUES (283, 63, 11, 44, 1287);
INSERT INTO studentGrades (studentId, subjectId, classId, score, id) VALUES (283, 64, 11, 41, 1288);
INSERT INTO studentGrades (studentId, subjectId, classId, score, id) VALUES (283, 65, 11, 99, 1289);
INSERT INTO studentGrades (studentId, subjectId, classId, score, id) VALUES (283, 66, 11, 98, 1290);
INSERT INTO user (userName, email, password, role, schoolId, classId, createdAt, id) VALUES ('Student_Class 1-B_16', 'student_class1-b_15@school.com', '$2b$10$Qy3JFAtzk0AAWTOX2w2F0upESHTDjxG37ncd7T7OfOUWERSZMrYzK', 'student', 2, 11, '2025-12-27T01:30:05.675Z', 284);
INSERT INTO studentGrades (studentId, subjectId, classId, score, id) VALUES (284, 61, 11, 45, 1291);
INSERT INTO studentGrades (studentId, subjectId, classId, score, id) VALUES (284, 62, 11, 40, 1292);
INSERT INTO studentGrades (studentId, subjectId, classId, score, id) VALUES (284, 63, 11, 73, 1293);
INSERT INTO studentGrades (studentId, subjectId, classId, score, id) VALUES (284, 64, 11, 62, 1294);
INSERT INTO studentGrades (studentId, subjectId, classId, score, id) VALUES (284, 65, 11, 65, 1295);
INSERT INTO studentGrades (studentId, subjectId, classId, score, id) VALUES (284, 66, 11, 41, 1296);
INSERT INTO user (userName, email, password, role, schoolId, classId, createdAt, id) VALUES ('Student_Class 1-B_17', 'student_class1-b_16@school.com', '$2b$10$Qy3JFAtzk0AAWTOX2w2F0upESHTDjxG37ncd7T7OfOUWERSZMrYzK', 'student', 2, 11, '2025-12-27T01:30:05.675Z', 285);
INSERT INTO studentGrades (studentId, subjectId, classId, score, id) VALUES (285, 61, 11, 52, 1297);
INSERT INTO studentGrades (studentId, subjectId, classId, score, id) VALUES (285, 62, 11, 42, 1298);
INSERT INTO studentGrades (studentId, subjectId, classId, score, id) VALUES (285, 63, 11, 41, 1299);
INSERT INTO studentGrades (studentId, subjectId, classId, score, id) VALUES (285, 64, 11, 66, 1300);
INSERT INTO studentGrades (studentId, subjectId, classId, score, id) VALUES (285, 65, 11, 51, 1301);
INSERT INTO studentGrades (studentId, subjectId, classId, score, id) VALUES (285, 66, 11, 61, 1302);
INSERT INTO user (userName, email, password, role, schoolId, classId, createdAt, id) VALUES ('Student_Class 1-B_18', 'student_class1-b_17@school.com', '$2b$10$Qy3JFAtzk0AAWTOX2w2F0upESHTDjxG37ncd7T7OfOUWERSZMrYzK', 'student', 2, 11, '2025-12-27T01:30:05.675Z', 286);
INSERT INTO studentGrades (studentId, subjectId, classId, score, id) VALUES (286, 61, 11, 63, 1303);
INSERT INTO studentGrades (studentId, subjectId, classId, score, id) VALUES (286, 62, 11, 77, 1304);
INSERT INTO studentGrades (studentId, subjectId, classId, score, id) VALUES (286, 63, 11, 55, 1305);
INSERT INTO studentGrades (studentId, subjectId, classId, score, id) VALUES (286, 64, 11, 55, 1306);
INSERT INTO studentGrades (studentId, subjectId, classId, score, id) VALUES (286, 65, 11, 64, 1307);
INSERT INTO studentGrades (studentId, subjectId, classId, score, id) VALUES (286, 66, 11, 97, 1308);
INSERT INTO user (userName, email, password, role, schoolId, classId, createdAt, id) VALUES ('Student_Class 1-B_19', 'student_class1-b_18@school.com', '$2b$10$Qy3JFAtzk0AAWTOX2w2F0upESHTDjxG37ncd7T7OfOUWERSZMrYzK', 'student', 2, 11, '2025-12-27T01:30:05.675Z', 287);
INSERT INTO studentGrades (studentId, subjectId, classId, score, id) VALUES (287, 61, 11, 81, 1309);
INSERT INTO studentGrades (studentId, subjectId, classId, score, id) VALUES (287, 62, 11, 99, 1310);
INSERT INTO studentGrades (studentId, subjectId, classId, score, id) VALUES (287, 63, 11, 52, 1311);
INSERT INTO studentGrades (studentId, subjectId, classId, score, id) VALUES (287, 64, 11, 79, 1312);
INSERT INTO studentGrades (studentId, subjectId, classId, score, id) VALUES (287, 65, 11, 68, 1313);
INSERT INTO studentGrades (studentId, subjectId, classId, score, id) VALUES (287, 66, 11, 66, 1314);
INSERT INTO user (userName, email, password, role, schoolId, classId, createdAt, id) VALUES ('Student_Class 1-B_20', 'student_class1-b_19@school.com', '$2b$10$Qy3JFAtzk0AAWTOX2w2F0upESHTDjxG37ncd7T7OfOUWERSZMrYzK', 'student', 2, 11, '2025-12-27T01:30:05.675Z', 288);
INSERT INTO studentGrades (studentId, subjectId, classId, score, id) VALUES (288, 61, 11, 68, 1315);
INSERT INTO studentGrades (studentId, subjectId, classId, score, id) VALUES (288, 62, 11, 58, 1316);
INSERT INTO studentGrades (studentId, subjectId, classId, score, id) VALUES (288, 63, 11, 87, 1317);
INSERT INTO studentGrades (studentId, subjectId, classId, score, id) VALUES (288, 64, 11, 46, 1318);
INSERT INTO studentGrades (studentId, subjectId, classId, score, id) VALUES (288, 65, 11, 63, 1319);
INSERT INTO studentGrades (studentId, subjectId, classId, score, id) VALUES (288, 66, 11, 77, 1320);
INSERT INTO schedule (classId, subjectId, day, startTime, endTime, id) VALUES (11, 61, 'Sunday', '08:00', '09:00', 301);
INSERT INTO schedule (classId, subjectId, day, startTime, endTime, id) VALUES (11, 62, 'Sunday', '09:00', '10:00', 302);
INSERT INTO schedule (classId, subjectId, day, startTime, endTime, id) VALUES (11, 63, 'Sunday', '10:00', '11:00', 303);
INSERT INTO schedule (classId, subjectId, day, startTime, endTime, id) VALUES (11, 64, 'Sunday', '11:00', '12:00', 304);
INSERT INTO schedule (classId, subjectId, day, startTime, endTime, id) VALUES (11, 65, 'Sunday', '12:00', '13:00', 305);
INSERT INTO schedule (classId, subjectId, day, startTime, endTime, id) VALUES (11, 66, 'Sunday', '13:00', '14:00', 306);
INSERT INTO schedule (classId, subjectId, day, startTime, endTime, id) VALUES (11, 61, 'Monday', '08:00', '09:00', 307);
INSERT INTO schedule (classId, subjectId, day, startTime, endTime, id) VALUES (11, 62, 'Monday', '09:00', '10:00', 308);
INSERT INTO schedule (classId, subjectId, day, startTime, endTime, id) VALUES (11, 63, 'Monday', '10:00', '11:00', 309);
INSERT INTO schedule (classId, subjectId, day, startTime, endTime, id) VALUES (11, 64, 'Monday', '11:00', '12:00', 310);
INSERT INTO schedule (classId, subjectId, day, startTime, endTime, id) VALUES (11, 65, 'Monday', '12:00', '13:00', 311);
INSERT INTO schedule (classId, subjectId, day, startTime, endTime, id) VALUES (11, 66, 'Monday', '13:00', '14:00', 312);
INSERT INTO schedule (classId, subjectId, day, startTime, endTime, id) VALUES (11, 61, 'Tuesday', '08:00', '09:00', 313);
INSERT INTO schedule (classId, subjectId, day, startTime, endTime, id) VALUES (11, 62, 'Tuesday', '09:00', '10:00', 314);
INSERT INTO schedule (classId, subjectId, day, startTime, endTime, id) VALUES (11, 63, 'Tuesday', '10:00', '11:00', 315);
INSERT INTO schedule (classId, subjectId, day, startTime, endTime, id) VALUES (11, 64, 'Tuesday', '11:00', '12:00', 316);
INSERT INTO schedule (classId, subjectId, day, startTime, endTime, id) VALUES (11, 65, 'Tuesday', '12:00', '13:00', 317);
INSERT INTO schedule (classId, subjectId, day, startTime, endTime, id) VALUES (11, 66, 'Tuesday', '13:00', '14:00', 318);
INSERT INTO schedule (classId, subjectId, day, startTime, endTime, id) VALUES (11, 61, 'Wednesday', '08:00', '09:00', 319);
INSERT INTO schedule (classId, subjectId, day, startTime, endTime, id) VALUES (11, 62, 'Wednesday', '09:00', '10:00', 320);
INSERT INTO schedule (classId, subjectId, day, startTime, endTime, id) VALUES (11, 63, 'Wednesday', '10:00', '11:00', 321);
INSERT INTO schedule (classId, subjectId, day, startTime, endTime, id) VALUES (11, 64, 'Wednesday', '11:00', '12:00', 322);
INSERT INTO schedule (classId, subjectId, day, startTime, endTime, id) VALUES (11, 65, 'Wednesday', '12:00', '13:00', 323);
INSERT INTO schedule (classId, subjectId, day, startTime, endTime, id) VALUES (11, 66, 'Wednesday', '13:00', '14:00', 324);
INSERT INTO schedule (classId, subjectId, day, startTime, endTime, id) VALUES (11, 61, 'Thursday', '08:00', '09:00', 325);
INSERT INTO schedule (classId, subjectId, day, startTime, endTime, id) VALUES (11, 62, 'Thursday', '09:00', '10:00', 326);
INSERT INTO schedule (classId, subjectId, day, startTime, endTime, id) VALUES (11, 63, 'Thursday', '10:00', '11:00', 327);
INSERT INTO schedule (classId, subjectId, day, startTime, endTime, id) VALUES (11, 64, 'Thursday', '11:00', '12:00', 328);
INSERT INTO schedule (classId, subjectId, day, startTime, endTime, id) VALUES (11, 65, 'Thursday', '12:00', '13:00', 329);
INSERT INTO schedule (classId, subjectId, day, startTime, endTime, id) VALUES (11, 66, 'Thursday', '13:00', '14:00', 330);
INSERT INTO classRoom (name, schoolId, id) VALUES ('Class 2-B', 2, 12);
INSERT INTO user (userName, email, password, role, schoolId, createdAt, id) VALUES ('Teacher_Class 2-B_Mathematics', 'teacher_class2-b_0@school.com', '$2b$10$Qy3JFAtzk0AAWTOX2w2F0upESHTDjxG37ncd7T7OfOUWERSZMrYzK', 'teacher', 2, '2025-12-27T01:30:05.676Z', 289);
INSERT INTO subject (name, classId, teacherId, id) VALUES ('Mathematics', 12, 289, 67);
INSERT INTO user (userName, email, password, role, schoolId, createdAt, id) VALUES ('Teacher_Class 2-B_Physics', 'teacher_class2-b_1@school.com', '$2b$10$Qy3JFAtzk0AAWTOX2w2F0upESHTDjxG37ncd7T7OfOUWERSZMrYzK', 'teacher', 2, '2025-12-27T01:30:05.676Z', 290);
INSERT INTO subject (name, classId, teacherId, id) VALUES ('Physics', 12, 290, 68);
INSERT INTO user (userName, email, password, role, schoolId, createdAt, id) VALUES ('Teacher_Class 2-B_History', 'teacher_class2-b_2@school.com', '$2b$10$Qy3JFAtzk0AAWTOX2w2F0upESHTDjxG37ncd7T7OfOUWERSZMrYzK', 'teacher', 2, '2025-12-27T01:30:05.676Z', 291);
INSERT INTO subject (name, classId, teacherId, id) VALUES ('History', 12, 291, 69);
INSERT INTO user (userName, email, password, role, schoolId, createdAt, id) VALUES ('Teacher_Class 2-B_Biology', 'teacher_class2-b_3@school.com', '$2b$10$Qy3JFAtzk0AAWTOX2w2F0upESHTDjxG37ncd7T7OfOUWERSZMrYzK', 'teacher', 2, '2025-12-27T01:30:05.676Z', 292);
INSERT INTO subject (name, classId, teacherId, id) VALUES ('Biology', 12, 292, 70);
INSERT INTO user (userName, email, password, role, schoolId, createdAt, id) VALUES ('Teacher_Class 2-B_English', 'teacher_class2-b_4@school.com', '$2b$10$Qy3JFAtzk0AAWTOX2w2F0upESHTDjxG37ncd7T7OfOUWERSZMrYzK', 'teacher', 2, '2025-12-27T01:30:05.676Z', 293);
INSERT INTO subject (name, classId, teacherId, id) VALUES ('English', 12, 293, 71);
INSERT INTO user (userName, email, password, role, schoolId, createdAt, id) VALUES ('Teacher_Class 2-B_Computer Science', 'teacher_class2-b_5@school.com', '$2b$10$Qy3JFAtzk0AAWTOX2w2F0upESHTDjxG37ncd7T7OfOUWERSZMrYzK', 'teacher', 2, '2025-12-27T01:30:05.676Z', 294);
INSERT INTO subject (name, classId, teacherId, id) VALUES ('Computer Science', 12, 294, 72);
INSERT INTO user (userName, email, password, role, schoolId, classId, createdAt, id) VALUES ('Student_Class 2-B_1', 'student_class2-b_0@school.com', '$2b$10$Qy3JFAtzk0AAWTOX2w2F0upESHTDjxG37ncd7T7OfOUWERSZMrYzK', 'student', 2, 12, '2025-12-27T01:30:05.676Z', 295);
INSERT INTO studentGrades (studentId, subjectId, classId, score, id) VALUES (295, 67, 12, 49, 1321);
INSERT INTO studentGrades (studentId, subjectId, classId, score, id) VALUES (295, 68, 12, 61, 1322);
INSERT INTO studentGrades (studentId, subjectId, classId, score, id) VALUES (295, 69, 12, 76, 1323);
INSERT INTO studentGrades (studentId, subjectId, classId, score, id) VALUES (295, 70, 12, 77, 1324);
INSERT INTO studentGrades (studentId, subjectId, classId, score, id) VALUES (295, 71, 12, 86, 1325);
INSERT INTO studentGrades (studentId, subjectId, classId, score, id) VALUES (295, 72, 12, 61, 1326);
INSERT INTO user (userName, email, password, role, schoolId, classId, createdAt, id) VALUES ('Student_Class 2-B_2', 'student_class2-b_1@school.com', '$2b$10$Qy3JFAtzk0AAWTOX2w2F0upESHTDjxG37ncd7T7OfOUWERSZMrYzK', 'student', 2, 12, '2025-12-27T01:30:05.676Z', 296);
INSERT INTO studentGrades (studentId, subjectId, classId, score, id) VALUES (296, 67, 12, 68, 1327);
INSERT INTO studentGrades (studentId, subjectId, classId, score, id) VALUES (296, 68, 12, 99, 1328);
INSERT INTO studentGrades (studentId, subjectId, classId, score, id) VALUES (296, 69, 12, 41, 1329);
INSERT INTO studentGrades (studentId, subjectId, classId, score, id) VALUES (296, 70, 12, 74, 1330);
INSERT INTO studentGrades (studentId, subjectId, classId, score, id) VALUES (296, 71, 12, 82, 1331);
INSERT INTO studentGrades (studentId, subjectId, classId, score, id) VALUES (296, 72, 12, 49, 1332);
INSERT INTO user (userName, email, password, role, schoolId, classId, createdAt, id) VALUES ('Student_Class 2-B_3', 'student_class2-b_2@school.com', '$2b$10$Qy3JFAtzk0AAWTOX2w2F0upESHTDjxG37ncd7T7OfOUWERSZMrYzK', 'student', 2, 12, '2025-12-27T01:30:05.676Z', 297);
INSERT INTO studentGrades (studentId, subjectId, classId, score, id) VALUES (297, 67, 12, 95, 1333);
INSERT INTO studentGrades (studentId, subjectId, classId, score, id) VALUES (297, 68, 12, 43, 1334);
INSERT INTO studentGrades (studentId, subjectId, classId, score, id) VALUES (297, 69, 12, 72, 1335);
INSERT INTO studentGrades (studentId, subjectId, classId, score, id) VALUES (297, 70, 12, 100, 1336);
INSERT INTO studentGrades (studentId, subjectId, classId, score, id) VALUES (297, 71, 12, 77, 1337);
INSERT INTO studentGrades (studentId, subjectId, classId, score, id) VALUES (297, 72, 12, 96, 1338);
INSERT INTO user (userName, email, password, role, schoolId, classId, createdAt, id) VALUES ('Student_Class 2-B_4', 'student_class2-b_3@school.com', '$2b$10$Qy3JFAtzk0AAWTOX2w2F0upESHTDjxG37ncd7T7OfOUWERSZMrYzK', 'student', 2, 12, '2025-12-27T01:30:05.676Z', 298);
INSERT INTO studentGrades (studentId, subjectId, classId, score, id) VALUES (298, 67, 12, 60, 1339);
INSERT INTO studentGrades (studentId, subjectId, classId, score, id) VALUES (298, 68, 12, 55, 1340);
INSERT INTO studentGrades (studentId, subjectId, classId, score, id) VALUES (298, 69, 12, 71, 1341);
INSERT INTO studentGrades (studentId, subjectId, classId, score, id) VALUES (298, 70, 12, 96, 1342);
INSERT INTO studentGrades (studentId, subjectId, classId, score, id) VALUES (298, 71, 12, 65, 1343);
INSERT INTO studentGrades (studentId, subjectId, classId, score, id) VALUES (298, 72, 12, 72, 1344);
INSERT INTO user (userName, email, password, role, schoolId, classId, createdAt, id) VALUES ('Student_Class 2-B_5', 'student_class2-b_4@school.com', '$2b$10$Qy3JFAtzk0AAWTOX2w2F0upESHTDjxG37ncd7T7OfOUWERSZMrYzK', 'student', 2, 12, '2025-12-27T01:30:05.676Z', 299);
INSERT INTO studentGrades (studentId, subjectId, classId, score, id) VALUES (299, 67, 12, 57, 1345);
INSERT INTO studentGrades (studentId, subjectId, classId, score, id) VALUES (299, 68, 12, 48, 1346);
INSERT INTO studentGrades (studentId, subjectId, classId, score, id) VALUES (299, 69, 12, 40, 1347);
INSERT INTO studentGrades (studentId, subjectId, classId, score, id) VALUES (299, 70, 12, 75, 1348);
INSERT INTO studentGrades (studentId, subjectId, classId, score, id) VALUES (299, 71, 12, 44, 1349);
INSERT INTO studentGrades (studentId, subjectId, classId, score, id) VALUES (299, 72, 12, 77, 1350);
INSERT INTO user (userName, email, password, role, schoolId, classId, createdAt, id) VALUES ('Student_Class 2-B_6', 'student_class2-b_5@school.com', '$2b$10$Qy3JFAtzk0AAWTOX2w2F0upESHTDjxG37ncd7T7OfOUWERSZMrYzK', 'student', 2, 12, '2025-12-27T01:30:05.676Z', 300);
INSERT INTO studentGrades (studentId, subjectId, classId, score, id) VALUES (300, 67, 12, 85, 1351);
INSERT INTO studentGrades (studentId, subjectId, classId, score, id) VALUES (300, 68, 12, 43, 1352);
INSERT INTO studentGrades (studentId, subjectId, classId, score, id) VALUES (300, 69, 12, 47, 1353);
INSERT INTO studentGrades (studentId, subjectId, classId, score, id) VALUES (300, 70, 12, 87, 1354);
INSERT INTO studentGrades (studentId, subjectId, classId, score, id) VALUES (300, 71, 12, 42, 1355);
INSERT INTO studentGrades (studentId, subjectId, classId, score, id) VALUES (300, 72, 12, 97, 1356);
INSERT INTO user (userName, email, password, role, schoolId, classId, createdAt, id) VALUES ('Student_Class 2-B_7', 'student_class2-b_6@school.com', '$2b$10$Qy3JFAtzk0AAWTOX2w2F0upESHTDjxG37ncd7T7OfOUWERSZMrYzK', 'student', 2, 12, '2025-12-27T01:30:05.676Z', 301);
INSERT INTO studentGrades (studentId, subjectId, classId, score, id) VALUES (301, 67, 12, 92, 1357);
INSERT INTO studentGrades (studentId, subjectId, classId, score, id) VALUES (301, 68, 12, 66, 1358);
INSERT INTO studentGrades (studentId, subjectId, classId, score, id) VALUES (301, 69, 12, 69, 1359);
INSERT INTO studentGrades (studentId, subjectId, classId, score, id) VALUES (301, 70, 12, 53, 1360);
INSERT INTO studentGrades (studentId, subjectId, classId, score, id) VALUES (301, 71, 12, 59, 1361);
INSERT INTO studentGrades (studentId, subjectId, classId, score, id) VALUES (301, 72, 12, 65, 1362);
INSERT INTO user (userName, email, password, role, schoolId, classId, createdAt, id) VALUES ('Student_Class 2-B_8', 'student_class2-b_7@school.com', '$2b$10$Qy3JFAtzk0AAWTOX2w2F0upESHTDjxG37ncd7T7OfOUWERSZMrYzK', 'student', 2, 12, '2025-12-27T01:30:05.676Z', 302);
INSERT INTO studentGrades (studentId, subjectId, classId, score, id) VALUES (302, 67, 12, 60, 1363);
INSERT INTO studentGrades (studentId, subjectId, classId, score, id) VALUES (302, 68, 12, 67, 1364);
INSERT INTO studentGrades (studentId, subjectId, classId, score, id) VALUES (302, 69, 12, 74, 1365);
INSERT INTO studentGrades (studentId, subjectId, classId, score, id) VALUES (302, 70, 12, 76, 1366);
INSERT INTO studentGrades (studentId, subjectId, classId, score, id) VALUES (302, 71, 12, 52, 1367);
INSERT INTO studentGrades (studentId, subjectId, classId, score, id) VALUES (302, 72, 12, 72, 1368);
INSERT INTO user (userName, email, password, role, schoolId, classId, createdAt, id) VALUES ('Student_Class 2-B_9', 'student_class2-b_8@school.com', '$2b$10$Qy3JFAtzk0AAWTOX2w2F0upESHTDjxG37ncd7T7OfOUWERSZMrYzK', 'student', 2, 12, '2025-12-27T01:30:05.676Z', 303);
INSERT INTO studentGrades (studentId, subjectId, classId, score, id) VALUES (303, 67, 12, 82, 1369);
INSERT INTO studentGrades (studentId, subjectId, classId, score, id) VALUES (303, 68, 12, 41, 1370);
INSERT INTO studentGrades (studentId, subjectId, classId, score, id) VALUES (303, 69, 12, 99, 1371);
INSERT INTO studentGrades (studentId, subjectId, classId, score, id) VALUES (303, 70, 12, 51, 1372);
INSERT INTO studentGrades (studentId, subjectId, classId, score, id) VALUES (303, 71, 12, 58, 1373);
INSERT INTO studentGrades (studentId, subjectId, classId, score, id) VALUES (303, 72, 12, 93, 1374);
INSERT INTO user (userName, email, password, role, schoolId, classId, createdAt, id) VALUES ('Student_Class 2-B_10', 'student_class2-b_9@school.com', '$2b$10$Qy3JFAtzk0AAWTOX2w2F0upESHTDjxG37ncd7T7OfOUWERSZMrYzK', 'student', 2, 12, '2025-12-27T01:30:05.676Z', 304);
INSERT INTO studentGrades (studentId, subjectId, classId, score, id) VALUES (304, 67, 12, 52, 1375);
INSERT INTO studentGrades (studentId, subjectId, classId, score, id) VALUES (304, 68, 12, 69, 1376);
INSERT INTO studentGrades (studentId, subjectId, classId, score, id) VALUES (304, 69, 12, 45, 1377);
INSERT INTO studentGrades (studentId, subjectId, classId, score, id) VALUES (304, 70, 12, 48, 1378);
INSERT INTO studentGrades (studentId, subjectId, classId, score, id) VALUES (304, 71, 12, 61, 1379);
INSERT INTO studentGrades (studentId, subjectId, classId, score, id) VALUES (304, 72, 12, 52, 1380);
INSERT INTO user (userName, email, password, role, schoolId, classId, createdAt, id) VALUES ('Student_Class 2-B_11', 'student_class2-b_10@school.com', '$2b$10$Qy3JFAtzk0AAWTOX2w2F0upESHTDjxG37ncd7T7OfOUWERSZMrYzK', 'student', 2, 12, '2025-12-27T01:30:05.676Z', 305);
INSERT INTO studentGrades (studentId, subjectId, classId, score, id) VALUES (305, 67, 12, 80, 1381);
INSERT INTO studentGrades (studentId, subjectId, classId, score, id) VALUES (305, 68, 12, 89, 1382);
INSERT INTO studentGrades (studentId, subjectId, classId, score, id) VALUES (305, 69, 12, 85, 1383);
INSERT INTO studentGrades (studentId, subjectId, classId, score, id) VALUES (305, 70, 12, 81, 1384);
INSERT INTO studentGrades (studentId, subjectId, classId, score, id) VALUES (305, 71, 12, 58, 1385);
INSERT INTO studentGrades (studentId, subjectId, classId, score, id) VALUES (305, 72, 12, 88, 1386);
INSERT INTO user (userName, email, password, role, schoolId, classId, createdAt, id) VALUES ('Student_Class 2-B_12', 'student_class2-b_11@school.com', '$2b$10$Qy3JFAtzk0AAWTOX2w2F0upESHTDjxG37ncd7T7OfOUWERSZMrYzK', 'student', 2, 12, '2025-12-27T01:30:05.676Z', 306);
INSERT INTO studentGrades (studentId, subjectId, classId, score, id) VALUES (306, 67, 12, 95, 1387);
INSERT INTO studentGrades (studentId, subjectId, classId, score, id) VALUES (306, 68, 12, 56, 1388);
INSERT INTO studentGrades (studentId, subjectId, classId, score, id) VALUES (306, 69, 12, 56, 1389);
INSERT INTO studentGrades (studentId, subjectId, classId, score, id) VALUES (306, 70, 12, 97, 1390);
INSERT INTO studentGrades (studentId, subjectId, classId, score, id) VALUES (306, 71, 12, 71, 1391);
INSERT INTO studentGrades (studentId, subjectId, classId, score, id) VALUES (306, 72, 12, 56, 1392);
INSERT INTO user (userName, email, password, role, schoolId, classId, createdAt, id) VALUES ('Student_Class 2-B_13', 'student_class2-b_12@school.com', '$2b$10$Qy3JFAtzk0AAWTOX2w2F0upESHTDjxG37ncd7T7OfOUWERSZMrYzK', 'student', 2, 12, '2025-12-27T01:30:05.676Z', 307);
INSERT INTO studentGrades (studentId, subjectId, classId, score, id) VALUES (307, 67, 12, 65, 1393);
INSERT INTO studentGrades (studentId, subjectId, classId, score, id) VALUES (307, 68, 12, 54, 1394);
INSERT INTO studentGrades (studentId, subjectId, classId, score, id) VALUES (307, 69, 12, 97, 1395);
INSERT INTO studentGrades (studentId, subjectId, classId, score, id) VALUES (307, 70, 12, 61, 1396);
INSERT INTO studentGrades (studentId, subjectId, classId, score, id) VALUES (307, 71, 12, 45, 1397);
INSERT INTO studentGrades (studentId, subjectId, classId, score, id) VALUES (307, 72, 12, 51, 1398);
INSERT INTO user (userName, email, password, role, schoolId, classId, createdAt, id) VALUES ('Student_Class 2-B_14', 'student_class2-b_13@school.com', '$2b$10$Qy3JFAtzk0AAWTOX2w2F0upESHTDjxG37ncd7T7OfOUWERSZMrYzK', 'student', 2, 12, '2025-12-27T01:30:05.676Z', 308);
INSERT INTO studentGrades (studentId, subjectId, classId, score, id) VALUES (308, 67, 12, 85, 1399);
INSERT INTO studentGrades (studentId, subjectId, classId, score, id) VALUES (308, 68, 12, 52, 1400);
INSERT INTO studentGrades (studentId, subjectId, classId, score, id) VALUES (308, 69, 12, 87, 1401);
INSERT INTO studentGrades (studentId, subjectId, classId, score, id) VALUES (308, 70, 12, 46, 1402);
INSERT INTO studentGrades (studentId, subjectId, classId, score, id) VALUES (308, 71, 12, 70, 1403);
INSERT INTO studentGrades (studentId, subjectId, classId, score, id) VALUES (308, 72, 12, 85, 1404);
INSERT INTO user (userName, email, password, role, schoolId, classId, createdAt, id) VALUES ('Student_Class 2-B_15', 'student_class2-b_14@school.com', '$2b$10$Qy3JFAtzk0AAWTOX2w2F0upESHTDjxG37ncd7T7OfOUWERSZMrYzK', 'student', 2, 12, '2025-12-27T01:30:05.676Z', 309);
INSERT INTO studentGrades (studentId, subjectId, classId, score, id) VALUES (309, 67, 12, 87, 1405);
INSERT INTO studentGrades (studentId, subjectId, classId, score, id) VALUES (309, 68, 12, 66, 1406);
INSERT INTO studentGrades (studentId, subjectId, classId, score, id) VALUES (309, 69, 12, 93, 1407);
INSERT INTO studentGrades (studentId, subjectId, classId, score, id) VALUES (309, 70, 12, 81, 1408);
INSERT INTO studentGrades (studentId, subjectId, classId, score, id) VALUES (309, 71, 12, 94, 1409);
INSERT INTO studentGrades (studentId, subjectId, classId, score, id) VALUES (309, 72, 12, 93, 1410);
INSERT INTO user (userName, email, password, role, schoolId, classId, createdAt, id) VALUES ('Student_Class 2-B_16', 'student_class2-b_15@school.com', '$2b$10$Qy3JFAtzk0AAWTOX2w2F0upESHTDjxG37ncd7T7OfOUWERSZMrYzK', 'student', 2, 12, '2025-12-27T01:30:05.676Z', 310);
INSERT INTO studentGrades (studentId, subjectId, classId, score, id) VALUES (310, 67, 12, 84, 1411);
INSERT INTO studentGrades (studentId, subjectId, classId, score, id) VALUES (310, 68, 12, 70, 1412);
INSERT INTO studentGrades (studentId, subjectId, classId, score, id) VALUES (310, 69, 12, 61, 1413);
INSERT INTO studentGrades (studentId, subjectId, classId, score, id) VALUES (310, 70, 12, 79, 1414);
INSERT INTO studentGrades (studentId, subjectId, classId, score, id) VALUES (310, 71, 12, 90, 1415);
INSERT INTO studentGrades (studentId, subjectId, classId, score, id) VALUES (310, 72, 12, 52, 1416);
INSERT INTO user (userName, email, password, role, schoolId, classId, createdAt, id) VALUES ('Student_Class 2-B_17', 'student_class2-b_16@school.com', '$2b$10$Qy3JFAtzk0AAWTOX2w2F0upESHTDjxG37ncd7T7OfOUWERSZMrYzK', 'student', 2, 12, '2025-12-27T01:30:05.676Z', 311);
INSERT INTO studentGrades (studentId, subjectId, classId, score, id) VALUES (311, 67, 12, 49, 1417);
INSERT INTO studentGrades (studentId, subjectId, classId, score, id) VALUES (311, 68, 12, 80, 1418);
INSERT INTO studentGrades (studentId, subjectId, classId, score, id) VALUES (311, 69, 12, 64, 1419);
INSERT INTO studentGrades (studentId, subjectId, classId, score, id) VALUES (311, 70, 12, 66, 1420);
INSERT INTO studentGrades (studentId, subjectId, classId, score, id) VALUES (311, 71, 12, 41, 1421);
INSERT INTO studentGrades (studentId, subjectId, classId, score, id) VALUES (311, 72, 12, 68, 1422);
INSERT INTO user (userName, email, password, role, schoolId, classId, createdAt, id) VALUES ('Student_Class 2-B_18', 'student_class2-b_17@school.com', '$2b$10$Qy3JFAtzk0AAWTOX2w2F0upESHTDjxG37ncd7T7OfOUWERSZMrYzK', 'student', 2, 12, '2025-12-27T01:30:05.676Z', 312);
INSERT INTO studentGrades (studentId, subjectId, classId, score, id) VALUES (312, 67, 12, 79, 1423);
INSERT INTO studentGrades (studentId, subjectId, classId, score, id) VALUES (312, 68, 12, 45, 1424);
INSERT INTO studentGrades (studentId, subjectId, classId, score, id) VALUES (312, 69, 12, 68, 1425);
INSERT INTO studentGrades (studentId, subjectId, classId, score, id) VALUES (312, 70, 12, 90, 1426);
INSERT INTO studentGrades (studentId, subjectId, classId, score, id) VALUES (312, 71, 12, 68, 1427);
INSERT INTO studentGrades (studentId, subjectId, classId, score, id) VALUES (312, 72, 12, 41, 1428);
INSERT INTO user (userName, email, password, role, schoolId, classId, createdAt, id) VALUES ('Student_Class 2-B_19', 'student_class2-b_18@school.com', '$2b$10$Qy3JFAtzk0AAWTOX2w2F0upESHTDjxG37ncd7T7OfOUWERSZMrYzK', 'student', 2, 12, '2025-12-27T01:30:05.676Z', 313);
INSERT INTO studentGrades (studentId, subjectId, classId, score, id) VALUES (313, 67, 12, 89, 1429);
INSERT INTO studentGrades (studentId, subjectId, classId, score, id) VALUES (313, 68, 12, 53, 1430);
INSERT INTO studentGrades (studentId, subjectId, classId, score, id) VALUES (313, 69, 12, 72, 1431);
INSERT INTO studentGrades (studentId, subjectId, classId, score, id) VALUES (313, 70, 12, 84, 1432);
INSERT INTO studentGrades (studentId, subjectId, classId, score, id) VALUES (313, 71, 12, 50, 1433);
INSERT INTO studentGrades (studentId, subjectId, classId, score, id) VALUES (313, 72, 12, 100, 1434);
INSERT INTO user (userName, email, password, role, schoolId, classId, createdAt, id) VALUES ('Student_Class 2-B_20', 'student_class2-b_19@school.com', '$2b$10$Qy3JFAtzk0AAWTOX2w2F0upESHTDjxG37ncd7T7OfOUWERSZMrYzK', 'student', 2, 12, '2025-12-27T01:30:05.676Z', 314);
INSERT INTO studentGrades (studentId, subjectId, classId, score, id) VALUES (314, 67, 12, 91, 1435);
INSERT INTO studentGrades (studentId, subjectId, classId, score, id) VALUES (314, 68, 12, 40, 1436);
INSERT INTO studentGrades (studentId, subjectId, classId, score, id) VALUES (314, 69, 12, 70, 1437);
INSERT INTO studentGrades (studentId, subjectId, classId, score, id) VALUES (314, 70, 12, 89, 1438);
INSERT INTO studentGrades (studentId, subjectId, classId, score, id) VALUES (314, 71, 12, 61, 1439);
INSERT INTO studentGrades (studentId, subjectId, classId, score, id) VALUES (314, 72, 12, 87, 1440);
INSERT INTO schedule (classId, subjectId, day, startTime, endTime, id) VALUES (12, 67, 'Sunday', '08:00', '09:00', 331);
INSERT INTO schedule (classId, subjectId, day, startTime, endTime, id) VALUES (12, 68, 'Sunday', '09:00', '10:00', 332);
INSERT INTO schedule (classId, subjectId, day, startTime, endTime, id) VALUES (12, 69, 'Sunday', '10:00', '11:00', 333);
INSERT INTO schedule (classId, subjectId, day, startTime, endTime, id) VALUES (12, 70, 'Sunday', '11:00', '12:00', 334);
INSERT INTO schedule (classId, subjectId, day, startTime, endTime, id) VALUES (12, 71, 'Sunday', '12:00', '13:00', 335);
INSERT INTO schedule (classId, subjectId, day, startTime, endTime, id) VALUES (12, 72, 'Sunday', '13:00', '14:00', 336);
INSERT INTO schedule (classId, subjectId, day, startTime, endTime, id) VALUES (12, 67, 'Monday', '08:00', '09:00', 337);
INSERT INTO schedule (classId, subjectId, day, startTime, endTime, id) VALUES (12, 68, 'Monday', '09:00', '10:00', 338);
INSERT INTO schedule (classId, subjectId, day, startTime, endTime, id) VALUES (12, 69, 'Monday', '10:00', '11:00', 339);
INSERT INTO schedule (classId, subjectId, day, startTime, endTime, id) VALUES (12, 70, 'Monday', '11:00', '12:00', 340);
INSERT INTO schedule (classId, subjectId, day, startTime, endTime, id) VALUES (12, 71, 'Monday', '12:00', '13:00', 341);
INSERT INTO schedule (classId, subjectId, day, startTime, endTime, id) VALUES (12, 72, 'Monday', '13:00', '14:00', 342);
INSERT INTO schedule (classId, subjectId, day, startTime, endTime, id) VALUES (12, 67, 'Tuesday', '08:00', '09:00', 343);
INSERT INTO schedule (classId, subjectId, day, startTime, endTime, id) VALUES (12, 68, 'Tuesday', '09:00', '10:00', 344);
INSERT INTO schedule (classId, subjectId, day, startTime, endTime, id) VALUES (12, 69, 'Tuesday', '10:00', '11:00', 345);
INSERT INTO schedule (classId, subjectId, day, startTime, endTime, id) VALUES (12, 70, 'Tuesday', '11:00', '12:00', 346);
INSERT INTO schedule (classId, subjectId, day, startTime, endTime, id) VALUES (12, 71, 'Tuesday', '12:00', '13:00', 347);
INSERT INTO schedule (classId, subjectId, day, startTime, endTime, id) VALUES (12, 72, 'Tuesday', '13:00', '14:00', 348);
INSERT INTO schedule (classId, subjectId, day, startTime, endTime, id) VALUES (12, 67, 'Wednesday', '08:00', '09:00', 349);
INSERT INTO schedule (classId, subjectId, day, startTime, endTime, id) VALUES (12, 68, 'Wednesday', '09:00', '10:00', 350);
INSERT INTO schedule (classId, subjectId, day, startTime, endTime, id) VALUES (12, 69, 'Wednesday', '10:00', '11:00', 351);
INSERT INTO schedule (classId, subjectId, day, startTime, endTime, id) VALUES (12, 70, 'Wednesday', '11:00', '12:00', 352);
INSERT INTO schedule (classId, subjectId, day, startTime, endTime, id) VALUES (12, 71, 'Wednesday', '12:00', '13:00', 353);
INSERT INTO schedule (classId, subjectId, day, startTime, endTime, id) VALUES (12, 72, 'Wednesday', '13:00', '14:00', 354);
INSERT INTO schedule (classId, subjectId, day, startTime, endTime, id) VALUES (12, 67, 'Thursday', '08:00', '09:00', 355);
INSERT INTO schedule (classId, subjectId, day, startTime, endTime, id) VALUES (12, 68, 'Thursday', '09:00', '10:00', 356);
INSERT INTO schedule (classId, subjectId, day, startTime, endTime, id) VALUES (12, 69, 'Thursday', '10:00', '11:00', 357);
INSERT INTO schedule (classId, subjectId, day, startTime, endTime, id) VALUES (12, 70, 'Thursday', '11:00', '12:00', 358);
INSERT INTO schedule (classId, subjectId, day, startTime, endTime, id) VALUES (12, 71, 'Thursday', '12:00', '13:00', 359);
INSERT INTO schedule (classId, subjectId, day, startTime, endTime, id) VALUES (12, 72, 'Thursday', '13:00', '14:00', 360);
INSERT INTO classRoom (name, schoolId, id) VALUES ('Class 3-B', 2, 13);
INSERT INTO user (userName, email, password, role, schoolId, createdAt, id) VALUES ('Teacher_Class 3-B_Mathematics', 'teacher_class3-b_0@school.com', '$2b$10$Qy3JFAtzk0AAWTOX2w2F0upESHTDjxG37ncd7T7OfOUWERSZMrYzK', 'teacher', 2, '2025-12-27T01:30:05.676Z', 315);
INSERT INTO subject (name, classId, teacherId, id) VALUES ('Mathematics', 13, 315, 73);
INSERT INTO user (userName, email, password, role, schoolId, createdAt, id) VALUES ('Teacher_Class 3-B_Physics', 'teacher_class3-b_1@school.com', '$2b$10$Qy3JFAtzk0AAWTOX2w2F0upESHTDjxG37ncd7T7OfOUWERSZMrYzK', 'teacher', 2, '2025-12-27T01:30:05.676Z', 316);
INSERT INTO subject (name, classId, teacherId, id) VALUES ('Physics', 13, 316, 74);
INSERT INTO user (userName, email, password, role, schoolId, createdAt, id) VALUES ('Teacher_Class 3-B_History', 'teacher_class3-b_2@school.com', '$2b$10$Qy3JFAtzk0AAWTOX2w2F0upESHTDjxG37ncd7T7OfOUWERSZMrYzK', 'teacher', 2, '2025-12-27T01:30:05.676Z', 317);
INSERT INTO subject (name, classId, teacherId, id) VALUES ('History', 13, 317, 75);
INSERT INTO user (userName, email, password, role, schoolId, createdAt, id) VALUES ('Teacher_Class 3-B_Biology', 'teacher_class3-b_3@school.com', '$2b$10$Qy3JFAtzk0AAWTOX2w2F0upESHTDjxG37ncd7T7OfOUWERSZMrYzK', 'teacher', 2, '2025-12-27T01:30:05.676Z', 318);
INSERT INTO subject (name, classId, teacherId, id) VALUES ('Biology', 13, 318, 76);
INSERT INTO user (userName, email, password, role, schoolId, createdAt, id) VALUES ('Teacher_Class 3-B_English', 'teacher_class3-b_4@school.com', '$2b$10$Qy3JFAtzk0AAWTOX2w2F0upESHTDjxG37ncd7T7OfOUWERSZMrYzK', 'teacher', 2, '2025-12-27T01:30:05.676Z', 319);
INSERT INTO subject (name, classId, teacherId, id) VALUES ('English', 13, 319, 77);
INSERT INTO user (userName, email, password, role, schoolId, createdAt, id) VALUES ('Teacher_Class 3-B_Computer Science', 'teacher_class3-b_5@school.com', '$2b$10$Qy3JFAtzk0AAWTOX2w2F0upESHTDjxG37ncd7T7OfOUWERSZMrYzK', 'teacher', 2, '2025-12-27T01:30:05.676Z', 320);
INSERT INTO subject (name, classId, teacherId, id) VALUES ('Computer Science', 13, 320, 78);
INSERT INTO user (userName, email, password, role, schoolId, classId, createdAt, id) VALUES ('Student_Class 3-B_1', 'student_class3-b_0@school.com', '$2b$10$Qy3JFAtzk0AAWTOX2w2F0upESHTDjxG37ncd7T7OfOUWERSZMrYzK', 'student', 2, 13, '2025-12-27T01:30:05.676Z', 321);
INSERT INTO studentGrades (studentId, subjectId, classId, score, id) VALUES (321, 73, 13, 74, 1441);
INSERT INTO studentGrades (studentId, subjectId, classId, score, id) VALUES (321, 74, 13, 63, 1442);
INSERT INTO studentGrades (studentId, subjectId, classId, score, id) VALUES (321, 75, 13, 96, 1443);
INSERT INTO studentGrades (studentId, subjectId, classId, score, id) VALUES (321, 76, 13, 53, 1444);
INSERT INTO studentGrades (studentId, subjectId, classId, score, id) VALUES (321, 77, 13, 100, 1445);
INSERT INTO studentGrades (studentId, subjectId, classId, score, id) VALUES (321, 78, 13, 79, 1446);
INSERT INTO user (userName, email, password, role, schoolId, classId, createdAt, id) VALUES ('Student_Class 3-B_2', 'student_class3-b_1@school.com', '$2b$10$Qy3JFAtzk0AAWTOX2w2F0upESHTDjxG37ncd7T7OfOUWERSZMrYzK', 'student', 2, 13, '2025-12-27T01:30:05.676Z', 322);
INSERT INTO studentGrades (studentId, subjectId, classId, score, id) VALUES (322, 73, 13, 94, 1447);
INSERT INTO studentGrades (studentId, subjectId, classId, score, id) VALUES (322, 74, 13, 95, 1448);
INSERT INTO studentGrades (studentId, subjectId, classId, score, id) VALUES (322, 75, 13, 51, 1449);
INSERT INTO studentGrades (studentId, subjectId, classId, score, id) VALUES (322, 76, 13, 74, 1450);
INSERT INTO studentGrades (studentId, subjectId, classId, score, id) VALUES (322, 77, 13, 51, 1451);
INSERT INTO studentGrades (studentId, subjectId, classId, score, id) VALUES (322, 78, 13, 68, 1452);
INSERT INTO user (userName, email, password, role, schoolId, classId, createdAt, id) VALUES ('Student_Class 3-B_3', 'student_class3-b_2@school.com', '$2b$10$Qy3JFAtzk0AAWTOX2w2F0upESHTDjxG37ncd7T7OfOUWERSZMrYzK', 'student', 2, 13, '2025-12-27T01:30:05.676Z', 323);
INSERT INTO studentGrades (studentId, subjectId, classId, score, id) VALUES (323, 73, 13, 69, 1453);
INSERT INTO studentGrades (studentId, subjectId, classId, score, id) VALUES (323, 74, 13, 92, 1454);
INSERT INTO studentGrades (studentId, subjectId, classId, score, id) VALUES (323, 75, 13, 90, 1455);
INSERT INTO studentGrades (studentId, subjectId, classId, score, id) VALUES (323, 76, 13, 99, 1456);
INSERT INTO studentGrades (studentId, subjectId, classId, score, id) VALUES (323, 77, 13, 96, 1457);
INSERT INTO studentGrades (studentId, subjectId, classId, score, id) VALUES (323, 78, 13, 49, 1458);
INSERT INTO user (userName, email, password, role, schoolId, classId, createdAt, id) VALUES ('Student_Class 3-B_4', 'student_class3-b_3@school.com', '$2b$10$Qy3JFAtzk0AAWTOX2w2F0upESHTDjxG37ncd7T7OfOUWERSZMrYzK', 'student', 2, 13, '2025-12-27T01:30:05.676Z', 324);
INSERT INTO studentGrades (studentId, subjectId, classId, score, id) VALUES (324, 73, 13, 89, 1459);
INSERT INTO studentGrades (studentId, subjectId, classId, score, id) VALUES (324, 74, 13, 72, 1460);
INSERT INTO studentGrades (studentId, subjectId, classId, score, id) VALUES (324, 75, 13, 72, 1461);
INSERT INTO studentGrades (studentId, subjectId, classId, score, id) VALUES (324, 76, 13, 44, 1462);
INSERT INTO studentGrades (studentId, subjectId, classId, score, id) VALUES (324, 77, 13, 44, 1463);
INSERT INTO studentGrades (studentId, subjectId, classId, score, id) VALUES (324, 78, 13, 91, 1464);
INSERT INTO user (userName, email, password, role, schoolId, classId, createdAt, id) VALUES ('Student_Class 3-B_5', 'student_class3-b_4@school.com', '$2b$10$Qy3JFAtzk0AAWTOX2w2F0upESHTDjxG37ncd7T7OfOUWERSZMrYzK', 'student', 2, 13, '2025-12-27T01:30:05.676Z', 325);
INSERT INTO studentGrades (studentId, subjectId, classId, score, id) VALUES (325, 73, 13, 96, 1465);
INSERT INTO studentGrades (studentId, subjectId, classId, score, id) VALUES (325, 74, 13, 88, 1466);
INSERT INTO studentGrades (studentId, subjectId, classId, score, id) VALUES (325, 75, 13, 82, 1467);
INSERT INTO studentGrades (studentId, subjectId, classId, score, id) VALUES (325, 76, 13, 74, 1468);
INSERT INTO studentGrades (studentId, subjectId, classId, score, id) VALUES (325, 77, 13, 82, 1469);
INSERT INTO studentGrades (studentId, subjectId, classId, score, id) VALUES (325, 78, 13, 69, 1470);
INSERT INTO user (userName, email, password, role, schoolId, classId, createdAt, id) VALUES ('Student_Class 3-B_6', 'student_class3-b_5@school.com', '$2b$10$Qy3JFAtzk0AAWTOX2w2F0upESHTDjxG37ncd7T7OfOUWERSZMrYzK', 'student', 2, 13, '2025-12-27T01:30:05.676Z', 326);
INSERT INTO studentGrades (studentId, subjectId, classId, score, id) VALUES (326, 73, 13, 64, 1471);
INSERT INTO studentGrades (studentId, subjectId, classId, score, id) VALUES (326, 74, 13, 45, 1472);
INSERT INTO studentGrades (studentId, subjectId, classId, score, id) VALUES (326, 75, 13, 99, 1473);
INSERT INTO studentGrades (studentId, subjectId, classId, score, id) VALUES (326, 76, 13, 98, 1474);
INSERT INTO studentGrades (studentId, subjectId, classId, score, id) VALUES (326, 77, 13, 68, 1475);
INSERT INTO studentGrades (studentId, subjectId, classId, score, id) VALUES (326, 78, 13, 92, 1476);
INSERT INTO user (userName, email, password, role, schoolId, classId, createdAt, id) VALUES ('Student_Class 3-B_7', 'student_class3-b_6@school.com', '$2b$10$Qy3JFAtzk0AAWTOX2w2F0upESHTDjxG37ncd7T7OfOUWERSZMrYzK', 'student', 2, 13, '2025-12-27T01:30:05.676Z', 327);
INSERT INTO studentGrades (studentId, subjectId, classId, score, id) VALUES (327, 73, 13, 100, 1477);
INSERT INTO studentGrades (studentId, subjectId, classId, score, id) VALUES (327, 74, 13, 58, 1478);
INSERT INTO studentGrades (studentId, subjectId, classId, score, id) VALUES (327, 75, 13, 84, 1479);
INSERT INTO studentGrades (studentId, subjectId, classId, score, id) VALUES (327, 76, 13, 78, 1480);
INSERT INTO studentGrades (studentId, subjectId, classId, score, id) VALUES (327, 77, 13, 52, 1481);
INSERT INTO studentGrades (studentId, subjectId, classId, score, id) VALUES (327, 78, 13, 78, 1482);
INSERT INTO user (userName, email, password, role, schoolId, classId, createdAt, id) VALUES ('Student_Class 3-B_8', 'student_class3-b_7@school.com', '$2b$10$Qy3JFAtzk0AAWTOX2w2F0upESHTDjxG37ncd7T7OfOUWERSZMrYzK', 'student', 2, 13, '2025-12-27T01:30:05.676Z', 328);
INSERT INTO studentGrades (studentId, subjectId, classId, score, id) VALUES (328, 73, 13, 70, 1483);
INSERT INTO studentGrades (studentId, subjectId, classId, score, id) VALUES (328, 74, 13, 54, 1484);
INSERT INTO studentGrades (studentId, subjectId, classId, score, id) VALUES (328, 75, 13, 78, 1485);
INSERT INTO studentGrades (studentId, subjectId, classId, score, id) VALUES (328, 76, 13, 99, 1486);
INSERT INTO studentGrades (studentId, subjectId, classId, score, id) VALUES (328, 77, 13, 91, 1487);
INSERT INTO studentGrades (studentId, subjectId, classId, score, id) VALUES (328, 78, 13, 85, 1488);
INSERT INTO user (userName, email, password, role, schoolId, classId, createdAt, id) VALUES ('Student_Class 3-B_9', 'student_class3-b_8@school.com', '$2b$10$Qy3JFAtzk0AAWTOX2w2F0upESHTDjxG37ncd7T7OfOUWERSZMrYzK', 'student', 2, 13, '2025-12-27T01:30:05.676Z', 329);
INSERT INTO studentGrades (studentId, subjectId, classId, score, id) VALUES (329, 73, 13, 53, 1489);
INSERT INTO studentGrades (studentId, subjectId, classId, score, id) VALUES (329, 74, 13, 66, 1490);
INSERT INTO studentGrades (studentId, subjectId, classId, score, id) VALUES (329, 75, 13, 79, 1491);
INSERT INTO studentGrades (studentId, subjectId, classId, score, id) VALUES (329, 76, 13, 81, 1492);
INSERT INTO studentGrades (studentId, subjectId, classId, score, id) VALUES (329, 77, 13, 41, 1493);
INSERT INTO studentGrades (studentId, subjectId, classId, score, id) VALUES (329, 78, 13, 82, 1494);
INSERT INTO user (userName, email, password, role, schoolId, classId, createdAt, id) VALUES ('Student_Class 3-B_10', 'student_class3-b_9@school.com', '$2b$10$Qy3JFAtzk0AAWTOX2w2F0upESHTDjxG37ncd7T7OfOUWERSZMrYzK', 'student', 2, 13, '2025-12-27T01:30:05.676Z', 330);
INSERT INTO studentGrades (studentId, subjectId, classId, score, id) VALUES (330, 73, 13, 47, 1495);
INSERT INTO studentGrades (studentId, subjectId, classId, score, id) VALUES (330, 74, 13, 78, 1496);
INSERT INTO studentGrades (studentId, subjectId, classId, score, id) VALUES (330, 75, 13, 90, 1497);
INSERT INTO studentGrades (studentId, subjectId, classId, score, id) VALUES (330, 76, 13, 52, 1498);
INSERT INTO studentGrades (studentId, subjectId, classId, score, id) VALUES (330, 77, 13, 84, 1499);
INSERT INTO studentGrades (studentId, subjectId, classId, score, id) VALUES (330, 78, 13, 99, 1500);
INSERT INTO user (userName, email, password, role, schoolId, classId, createdAt, id) VALUES ('Student_Class 3-B_11', 'student_class3-b_10@school.com', '$2b$10$Qy3JFAtzk0AAWTOX2w2F0upESHTDjxG37ncd7T7OfOUWERSZMrYzK', 'student', 2, 13, '2025-12-27T01:30:05.676Z', 331);
INSERT INTO studentGrades (studentId, subjectId, classId, score, id) VALUES (331, 73, 13, 77, 1501);
INSERT INTO studentGrades (studentId, subjectId, classId, score, id) VALUES (331, 74, 13, 68, 1502);
INSERT INTO studentGrades (studentId, subjectId, classId, score, id) VALUES (331, 75, 13, 55, 1503);
INSERT INTO studentGrades (studentId, subjectId, classId, score, id) VALUES (331, 76, 13, 94, 1504);
INSERT INTO studentGrades (studentId, subjectId, classId, score, id) VALUES (331, 77, 13, 85, 1505);
INSERT INTO studentGrades (studentId, subjectId, classId, score, id) VALUES (331, 78, 13, 90, 1506);
INSERT INTO user (userName, email, password, role, schoolId, classId, createdAt, id) VALUES ('Student_Class 3-B_12', 'student_class3-b_11@school.com', '$2b$10$Qy3JFAtzk0AAWTOX2w2F0upESHTDjxG37ncd7T7OfOUWERSZMrYzK', 'student', 2, 13, '2025-12-27T01:30:05.676Z', 332);
INSERT INTO studentGrades (studentId, subjectId, classId, score, id) VALUES (332, 73, 13, 54, 1507);
INSERT INTO studentGrades (studentId, subjectId, classId, score, id) VALUES (332, 74, 13, 77, 1508);
INSERT INTO studentGrades (studentId, subjectId, classId, score, id) VALUES (332, 75, 13, 71, 1509);
INSERT INTO studentGrades (studentId, subjectId, classId, score, id) VALUES (332, 76, 13, 95, 1510);
INSERT INTO studentGrades (studentId, subjectId, classId, score, id) VALUES (332, 77, 13, 96, 1511);
INSERT INTO studentGrades (studentId, subjectId, classId, score, id) VALUES (332, 78, 13, 65, 1512);
INSERT INTO user (userName, email, password, role, schoolId, classId, createdAt, id) VALUES ('Student_Class 3-B_13', 'student_class3-b_12@school.com', '$2b$10$Qy3JFAtzk0AAWTOX2w2F0upESHTDjxG37ncd7T7OfOUWERSZMrYzK', 'student', 2, 13, '2025-12-27T01:30:05.676Z', 333);
INSERT INTO studentGrades (studentId, subjectId, classId, score, id) VALUES (333, 73, 13, 70, 1513);
INSERT INTO studentGrades (studentId, subjectId, classId, score, id) VALUES (333, 74, 13, 65, 1514);
INSERT INTO studentGrades (studentId, subjectId, classId, score, id) VALUES (333, 75, 13, 90, 1515);
INSERT INTO studentGrades (studentId, subjectId, classId, score, id) VALUES (333, 76, 13, 92, 1516);
INSERT INTO studentGrades (studentId, subjectId, classId, score, id) VALUES (333, 77, 13, 85, 1517);
INSERT INTO studentGrades (studentId, subjectId, classId, score, id) VALUES (333, 78, 13, 68, 1518);
INSERT INTO user (userName, email, password, role, schoolId, classId, createdAt, id) VALUES ('Student_Class 3-B_14', 'student_class3-b_13@school.com', '$2b$10$Qy3JFAtzk0AAWTOX2w2F0upESHTDjxG37ncd7T7OfOUWERSZMrYzK', 'student', 2, 13, '2025-12-27T01:30:05.676Z', 334);
INSERT INTO studentGrades (studentId, subjectId, classId, score, id) VALUES (334, 73, 13, 61, 1519);
INSERT INTO studentGrades (studentId, subjectId, classId, score, id) VALUES (334, 74, 13, 62, 1520);
INSERT INTO studentGrades (studentId, subjectId, classId, score, id) VALUES (334, 75, 13, 85, 1521);
INSERT INTO studentGrades (studentId, subjectId, classId, score, id) VALUES (334, 76, 13, 79, 1522);
INSERT INTO studentGrades (studentId, subjectId, classId, score, id) VALUES (334, 77, 13, 47, 1523);
INSERT INTO studentGrades (studentId, subjectId, classId, score, id) VALUES (334, 78, 13, 64, 1524);
INSERT INTO user (userName, email, password, role, schoolId, classId, createdAt, id) VALUES ('Student_Class 3-B_15', 'student_class3-b_14@school.com', '$2b$10$Qy3JFAtzk0AAWTOX2w2F0upESHTDjxG37ncd7T7OfOUWERSZMrYzK', 'student', 2, 13, '2025-12-27T01:30:05.677Z', 335);
INSERT INTO studentGrades (studentId, subjectId, classId, score, id) VALUES (335, 73, 13, 71, 1525);
INSERT INTO studentGrades (studentId, subjectId, classId, score, id) VALUES (335, 74, 13, 74, 1526);
INSERT INTO studentGrades (studentId, subjectId, classId, score, id) VALUES (335, 75, 13, 46, 1527);
INSERT INTO studentGrades (studentId, subjectId, classId, score, id) VALUES (335, 76, 13, 66, 1528);
INSERT INTO studentGrades (studentId, subjectId, classId, score, id) VALUES (335, 77, 13, 76, 1529);
INSERT INTO studentGrades (studentId, subjectId, classId, score, id) VALUES (335, 78, 13, 83, 1530);
INSERT INTO user (userName, email, password, role, schoolId, classId, createdAt, id) VALUES ('Student_Class 3-B_16', 'student_class3-b_15@school.com', '$2b$10$Qy3JFAtzk0AAWTOX2w2F0upESHTDjxG37ncd7T7OfOUWERSZMrYzK', 'student', 2, 13, '2025-12-27T01:30:05.677Z', 336);
INSERT INTO studentGrades (studentId, subjectId, classId, score, id) VALUES (336, 73, 13, 74, 1531);
INSERT INTO studentGrades (studentId, subjectId, classId, score, id) VALUES (336, 74, 13, 67, 1532);
INSERT INTO studentGrades (studentId, subjectId, classId, score, id) VALUES (336, 75, 13, 86, 1533);
INSERT INTO studentGrades (studentId, subjectId, classId, score, id) VALUES (336, 76, 13, 52, 1534);
INSERT INTO studentGrades (studentId, subjectId, classId, score, id) VALUES (336, 77, 13, 84, 1535);
INSERT INTO studentGrades (studentId, subjectId, classId, score, id) VALUES (336, 78, 13, 93, 1536);
INSERT INTO user (userName, email, password, role, schoolId, classId, createdAt, id) VALUES ('Student_Class 3-B_17', 'student_class3-b_16@school.com', '$2b$10$Qy3JFAtzk0AAWTOX2w2F0upESHTDjxG37ncd7T7OfOUWERSZMrYzK', 'student', 2, 13, '2025-12-27T01:30:05.677Z', 337);
INSERT INTO studentGrades (studentId, subjectId, classId, score, id) VALUES (337, 73, 13, 55, 1537);
INSERT INTO studentGrades (studentId, subjectId, classId, score, id) VALUES (337, 74, 13, 66, 1538);
INSERT INTO studentGrades (studentId, subjectId, classId, score, id) VALUES (337, 75, 13, 64, 1539);
INSERT INTO studentGrades (studentId, subjectId, classId, score, id) VALUES (337, 76, 13, 54, 1540);
INSERT INTO studentGrades (studentId, subjectId, classId, score, id) VALUES (337, 77, 13, 48, 1541);
INSERT INTO studentGrades (studentId, subjectId, classId, score, id) VALUES (337, 78, 13, 87, 1542);
INSERT INTO user (userName, email, password, role, schoolId, classId, createdAt, id) VALUES ('Student_Class 3-B_18', 'student_class3-b_17@school.com', '$2b$10$Qy3JFAtzk0AAWTOX2w2F0upESHTDjxG37ncd7T7OfOUWERSZMrYzK', 'student', 2, 13, '2025-12-27T01:30:05.677Z', 338);
INSERT INTO studentGrades (studentId, subjectId, classId, score, id) VALUES (338, 73, 13, 49, 1543);
INSERT INTO studentGrades (studentId, subjectId, classId, score, id) VALUES (338, 74, 13, 73, 1544);
INSERT INTO studentGrades (studentId, subjectId, classId, score, id) VALUES (338, 75, 13, 100, 1545);
INSERT INTO studentGrades (studentId, subjectId, classId, score, id) VALUES (338, 76, 13, 69, 1546);
INSERT INTO studentGrades (studentId, subjectId, classId, score, id) VALUES (338, 77, 13, 69, 1547);
INSERT INTO studentGrades (studentId, subjectId, classId, score, id) VALUES (338, 78, 13, 64, 1548);
INSERT INTO user (userName, email, password, role, schoolId, classId, createdAt, id) VALUES ('Student_Class 3-B_19', 'student_class3-b_18@school.com', '$2b$10$Qy3JFAtzk0AAWTOX2w2F0upESHTDjxG37ncd7T7OfOUWERSZMrYzK', 'student', 2, 13, '2025-12-27T01:30:05.677Z', 339);
INSERT INTO studentGrades (studentId, subjectId, classId, score, id) VALUES (339, 73, 13, 98, 1549);
INSERT INTO studentGrades (studentId, subjectId, classId, score, id) VALUES (339, 74, 13, 42, 1550);
INSERT INTO studentGrades (studentId, subjectId, classId, score, id) VALUES (339, 75, 13, 92, 1551);
INSERT INTO studentGrades (studentId, subjectId, classId, score, id) VALUES (339, 76, 13, 100, 1552);
INSERT INTO studentGrades (studentId, subjectId, classId, score, id) VALUES (339, 77, 13, 90, 1553);
INSERT INTO studentGrades (studentId, subjectId, classId, score, id) VALUES (339, 78, 13, 65, 1554);
INSERT INTO user (userName, email, password, role, schoolId, classId, createdAt, id) VALUES ('Student_Class 3-B_20', 'student_class3-b_19@school.com', '$2b$10$Qy3JFAtzk0AAWTOX2w2F0upESHTDjxG37ncd7T7OfOUWERSZMrYzK', 'student', 2, 13, '2025-12-27T01:30:05.677Z', 340);
INSERT INTO studentGrades (studentId, subjectId, classId, score, id) VALUES (340, 73, 13, 85, 1555);
INSERT INTO studentGrades (studentId, subjectId, classId, score, id) VALUES (340, 74, 13, 43, 1556);
INSERT INTO studentGrades (studentId, subjectId, classId, score, id) VALUES (340, 75, 13, 56, 1557);
INSERT INTO studentGrades (studentId, subjectId, classId, score, id) VALUES (340, 76, 13, 81, 1558);
INSERT INTO studentGrades (studentId, subjectId, classId, score, id) VALUES (340, 77, 13, 95, 1559);
INSERT INTO studentGrades (studentId, subjectId, classId, score, id) VALUES (340, 78, 13, 61, 1560);
INSERT INTO schedule (classId, subjectId, day, startTime, endTime, id) VALUES (13, 73, 'Sunday', '08:00', '09:00', 361);
INSERT INTO schedule (classId, subjectId, day, startTime, endTime, id) VALUES (13, 74, 'Sunday', '09:00', '10:00', 362);
INSERT INTO schedule (classId, subjectId, day, startTime, endTime, id) VALUES (13, 75, 'Sunday', '10:00', '11:00', 363);
INSERT INTO schedule (classId, subjectId, day, startTime, endTime, id) VALUES (13, 76, 'Sunday', '11:00', '12:00', 364);
INSERT INTO schedule (classId, subjectId, day, startTime, endTime, id) VALUES (13, 77, 'Sunday', '12:00', '13:00', 365);
INSERT INTO schedule (classId, subjectId, day, startTime, endTime, id) VALUES (13, 78, 'Sunday', '13:00', '14:00', 366);
INSERT INTO schedule (classId, subjectId, day, startTime, endTime, id) VALUES (13, 73, 'Monday', '08:00', '09:00', 367);
INSERT INTO schedule (classId, subjectId, day, startTime, endTime, id) VALUES (13, 74, 'Monday', '09:00', '10:00', 368);
INSERT INTO schedule (classId, subjectId, day, startTime, endTime, id) VALUES (13, 75, 'Monday', '10:00', '11:00', 369);
INSERT INTO schedule (classId, subjectId, day, startTime, endTime, id) VALUES (13, 76, 'Monday', '11:00', '12:00', 370);
INSERT INTO schedule (classId, subjectId, day, startTime, endTime, id) VALUES (13, 77, 'Monday', '12:00', '13:00', 371);
INSERT INTO schedule (classId, subjectId, day, startTime, endTime, id) VALUES (13, 78, 'Monday', '13:00', '14:00', 372);
INSERT INTO schedule (classId, subjectId, day, startTime, endTime, id) VALUES (13, 73, 'Tuesday', '08:00', '09:00', 373);
INSERT INTO schedule (classId, subjectId, day, startTime, endTime, id) VALUES (13, 74, 'Tuesday', '09:00', '10:00', 374);
INSERT INTO schedule (classId, subjectId, day, startTime, endTime, id) VALUES (13, 75, 'Tuesday', '10:00', '11:00', 375);
INSERT INTO schedule (classId, subjectId, day, startTime, endTime, id) VALUES (13, 76, 'Tuesday', '11:00', '12:00', 376);
INSERT INTO schedule (classId, subjectId, day, startTime, endTime, id) VALUES (13, 77, 'Tuesday', '12:00', '13:00', 377);
INSERT INTO schedule (classId, subjectId, day, startTime, endTime, id) VALUES (13, 78, 'Tuesday', '13:00', '14:00', 378);
INSERT INTO schedule (classId, subjectId, day, startTime, endTime, id) VALUES (13, 73, 'Wednesday', '08:00', '09:00', 379);
INSERT INTO schedule (classId, subjectId, day, startTime, endTime, id) VALUES (13, 74, 'Wednesday', '09:00', '10:00', 380);
INSERT INTO schedule (classId, subjectId, day, startTime, endTime, id) VALUES (13, 75, 'Wednesday', '10:00', '11:00', 381);
INSERT INTO schedule (classId, subjectId, day, startTime, endTime, id) VALUES (13, 76, 'Wednesday', '11:00', '12:00', 382);
INSERT INTO schedule (classId, subjectId, day, startTime, endTime, id) VALUES (13, 77, 'Wednesday', '12:00', '13:00', 383);
INSERT INTO schedule (classId, subjectId, day, startTime, endTime, id) VALUES (13, 78, 'Wednesday', '13:00', '14:00', 384);
INSERT INTO schedule (classId, subjectId, day, startTime, endTime, id) VALUES (13, 73, 'Thursday', '08:00', '09:00', 385);
INSERT INTO schedule (classId, subjectId, day, startTime, endTime, id) VALUES (13, 74, 'Thursday', '09:00', '10:00', 386);
INSERT INTO schedule (classId, subjectId, day, startTime, endTime, id) VALUES (13, 75, 'Thursday', '10:00', '11:00', 387);
INSERT INTO schedule (classId, subjectId, day, startTime, endTime, id) VALUES (13, 76, 'Thursday', '11:00', '12:00', 388);
INSERT INTO schedule (classId, subjectId, day, startTime, endTime, id) VALUES (13, 77, 'Thursday', '12:00', '13:00', 389);
INSERT INTO schedule (classId, subjectId, day, startTime, endTime, id) VALUES (13, 78, 'Thursday', '13:00', '14:00', 390);
INSERT INTO classRoom (name, schoolId, id) VALUES ('Class 4-B', 2, 14);
INSERT INTO user (userName, email, password, role, schoolId, createdAt, id) VALUES ('Teacher_Class 4-B_Mathematics', 'teacher_class4-b_0@school.com', '$2b$10$Qy3JFAtzk0AAWTOX2w2F0upESHTDjxG37ncd7T7OfOUWERSZMrYzK', 'teacher', 2, '2025-12-27T01:30:05.677Z', 341);
INSERT INTO subject (name, classId, teacherId, id) VALUES ('Mathematics', 14, 341, 79);
INSERT INTO user (userName, email, password, role, schoolId, createdAt, id) VALUES ('Teacher_Class 4-B_Physics', 'teacher_class4-b_1@school.com', '$2b$10$Qy3JFAtzk0AAWTOX2w2F0upESHTDjxG37ncd7T7OfOUWERSZMrYzK', 'teacher', 2, '2025-12-27T01:30:05.677Z', 342);
INSERT INTO subject (name, classId, teacherId, id) VALUES ('Physics', 14, 342, 80);
INSERT INTO user (userName, email, password, role, schoolId, createdAt, id) VALUES ('Teacher_Class 4-B_History', 'teacher_class4-b_2@school.com', '$2b$10$Qy3JFAtzk0AAWTOX2w2F0upESHTDjxG37ncd7T7OfOUWERSZMrYzK', 'teacher', 2, '2025-12-27T01:30:05.677Z', 343);
INSERT INTO subject (name, classId, teacherId, id) VALUES ('History', 14, 343, 81);
INSERT INTO user (userName, email, password, role, schoolId, createdAt, id) VALUES ('Teacher_Class 4-B_Biology', 'teacher_class4-b_3@school.com', '$2b$10$Qy3JFAtzk0AAWTOX2w2F0upESHTDjxG37ncd7T7OfOUWERSZMrYzK', 'teacher', 2, '2025-12-27T01:30:05.677Z', 344);
INSERT INTO subject (name, classId, teacherId, id) VALUES ('Biology', 14, 344, 82);
INSERT INTO user (userName, email, password, role, schoolId, createdAt, id) VALUES ('Teacher_Class 4-B_English', 'teacher_class4-b_4@school.com', '$2b$10$Qy3JFAtzk0AAWTOX2w2F0upESHTDjxG37ncd7T7OfOUWERSZMrYzK', 'teacher', 2, '2025-12-27T01:30:05.677Z', 345);
INSERT INTO subject (name, classId, teacherId, id) VALUES ('English', 14, 345, 83);
INSERT INTO user (userName, email, password, role, schoolId, createdAt, id) VALUES ('Teacher_Class 4-B_Computer Science', 'teacher_class4-b_5@school.com', '$2b$10$Qy3JFAtzk0AAWTOX2w2F0upESHTDjxG37ncd7T7OfOUWERSZMrYzK', 'teacher', 2, '2025-12-27T01:30:05.677Z', 346);
INSERT INTO subject (name, classId, teacherId, id) VALUES ('Computer Science', 14, 346, 84);
INSERT INTO user (userName, email, password, role, schoolId, classId, createdAt, id) VALUES ('Student_Class 4-B_1', 'student_class4-b_0@school.com', '$2b$10$Qy3JFAtzk0AAWTOX2w2F0upESHTDjxG37ncd7T7OfOUWERSZMrYzK', 'student', 2, 14, '2025-12-27T01:30:05.677Z', 347);
INSERT INTO studentGrades (studentId, subjectId, classId, score, id) VALUES (347, 79, 14, 73, 1561);
INSERT INTO studentGrades (studentId, subjectId, classId, score, id) VALUES (347, 80, 14, 91, 1562);
INSERT INTO studentGrades (studentId, subjectId, classId, score, id) VALUES (347, 81, 14, 41, 1563);
INSERT INTO studentGrades (studentId, subjectId, classId, score, id) VALUES (347, 82, 14, 97, 1564);
INSERT INTO studentGrades (studentId, subjectId, classId, score, id) VALUES (347, 83, 14, 80, 1565);
INSERT INTO studentGrades (studentId, subjectId, classId, score, id) VALUES (347, 84, 14, 69, 1566);
INSERT INTO user (userName, email, password, role, schoolId, classId, createdAt, id) VALUES ('Student_Class 4-B_2', 'student_class4-b_1@school.com', '$2b$10$Qy3JFAtzk0AAWTOX2w2F0upESHTDjxG37ncd7T7OfOUWERSZMrYzK', 'student', 2, 14, '2025-12-27T01:30:05.677Z', 348);
INSERT INTO studentGrades (studentId, subjectId, classId, score, id) VALUES (348, 79, 14, 85, 1567);
INSERT INTO studentGrades (studentId, subjectId, classId, score, id) VALUES (348, 80, 14, 99, 1568);
INSERT INTO studentGrades (studentId, subjectId, classId, score, id) VALUES (348, 81, 14, 51, 1569);
INSERT INTO studentGrades (studentId, subjectId, classId, score, id) VALUES (348, 82, 14, 43, 1570);
INSERT INTO studentGrades (studentId, subjectId, classId, score, id) VALUES (348, 83, 14, 46, 1571);
INSERT INTO studentGrades (studentId, subjectId, classId, score, id) VALUES (348, 84, 14, 86, 1572);
INSERT INTO user (userName, email, password, role, schoolId, classId, createdAt, id) VALUES ('Student_Class 4-B_3', 'student_class4-b_2@school.com', '$2b$10$Qy3JFAtzk0AAWTOX2w2F0upESHTDjxG37ncd7T7OfOUWERSZMrYzK', 'student', 2, 14, '2025-12-27T01:30:05.677Z', 349);
INSERT INTO studentGrades (studentId, subjectId, classId, score, id) VALUES (349, 79, 14, 58, 1573);
INSERT INTO studentGrades (studentId, subjectId, classId, score, id) VALUES (349, 80, 14, 62, 1574);
INSERT INTO studentGrades (studentId, subjectId, classId, score, id) VALUES (349, 81, 14, 49, 1575);
INSERT INTO studentGrades (studentId, subjectId, classId, score, id) VALUES (349, 82, 14, 56, 1576);
INSERT INTO studentGrades (studentId, subjectId, classId, score, id) VALUES (349, 83, 14, 49, 1577);
INSERT INTO studentGrades (studentId, subjectId, classId, score, id) VALUES (349, 84, 14, 74, 1578);
INSERT INTO user (userName, email, password, role, schoolId, classId, createdAt, id) VALUES ('Student_Class 4-B_4', 'student_class4-b_3@school.com', '$2b$10$Qy3JFAtzk0AAWTOX2w2F0upESHTDjxG37ncd7T7OfOUWERSZMrYzK', 'student', 2, 14, '2025-12-27T01:30:05.677Z', 350);
INSERT INTO studentGrades (studentId, subjectId, classId, score, id) VALUES (350, 79, 14, 100, 1579);
INSERT INTO studentGrades (studentId, subjectId, classId, score, id) VALUES (350, 80, 14, 49, 1580);
INSERT INTO studentGrades (studentId, subjectId, classId, score, id) VALUES (350, 81, 14, 44, 1581);
INSERT INTO studentGrades (studentId, subjectId, classId, score, id) VALUES (350, 82, 14, 90, 1582);
INSERT INTO studentGrades (studentId, subjectId, classId, score, id) VALUES (350, 83, 14, 75, 1583);
INSERT INTO studentGrades (studentId, subjectId, classId, score, id) VALUES (350, 84, 14, 81, 1584);
INSERT INTO user (userName, email, password, role, schoolId, classId, createdAt, id) VALUES ('Student_Class 4-B_5', 'student_class4-b_4@school.com', '$2b$10$Qy3JFAtzk0AAWTOX2w2F0upESHTDjxG37ncd7T7OfOUWERSZMrYzK', 'student', 2, 14, '2025-12-27T01:30:05.677Z', 351);
INSERT INTO studentGrades (studentId, subjectId, classId, score, id) VALUES (351, 79, 14, 49, 1585);
INSERT INTO studentGrades (studentId, subjectId, classId, score, id) VALUES (351, 80, 14, 56, 1586);
INSERT INTO studentGrades (studentId, subjectId, classId, score, id) VALUES (351, 81, 14, 85, 1587);
INSERT INTO studentGrades (studentId, subjectId, classId, score, id) VALUES (351, 82, 14, 83, 1588);
INSERT INTO studentGrades (studentId, subjectId, classId, score, id) VALUES (351, 83, 14, 43, 1589);
INSERT INTO studentGrades (studentId, subjectId, classId, score, id) VALUES (351, 84, 14, 83, 1590);
INSERT INTO user (userName, email, password, role, schoolId, classId, createdAt, id) VALUES ('Student_Class 4-B_6', 'student_class4-b_5@school.com', '$2b$10$Qy3JFAtzk0AAWTOX2w2F0upESHTDjxG37ncd7T7OfOUWERSZMrYzK', 'student', 2, 14, '2025-12-27T01:30:05.677Z', 352);
INSERT INTO studentGrades (studentId, subjectId, classId, score, id) VALUES (352, 79, 14, 98, 1591);
INSERT INTO studentGrades (studentId, subjectId, classId, score, id) VALUES (352, 80, 14, 49, 1592);
INSERT INTO studentGrades (studentId, subjectId, classId, score, id) VALUES (352, 81, 14, 89, 1593);
INSERT INTO studentGrades (studentId, subjectId, classId, score, id) VALUES (352, 82, 14, 81, 1594);
INSERT INTO studentGrades (studentId, subjectId, classId, score, id) VALUES (352, 83, 14, 94, 1595);
INSERT INTO studentGrades (studentId, subjectId, classId, score, id) VALUES (352, 84, 14, 89, 1596);
INSERT INTO user (userName, email, password, role, schoolId, classId, createdAt, id) VALUES ('Student_Class 4-B_7', 'student_class4-b_6@school.com', '$2b$10$Qy3JFAtzk0AAWTOX2w2F0upESHTDjxG37ncd7T7OfOUWERSZMrYzK', 'student', 2, 14, '2025-12-27T01:30:05.677Z', 353);
INSERT INTO studentGrades (studentId, subjectId, classId, score, id) VALUES (353, 79, 14, 86, 1597);
INSERT INTO studentGrades (studentId, subjectId, classId, score, id) VALUES (353, 80, 14, 58, 1598);
INSERT INTO studentGrades (studentId, subjectId, classId, score, id) VALUES (353, 81, 14, 54, 1599);
INSERT INTO studentGrades (studentId, subjectId, classId, score, id) VALUES (353, 82, 14, 52, 1600);
INSERT INTO studentGrades (studentId, subjectId, classId, score, id) VALUES (353, 83, 14, 90, 1601);
INSERT INTO studentGrades (studentId, subjectId, classId, score, id) VALUES (353, 84, 14, 60, 1602);
INSERT INTO user (userName, email, password, role, schoolId, classId, createdAt, id) VALUES ('Student_Class 4-B_8', 'student_class4-b_7@school.com', '$2b$10$Qy3JFAtzk0AAWTOX2w2F0upESHTDjxG37ncd7T7OfOUWERSZMrYzK', 'student', 2, 14, '2025-12-27T01:30:05.677Z', 354);
INSERT INTO studentGrades (studentId, subjectId, classId, score, id) VALUES (354, 79, 14, 68, 1603);
INSERT INTO studentGrades (studentId, subjectId, classId, score, id) VALUES (354, 80, 14, 90, 1604);
INSERT INTO studentGrades (studentId, subjectId, classId, score, id) VALUES (354, 81, 14, 52, 1605);
INSERT INTO studentGrades (studentId, subjectId, classId, score, id) VALUES (354, 82, 14, 46, 1606);
INSERT INTO studentGrades (studentId, subjectId, classId, score, id) VALUES (354, 83, 14, 51, 1607);
INSERT INTO studentGrades (studentId, subjectId, classId, score, id) VALUES (354, 84, 14, 69, 1608);
INSERT INTO user (userName, email, password, role, schoolId, classId, createdAt, id) VALUES ('Student_Class 4-B_9', 'student_class4-b_8@school.com', '$2b$10$Qy3JFAtzk0AAWTOX2w2F0upESHTDjxG37ncd7T7OfOUWERSZMrYzK', 'student', 2, 14, '2025-12-27T01:30:05.677Z', 355);
INSERT INTO studentGrades (studentId, subjectId, classId, score, id) VALUES (355, 79, 14, 52, 1609);
INSERT INTO studentGrades (studentId, subjectId, classId, score, id) VALUES (355, 80, 14, 66, 1610);
INSERT INTO studentGrades (studentId, subjectId, classId, score, id) VALUES (355, 81, 14, 48, 1611);
INSERT INTO studentGrades (studentId, subjectId, classId, score, id) VALUES (355, 82, 14, 49, 1612);
INSERT INTO studentGrades (studentId, subjectId, classId, score, id) VALUES (355, 83, 14, 60, 1613);
INSERT INTO studentGrades (studentId, subjectId, classId, score, id) VALUES (355, 84, 14, 100, 1614);
INSERT INTO user (userName, email, password, role, schoolId, classId, createdAt, id) VALUES ('Student_Class 4-B_10', 'student_class4-b_9@school.com', '$2b$10$Qy3JFAtzk0AAWTOX2w2F0upESHTDjxG37ncd7T7OfOUWERSZMrYzK', 'student', 2, 14, '2025-12-27T01:30:05.677Z', 356);
INSERT INTO studentGrades (studentId, subjectId, classId, score, id) VALUES (356, 79, 14, 94, 1615);
INSERT INTO studentGrades (studentId, subjectId, classId, score, id) VALUES (356, 80, 14, 76, 1616);
INSERT INTO studentGrades (studentId, subjectId, classId, score, id) VALUES (356, 81, 14, 51, 1617);
INSERT INTO studentGrades (studentId, subjectId, classId, score, id) VALUES (356, 82, 14, 89, 1618);
INSERT INTO studentGrades (studentId, subjectId, classId, score, id) VALUES (356, 83, 14, 78, 1619);
INSERT INTO studentGrades (studentId, subjectId, classId, score, id) VALUES (356, 84, 14, 53, 1620);
INSERT INTO user (userName, email, password, role, schoolId, classId, createdAt, id) VALUES ('Student_Class 4-B_11', 'student_class4-b_10@school.com', '$2b$10$Qy3JFAtzk0AAWTOX2w2F0upESHTDjxG37ncd7T7OfOUWERSZMrYzK', 'student', 2, 14, '2025-12-27T01:30:05.677Z', 357);
INSERT INTO studentGrades (studentId, subjectId, classId, score, id) VALUES (357, 79, 14, 52, 1621);
INSERT INTO studentGrades (studentId, subjectId, classId, score, id) VALUES (357, 80, 14, 79, 1622);
INSERT INTO studentGrades (studentId, subjectId, classId, score, id) VALUES (357, 81, 14, 84, 1623);
INSERT INTO studentGrades (studentId, subjectId, classId, score, id) VALUES (357, 82, 14, 82, 1624);
INSERT INTO studentGrades (studentId, subjectId, classId, score, id) VALUES (357, 83, 14, 98, 1625);
INSERT INTO studentGrades (studentId, subjectId, classId, score, id) VALUES (357, 84, 14, 74, 1626);
INSERT INTO user (userName, email, password, role, schoolId, classId, createdAt, id) VALUES ('Student_Class 4-B_12', 'student_class4-b_11@school.com', '$2b$10$Qy3JFAtzk0AAWTOX2w2F0upESHTDjxG37ncd7T7OfOUWERSZMrYzK', 'student', 2, 14, '2025-12-27T01:30:05.677Z', 358);
INSERT INTO studentGrades (studentId, subjectId, classId, score, id) VALUES (358, 79, 14, 87, 1627);
INSERT INTO studentGrades (studentId, subjectId, classId, score, id) VALUES (358, 80, 14, 90, 1628);
INSERT INTO studentGrades (studentId, subjectId, classId, score, id) VALUES (358, 81, 14, 90, 1629);
INSERT INTO studentGrades (studentId, subjectId, classId, score, id) VALUES (358, 82, 14, 48, 1630);
INSERT INTO studentGrades (studentId, subjectId, classId, score, id) VALUES (358, 83, 14, 90, 1631);
INSERT INTO studentGrades (studentId, subjectId, classId, score, id) VALUES (358, 84, 14, 71, 1632);
INSERT INTO user (userName, email, password, role, schoolId, classId, createdAt, id) VALUES ('Student_Class 4-B_13', 'student_class4-b_12@school.com', '$2b$10$Qy3JFAtzk0AAWTOX2w2F0upESHTDjxG37ncd7T7OfOUWERSZMrYzK', 'student', 2, 14, '2025-12-27T01:30:05.677Z', 359);
INSERT INTO studentGrades (studentId, subjectId, classId, score, id) VALUES (359, 79, 14, 100, 1633);
INSERT INTO studentGrades (studentId, subjectId, classId, score, id) VALUES (359, 80, 14, 95, 1634);
INSERT INTO studentGrades (studentId, subjectId, classId, score, id) VALUES (359, 81, 14, 44, 1635);
INSERT INTO studentGrades (studentId, subjectId, classId, score, id) VALUES (359, 82, 14, 52, 1636);
INSERT INTO studentGrades (studentId, subjectId, classId, score, id) VALUES (359, 83, 14, 75, 1637);
INSERT INTO studentGrades (studentId, subjectId, classId, score, id) VALUES (359, 84, 14, 86, 1638);
INSERT INTO user (userName, email, password, role, schoolId, classId, createdAt, id) VALUES ('Student_Class 4-B_14', 'student_class4-b_13@school.com', '$2b$10$Qy3JFAtzk0AAWTOX2w2F0upESHTDjxG37ncd7T7OfOUWERSZMrYzK', 'student', 2, 14, '2025-12-27T01:30:05.677Z', 360);
INSERT INTO studentGrades (studentId, subjectId, classId, score, id) VALUES (360, 79, 14, 68, 1639);
INSERT INTO studentGrades (studentId, subjectId, classId, score, id) VALUES (360, 80, 14, 58, 1640);
INSERT INTO studentGrades (studentId, subjectId, classId, score, id) VALUES (360, 81, 14, 100, 1641);
INSERT INTO studentGrades (studentId, subjectId, classId, score, id) VALUES (360, 82, 14, 64, 1642);
INSERT INTO studentGrades (studentId, subjectId, classId, score, id) VALUES (360, 83, 14, 55, 1643);
INSERT INTO studentGrades (studentId, subjectId, classId, score, id) VALUES (360, 84, 14, 94, 1644);
INSERT INTO user (userName, email, password, role, schoolId, classId, createdAt, id) VALUES ('Student_Class 4-B_15', 'student_class4-b_14@school.com', '$2b$10$Qy3JFAtzk0AAWTOX2w2F0upESHTDjxG37ncd7T7OfOUWERSZMrYzK', 'student', 2, 14, '2025-12-27T01:30:05.677Z', 361);
INSERT INTO studentGrades (studentId, subjectId, classId, score, id) VALUES (361, 79, 14, 50, 1645);
INSERT INTO studentGrades (studentId, subjectId, classId, score, id) VALUES (361, 80, 14, 72, 1646);
INSERT INTO studentGrades (studentId, subjectId, classId, score, id) VALUES (361, 81, 14, 66, 1647);
INSERT INTO studentGrades (studentId, subjectId, classId, score, id) VALUES (361, 82, 14, 88, 1648);
INSERT INTO studentGrades (studentId, subjectId, classId, score, id) VALUES (361, 83, 14, 63, 1649);
INSERT INTO studentGrades (studentId, subjectId, classId, score, id) VALUES (361, 84, 14, 96, 1650);
INSERT INTO user (userName, email, password, role, schoolId, classId, createdAt, id) VALUES ('Student_Class 4-B_16', 'student_class4-b_15@school.com', '$2b$10$Qy3JFAtzk0AAWTOX2w2F0upESHTDjxG37ncd7T7OfOUWERSZMrYzK', 'student', 2, 14, '2025-12-27T01:30:05.677Z', 362);
INSERT INTO studentGrades (studentId, subjectId, classId, score, id) VALUES (362, 79, 14, 69, 1651);
INSERT INTO studentGrades (studentId, subjectId, classId, score, id) VALUES (362, 80, 14, 49, 1652);
INSERT INTO studentGrades (studentId, subjectId, classId, score, id) VALUES (362, 81, 14, 58, 1653);
INSERT INTO studentGrades (studentId, subjectId, classId, score, id) VALUES (362, 82, 14, 45, 1654);
INSERT INTO studentGrades (studentId, subjectId, classId, score, id) VALUES (362, 83, 14, 50, 1655);
INSERT INTO studentGrades (studentId, subjectId, classId, score, id) VALUES (362, 84, 14, 98, 1656);
INSERT INTO user (userName, email, password, role, schoolId, classId, createdAt, id) VALUES ('Student_Class 4-B_17', 'student_class4-b_16@school.com', '$2b$10$Qy3JFAtzk0AAWTOX2w2F0upESHTDjxG37ncd7T7OfOUWERSZMrYzK', 'student', 2, 14, '2025-12-27T01:30:05.677Z', 363);
INSERT INTO studentGrades (studentId, subjectId, classId, score, id) VALUES (363, 79, 14, 72, 1657);
INSERT INTO studentGrades (studentId, subjectId, classId, score, id) VALUES (363, 80, 14, 93, 1658);
INSERT INTO studentGrades (studentId, subjectId, classId, score, id) VALUES (363, 81, 14, 86, 1659);
INSERT INTO studentGrades (studentId, subjectId, classId, score, id) VALUES (363, 82, 14, 70, 1660);
INSERT INTO studentGrades (studentId, subjectId, classId, score, id) VALUES (363, 83, 14, 90, 1661);
INSERT INTO studentGrades (studentId, subjectId, classId, score, id) VALUES (363, 84, 14, 51, 1662);
INSERT INTO user (userName, email, password, role, schoolId, classId, createdAt, id) VALUES ('Student_Class 4-B_18', 'student_class4-b_17@school.com', '$2b$10$Qy3JFAtzk0AAWTOX2w2F0upESHTDjxG37ncd7T7OfOUWERSZMrYzK', 'student', 2, 14, '2025-12-27T01:30:05.677Z', 364);
INSERT INTO studentGrades (studentId, subjectId, classId, score, id) VALUES (364, 79, 14, 94, 1663);
INSERT INTO studentGrades (studentId, subjectId, classId, score, id) VALUES (364, 80, 14, 41, 1664);
INSERT INTO studentGrades (studentId, subjectId, classId, score, id) VALUES (364, 81, 14, 58, 1665);
INSERT INTO studentGrades (studentId, subjectId, classId, score, id) VALUES (364, 82, 14, 73, 1666);
INSERT INTO studentGrades (studentId, subjectId, classId, score, id) VALUES (364, 83, 14, 54, 1667);
INSERT INTO studentGrades (studentId, subjectId, classId, score, id) VALUES (364, 84, 14, 90, 1668);
INSERT INTO user (userName, email, password, role, schoolId, classId, createdAt, id) VALUES ('Student_Class 4-B_19', 'student_class4-b_18@school.com', '$2b$10$Qy3JFAtzk0AAWTOX2w2F0upESHTDjxG37ncd7T7OfOUWERSZMrYzK', 'student', 2, 14, '2025-12-27T01:30:05.677Z', 365);
INSERT INTO studentGrades (studentId, subjectId, classId, score, id) VALUES (365, 79, 14, 96, 1669);
INSERT INTO studentGrades (studentId, subjectId, classId, score, id) VALUES (365, 80, 14, 94, 1670);
INSERT INTO studentGrades (studentId, subjectId, classId, score, id) VALUES (365, 81, 14, 47, 1671);
INSERT INTO studentGrades (studentId, subjectId, classId, score, id) VALUES (365, 82, 14, 62, 1672);
INSERT INTO studentGrades (studentId, subjectId, classId, score, id) VALUES (365, 83, 14, 83, 1673);
INSERT INTO studentGrades (studentId, subjectId, classId, score, id) VALUES (365, 84, 14, 97, 1674);
INSERT INTO user (userName, email, password, role, schoolId, classId, createdAt, id) VALUES ('Student_Class 4-B_20', 'student_class4-b_19@school.com', '$2b$10$Qy3JFAtzk0AAWTOX2w2F0upESHTDjxG37ncd7T7OfOUWERSZMrYzK', 'student', 2, 14, '2025-12-27T01:30:05.677Z', 366);
INSERT INTO studentGrades (studentId, subjectId, classId, score, id) VALUES (366, 79, 14, 70, 1675);
INSERT INTO studentGrades (studentId, subjectId, classId, score, id) VALUES (366, 80, 14, 61, 1676);
INSERT INTO studentGrades (studentId, subjectId, classId, score, id) VALUES (366, 81, 14, 83, 1677);
INSERT INTO studentGrades (studentId, subjectId, classId, score, id) VALUES (366, 82, 14, 76, 1678);
INSERT INTO studentGrades (studentId, subjectId, classId, score, id) VALUES (366, 83, 14, 68, 1679);
INSERT INTO studentGrades (studentId, subjectId, classId, score, id) VALUES (366, 84, 14, 53, 1680);
INSERT INTO schedule (classId, subjectId, day, startTime, endTime, id) VALUES (14, 79, 'Sunday', '08:00', '09:00', 391);
INSERT INTO schedule (classId, subjectId, day, startTime, endTime, id) VALUES (14, 80, 'Sunday', '09:00', '10:00', 392);
INSERT INTO schedule (classId, subjectId, day, startTime, endTime, id) VALUES (14, 81, 'Sunday', '10:00', '11:00', 393);
INSERT INTO schedule (classId, subjectId, day, startTime, endTime, id) VALUES (14, 82, 'Sunday', '11:00', '12:00', 394);
INSERT INTO schedule (classId, subjectId, day, startTime, endTime, id) VALUES (14, 83, 'Sunday', '12:00', '13:00', 395);
INSERT INTO schedule (classId, subjectId, day, startTime, endTime, id) VALUES (14, 84, 'Sunday', '13:00', '14:00', 396);
INSERT INTO schedule (classId, subjectId, day, startTime, endTime, id) VALUES (14, 79, 'Monday', '08:00', '09:00', 397);
INSERT INTO schedule (classId, subjectId, day, startTime, endTime, id) VALUES (14, 80, 'Monday', '09:00', '10:00', 398);
INSERT INTO schedule (classId, subjectId, day, startTime, endTime, id) VALUES (14, 81, 'Monday', '10:00', '11:00', 399);
INSERT INTO schedule (classId, subjectId, day, startTime, endTime, id) VALUES (14, 82, 'Monday', '11:00', '12:00', 400);
INSERT INTO schedule (classId, subjectId, day, startTime, endTime, id) VALUES (14, 83, 'Monday', '12:00', '13:00', 401);
INSERT INTO schedule (classId, subjectId, day, startTime, endTime, id) VALUES (14, 84, 'Monday', '13:00', '14:00', 402);
INSERT INTO schedule (classId, subjectId, day, startTime, endTime, id) VALUES (14, 79, 'Tuesday', '08:00', '09:00', 403);
INSERT INTO schedule (classId, subjectId, day, startTime, endTime, id) VALUES (14, 80, 'Tuesday', '09:00', '10:00', 404);
INSERT INTO schedule (classId, subjectId, day, startTime, endTime, id) VALUES (14, 81, 'Tuesday', '10:00', '11:00', 405);
INSERT INTO schedule (classId, subjectId, day, startTime, endTime, id) VALUES (14, 82, 'Tuesday', '11:00', '12:00', 406);
INSERT INTO schedule (classId, subjectId, day, startTime, endTime, id) VALUES (14, 83, 'Tuesday', '12:00', '13:00', 407);
INSERT INTO schedule (classId, subjectId, day, startTime, endTime, id) VALUES (14, 84, 'Tuesday', '13:00', '14:00', 408);
INSERT INTO schedule (classId, subjectId, day, startTime, endTime, id) VALUES (14, 79, 'Wednesday', '08:00', '09:00', 409);
INSERT INTO schedule (classId, subjectId, day, startTime, endTime, id) VALUES (14, 80, 'Wednesday', '09:00', '10:00', 410);
INSERT INTO schedule (classId, subjectId, day, startTime, endTime, id) VALUES (14, 81, 'Wednesday', '10:00', '11:00', 411);
INSERT INTO schedule (classId, subjectId, day, startTime, endTime, id) VALUES (14, 82, 'Wednesday', '11:00', '12:00', 412);
INSERT INTO schedule (classId, subjectId, day, startTime, endTime, id) VALUES (14, 83, 'Wednesday', '12:00', '13:00', 413);
INSERT INTO schedule (classId, subjectId, day, startTime, endTime, id) VALUES (14, 84, 'Wednesday', '13:00', '14:00', 414);
INSERT INTO schedule (classId, subjectId, day, startTime, endTime, id) VALUES (14, 79, 'Thursday', '08:00', '09:00', 415);
INSERT INTO schedule (classId, subjectId, day, startTime, endTime, id) VALUES (14, 80, 'Thursday', '09:00', '10:00', 416);
INSERT INTO schedule (classId, subjectId, day, startTime, endTime, id) VALUES (14, 81, 'Thursday', '10:00', '11:00', 417);
INSERT INTO schedule (classId, subjectId, day, startTime, endTime, id) VALUES (14, 82, 'Thursday', '11:00', '12:00', 418);
INSERT INTO schedule (classId, subjectId, day, startTime, endTime, id) VALUES (14, 83, 'Thursday', '12:00', '13:00', 419);
INSERT INTO schedule (classId, subjectId, day, startTime, endTime, id) VALUES (14, 84, 'Thursday', '13:00', '14:00', 420);
INSERT INTO classRoom (name, schoolId, id) VALUES ('Class 5-B', 2, 15);
INSERT INTO user (userName, email, password, role, schoolId, createdAt, id) VALUES ('Teacher_Class 5-B_Mathematics', 'teacher_class5-b_0@school.com', '$2b$10$Qy3JFAtzk0AAWTOX2w2F0upESHTDjxG37ncd7T7OfOUWERSZMrYzK', 'teacher', 2, '2025-12-27T01:30:05.677Z', 367);
INSERT INTO subject (name, classId, teacherId, id) VALUES ('Mathematics', 15, 367, 85);
INSERT INTO user (userName, email, password, role, schoolId, createdAt, id) VALUES ('Teacher_Class 5-B_Physics', 'teacher_class5-b_1@school.com', '$2b$10$Qy3JFAtzk0AAWTOX2w2F0upESHTDjxG37ncd7T7OfOUWERSZMrYzK', 'teacher', 2, '2025-12-27T01:30:05.677Z', 368);
INSERT INTO subject (name, classId, teacherId, id) VALUES ('Physics', 15, 368, 86);
INSERT INTO user (userName, email, password, role, schoolId, createdAt, id) VALUES ('Teacher_Class 5-B_History', 'teacher_class5-b_2@school.com', '$2b$10$Qy3JFAtzk0AAWTOX2w2F0upESHTDjxG37ncd7T7OfOUWERSZMrYzK', 'teacher', 2, '2025-12-27T01:30:05.677Z', 369);
INSERT INTO subject (name, classId, teacherId, id) VALUES ('History', 15, 369, 87);
INSERT INTO user (userName, email, password, role, schoolId, createdAt, id) VALUES ('Teacher_Class 5-B_Biology', 'teacher_class5-b_3@school.com', '$2b$10$Qy3JFAtzk0AAWTOX2w2F0upESHTDjxG37ncd7T7OfOUWERSZMrYzK', 'teacher', 2, '2025-12-27T01:30:05.677Z', 370);
INSERT INTO subject (name, classId, teacherId, id) VALUES ('Biology', 15, 370, 88);
INSERT INTO user (userName, email, password, role, schoolId, createdAt, id) VALUES ('Teacher_Class 5-B_English', 'teacher_class5-b_4@school.com', '$2b$10$Qy3JFAtzk0AAWTOX2w2F0upESHTDjxG37ncd7T7OfOUWERSZMrYzK', 'teacher', 2, '2025-12-27T01:30:05.677Z', 371);
INSERT INTO subject (name, classId, teacherId, id) VALUES ('English', 15, 371, 89);
INSERT INTO user (userName, email, password, role, schoolId, createdAt, id) VALUES ('Teacher_Class 5-B_Computer Science', 'teacher_class5-b_5@school.com', '$2b$10$Qy3JFAtzk0AAWTOX2w2F0upESHTDjxG37ncd7T7OfOUWERSZMrYzK', 'teacher', 2, '2025-12-27T01:30:05.677Z', 372);
INSERT INTO subject (name, classId, teacherId, id) VALUES ('Computer Science', 15, 372, 90);
INSERT INTO user (userName, email, password, role, schoolId, classId, createdAt, id) VALUES ('Student_Class 5-B_1', 'student_class5-b_0@school.com', '$2b$10$Qy3JFAtzk0AAWTOX2w2F0upESHTDjxG37ncd7T7OfOUWERSZMrYzK', 'student', 2, 15, '2025-12-27T01:30:05.677Z', 373);
INSERT INTO studentGrades (studentId, subjectId, classId, score, id) VALUES (373, 85, 15, 90, 1681);
INSERT INTO studentGrades (studentId, subjectId, classId, score, id) VALUES (373, 86, 15, 55, 1682);
INSERT INTO studentGrades (studentId, subjectId, classId, score, id) VALUES (373, 87, 15, 45, 1683);
INSERT INTO studentGrades (studentId, subjectId, classId, score, id) VALUES (373, 88, 15, 53, 1684);
INSERT INTO studentGrades (studentId, subjectId, classId, score, id) VALUES (373, 89, 15, 53, 1685);
INSERT INTO studentGrades (studentId, subjectId, classId, score, id) VALUES (373, 90, 15, 53, 1686);
INSERT INTO user (userName, email, password, role, schoolId, classId, createdAt, id) VALUES ('Student_Class 5-B_2', 'student_class5-b_1@school.com', '$2b$10$Qy3JFAtzk0AAWTOX2w2F0upESHTDjxG37ncd7T7OfOUWERSZMrYzK', 'student', 2, 15, '2025-12-27T01:30:05.677Z', 374);
INSERT INTO studentGrades (studentId, subjectId, classId, score, id) VALUES (374, 85, 15, 40, 1687);
INSERT INTO studentGrades (studentId, subjectId, classId, score, id) VALUES (374, 86, 15, 44, 1688);
INSERT INTO studentGrades (studentId, subjectId, classId, score, id) VALUES (374, 87, 15, 48, 1689);
INSERT INTO studentGrades (studentId, subjectId, classId, score, id) VALUES (374, 88, 15, 93, 1690);
INSERT INTO studentGrades (studentId, subjectId, classId, score, id) VALUES (374, 89, 15, 88, 1691);
INSERT INTO studentGrades (studentId, subjectId, classId, score, id) VALUES (374, 90, 15, 97, 1692);
INSERT INTO user (userName, email, password, role, schoolId, classId, createdAt, id) VALUES ('Student_Class 5-B_3', 'student_class5-b_2@school.com', '$2b$10$Qy3JFAtzk0AAWTOX2w2F0upESHTDjxG37ncd7T7OfOUWERSZMrYzK', 'student', 2, 15, '2025-12-27T01:30:05.677Z', 375);
INSERT INTO studentGrades (studentId, subjectId, classId, score, id) VALUES (375, 85, 15, 100, 1693);
INSERT INTO studentGrades (studentId, subjectId, classId, score, id) VALUES (375, 86, 15, 46, 1694);
INSERT INTO studentGrades (studentId, subjectId, classId, score, id) VALUES (375, 87, 15, 90, 1695);
INSERT INTO studentGrades (studentId, subjectId, classId, score, id) VALUES (375, 88, 15, 84, 1696);
INSERT INTO studentGrades (studentId, subjectId, classId, score, id) VALUES (375, 89, 15, 67, 1697);
INSERT INTO studentGrades (studentId, subjectId, classId, score, id) VALUES (375, 90, 15, 79, 1698);
INSERT INTO user (userName, email, password, role, schoolId, classId, createdAt, id) VALUES ('Student_Class 5-B_4', 'student_class5-b_3@school.com', '$2b$10$Qy3JFAtzk0AAWTOX2w2F0upESHTDjxG37ncd7T7OfOUWERSZMrYzK', 'student', 2, 15, '2025-12-27T01:30:05.678Z', 376);
INSERT INTO studentGrades (studentId, subjectId, classId, score, id) VALUES (376, 85, 15, 93, 1699);
INSERT INTO studentGrades (studentId, subjectId, classId, score, id) VALUES (376, 86, 15, 54, 1700);
INSERT INTO studentGrades (studentId, subjectId, classId, score, id) VALUES (376, 87, 15, 75, 1701);
INSERT INTO studentGrades (studentId, subjectId, classId, score, id) VALUES (376, 88, 15, 91, 1702);
INSERT INTO studentGrades (studentId, subjectId, classId, score, id) VALUES (376, 89, 15, 78, 1703);
INSERT INTO studentGrades (studentId, subjectId, classId, score, id) VALUES (376, 90, 15, 58, 1704);
INSERT INTO user (userName, email, password, role, schoolId, classId, createdAt, id) VALUES ('Student_Class 5-B_5', 'student_class5-b_4@school.com', '$2b$10$Qy3JFAtzk0AAWTOX2w2F0upESHTDjxG37ncd7T7OfOUWERSZMrYzK', 'student', 2, 15, '2025-12-27T01:30:05.678Z', 377);
INSERT INTO studentGrades (studentId, subjectId, classId, score, id) VALUES (377, 85, 15, 63, 1705);
INSERT INTO studentGrades (studentId, subjectId, classId, score, id) VALUES (377, 86, 15, 97, 1706);
INSERT INTO studentGrades (studentId, subjectId, classId, score, id) VALUES (377, 87, 15, 47, 1707);
INSERT INTO studentGrades (studentId, subjectId, classId, score, id) VALUES (377, 88, 15, 60, 1708);
INSERT INTO studentGrades (studentId, subjectId, classId, score, id) VALUES (377, 89, 15, 48, 1709);
INSERT INTO studentGrades (studentId, subjectId, classId, score, id) VALUES (377, 90, 15, 89, 1710);
INSERT INTO user (userName, email, password, role, schoolId, classId, createdAt, id) VALUES ('Student_Class 5-B_6', 'student_class5-b_5@school.com', '$2b$10$Qy3JFAtzk0AAWTOX2w2F0upESHTDjxG37ncd7T7OfOUWERSZMrYzK', 'student', 2, 15, '2025-12-27T01:30:05.678Z', 378);
INSERT INTO studentGrades (studentId, subjectId, classId, score, id) VALUES (378, 85, 15, 99, 1711);
INSERT INTO studentGrades (studentId, subjectId, classId, score, id) VALUES (378, 86, 15, 51, 1712);
INSERT INTO studentGrades (studentId, subjectId, classId, score, id) VALUES (378, 87, 15, 65, 1713);
INSERT INTO studentGrades (studentId, subjectId, classId, score, id) VALUES (378, 88, 15, 95, 1714);
INSERT INTO studentGrades (studentId, subjectId, classId, score, id) VALUES (378, 89, 15, 53, 1715);
INSERT INTO studentGrades (studentId, subjectId, classId, score, id) VALUES (378, 90, 15, 64, 1716);
INSERT INTO user (userName, email, password, role, schoolId, classId, createdAt, id) VALUES ('Student_Class 5-B_7', 'student_class5-b_6@school.com', '$2b$10$Qy3JFAtzk0AAWTOX2w2F0upESHTDjxG37ncd7T7OfOUWERSZMrYzK', 'student', 2, 15, '2025-12-27T01:30:05.678Z', 379);
INSERT INTO studentGrades (studentId, subjectId, classId, score, id) VALUES (379, 85, 15, 61, 1717);
INSERT INTO studentGrades (studentId, subjectId, classId, score, id) VALUES (379, 86, 15, 69, 1718);
INSERT INTO studentGrades (studentId, subjectId, classId, score, id) VALUES (379, 87, 15, 47, 1719);
INSERT INTO studentGrades (studentId, subjectId, classId, score, id) VALUES (379, 88, 15, 85, 1720);
INSERT INTO studentGrades (studentId, subjectId, classId, score, id) VALUES (379, 89, 15, 77, 1721);
INSERT INTO studentGrades (studentId, subjectId, classId, score, id) VALUES (379, 90, 15, 100, 1722);
INSERT INTO user (userName, email, password, role, schoolId, classId, createdAt, id) VALUES ('Student_Class 5-B_8', 'student_class5-b_7@school.com', '$2b$10$Qy3JFAtzk0AAWTOX2w2F0upESHTDjxG37ncd7T7OfOUWERSZMrYzK', 'student', 2, 15, '2025-12-27T01:30:05.678Z', 380);
INSERT INTO studentGrades (studentId, subjectId, classId, score, id) VALUES (380, 85, 15, 62, 1723);
INSERT INTO studentGrades (studentId, subjectId, classId, score, id) VALUES (380, 86, 15, 67, 1724);
INSERT INTO studentGrades (studentId, subjectId, classId, score, id) VALUES (380, 87, 15, 99, 1725);
INSERT INTO studentGrades (studentId, subjectId, classId, score, id) VALUES (380, 88, 15, 73, 1726);
INSERT INTO studentGrades (studentId, subjectId, classId, score, id) VALUES (380, 89, 15, 90, 1727);
INSERT INTO studentGrades (studentId, subjectId, classId, score, id) VALUES (380, 90, 15, 78, 1728);
INSERT INTO user (userName, email, password, role, schoolId, classId, createdAt, id) VALUES ('Student_Class 5-B_9', 'student_class5-b_8@school.com', '$2b$10$Qy3JFAtzk0AAWTOX2w2F0upESHTDjxG37ncd7T7OfOUWERSZMrYzK', 'student', 2, 15, '2025-12-27T01:30:05.678Z', 381);
INSERT INTO studentGrades (studentId, subjectId, classId, score, id) VALUES (381, 85, 15, 60, 1729);
INSERT INTO studentGrades (studentId, subjectId, classId, score, id) VALUES (381, 86, 15, 100, 1730);
INSERT INTO studentGrades (studentId, subjectId, classId, score, id) VALUES (381, 87, 15, 91, 1731);
INSERT INTO studentGrades (studentId, subjectId, classId, score, id) VALUES (381, 88, 15, 92, 1732);
INSERT INTO studentGrades (studentId, subjectId, classId, score, id) VALUES (381, 89, 15, 90, 1733);
INSERT INTO studentGrades (studentId, subjectId, classId, score, id) VALUES (381, 90, 15, 94, 1734);
INSERT INTO user (userName, email, password, role, schoolId, classId, createdAt, id) VALUES ('Student_Class 5-B_10', 'student_class5-b_9@school.com', '$2b$10$Qy3JFAtzk0AAWTOX2w2F0upESHTDjxG37ncd7T7OfOUWERSZMrYzK', 'student', 2, 15, '2025-12-27T01:30:05.678Z', 382);
INSERT INTO studentGrades (studentId, subjectId, classId, score, id) VALUES (382, 85, 15, 67, 1735);
INSERT INTO studentGrades (studentId, subjectId, classId, score, id) VALUES (382, 86, 15, 89, 1736);
INSERT INTO studentGrades (studentId, subjectId, classId, score, id) VALUES (382, 87, 15, 97, 1737);
INSERT INTO studentGrades (studentId, subjectId, classId, score, id) VALUES (382, 88, 15, 67, 1738);
INSERT INTO studentGrades (studentId, subjectId, classId, score, id) VALUES (382, 89, 15, 64, 1739);
INSERT INTO studentGrades (studentId, subjectId, classId, score, id) VALUES (382, 90, 15, 92, 1740);
INSERT INTO user (userName, email, password, role, schoolId, classId, createdAt, id) VALUES ('Student_Class 5-B_11', 'student_class5-b_10@school.com', '$2b$10$Qy3JFAtzk0AAWTOX2w2F0upESHTDjxG37ncd7T7OfOUWERSZMrYzK', 'student', 2, 15, '2025-12-27T01:30:05.678Z', 383);
INSERT INTO studentGrades (studentId, subjectId, classId, score, id) VALUES (383, 85, 15, 41, 1741);
INSERT INTO studentGrades (studentId, subjectId, classId, score, id) VALUES (383, 86, 15, 46, 1742);
INSERT INTO studentGrades (studentId, subjectId, classId, score, id) VALUES (383, 87, 15, 61, 1743);
INSERT INTO studentGrades (studentId, subjectId, classId, score, id) VALUES (383, 88, 15, 57, 1744);
INSERT INTO studentGrades (studentId, subjectId, classId, score, id) VALUES (383, 89, 15, 73, 1745);
INSERT INTO studentGrades (studentId, subjectId, classId, score, id) VALUES (383, 90, 15, 57, 1746);
INSERT INTO user (userName, email, password, role, schoolId, classId, createdAt, id) VALUES ('Student_Class 5-B_12', 'student_class5-b_11@school.com', '$2b$10$Qy3JFAtzk0AAWTOX2w2F0upESHTDjxG37ncd7T7OfOUWERSZMrYzK', 'student', 2, 15, '2025-12-27T01:30:05.678Z', 384);
INSERT INTO studentGrades (studentId, subjectId, classId, score, id) VALUES (384, 85, 15, 98, 1747);
INSERT INTO studentGrades (studentId, subjectId, classId, score, id) VALUES (384, 86, 15, 53, 1748);
INSERT INTO studentGrades (studentId, subjectId, classId, score, id) VALUES (384, 87, 15, 87, 1749);
INSERT INTO studentGrades (studentId, subjectId, classId, score, id) VALUES (384, 88, 15, 49, 1750);
INSERT INTO studentGrades (studentId, subjectId, classId, score, id) VALUES (384, 89, 15, 67, 1751);
INSERT INTO studentGrades (studentId, subjectId, classId, score, id) VALUES (384, 90, 15, 85, 1752);
INSERT INTO user (userName, email, password, role, schoolId, classId, createdAt, id) VALUES ('Student_Class 5-B_13', 'student_class5-b_12@school.com', '$2b$10$Qy3JFAtzk0AAWTOX2w2F0upESHTDjxG37ncd7T7OfOUWERSZMrYzK', 'student', 2, 15, '2025-12-27T01:30:05.678Z', 385);
INSERT INTO studentGrades (studentId, subjectId, classId, score, id) VALUES (385, 85, 15, 77, 1753);
INSERT INTO studentGrades (studentId, subjectId, classId, score, id) VALUES (385, 86, 15, 53, 1754);
INSERT INTO studentGrades (studentId, subjectId, classId, score, id) VALUES (385, 87, 15, 43, 1755);
INSERT INTO studentGrades (studentId, subjectId, classId, score, id) VALUES (385, 88, 15, 61, 1756);
INSERT INTO studentGrades (studentId, subjectId, classId, score, id) VALUES (385, 89, 15, 88, 1757);
INSERT INTO studentGrades (studentId, subjectId, classId, score, id) VALUES (385, 90, 15, 40, 1758);
INSERT INTO user (userName, email, password, role, schoolId, classId, createdAt, id) VALUES ('Student_Class 5-B_14', 'student_class5-b_13@school.com', '$2b$10$Qy3JFAtzk0AAWTOX2w2F0upESHTDjxG37ncd7T7OfOUWERSZMrYzK', 'student', 2, 15, '2025-12-27T01:30:05.678Z', 386);
INSERT INTO studentGrades (studentId, subjectId, classId, score, id) VALUES (386, 85, 15, 56, 1759);
INSERT INTO studentGrades (studentId, subjectId, classId, score, id) VALUES (386, 86, 15, 66, 1760);
INSERT INTO studentGrades (studentId, subjectId, classId, score, id) VALUES (386, 87, 15, 65, 1761);
INSERT INTO studentGrades (studentId, subjectId, classId, score, id) VALUES (386, 88, 15, 80, 1762);
INSERT INTO studentGrades (studentId, subjectId, classId, score, id) VALUES (386, 89, 15, 90, 1763);
INSERT INTO studentGrades (studentId, subjectId, classId, score, id) VALUES (386, 90, 15, 81, 1764);
INSERT INTO user (userName, email, password, role, schoolId, classId, createdAt, id) VALUES ('Student_Class 5-B_15', 'student_class5-b_14@school.com', '$2b$10$Qy3JFAtzk0AAWTOX2w2F0upESHTDjxG37ncd7T7OfOUWERSZMrYzK', 'student', 2, 15, '2025-12-27T01:30:05.678Z', 387);
INSERT INTO studentGrades (studentId, subjectId, classId, score, id) VALUES (387, 85, 15, 68, 1765);
INSERT INTO studentGrades (studentId, subjectId, classId, score, id) VALUES (387, 86, 15, 88, 1766);
INSERT INTO studentGrades (studentId, subjectId, classId, score, id) VALUES (387, 87, 15, 69, 1767);
INSERT INTO studentGrades (studentId, subjectId, classId, score, id) VALUES (387, 88, 15, 96, 1768);
INSERT INTO studentGrades (studentId, subjectId, classId, score, id) VALUES (387, 89, 15, 70, 1769);
INSERT INTO studentGrades (studentId, subjectId, classId, score, id) VALUES (387, 90, 15, 62, 1770);
INSERT INTO user (userName, email, password, role, schoolId, classId, createdAt, id) VALUES ('Student_Class 5-B_16', 'student_class5-b_15@school.com', '$2b$10$Qy3JFAtzk0AAWTOX2w2F0upESHTDjxG37ncd7T7OfOUWERSZMrYzK', 'student', 2, 15, '2025-12-27T01:30:05.678Z', 388);
INSERT INTO studentGrades (studentId, subjectId, classId, score, id) VALUES (388, 85, 15, 93, 1771);
INSERT INTO studentGrades (studentId, subjectId, classId, score, id) VALUES (388, 86, 15, 73, 1772);
INSERT INTO studentGrades (studentId, subjectId, classId, score, id) VALUES (388, 87, 15, 84, 1773);
INSERT INTO studentGrades (studentId, subjectId, classId, score, id) VALUES (388, 88, 15, 48, 1774);
INSERT INTO studentGrades (studentId, subjectId, classId, score, id) VALUES (388, 89, 15, 56, 1775);
INSERT INTO studentGrades (studentId, subjectId, classId, score, id) VALUES (388, 90, 15, 85, 1776);
INSERT INTO user (userName, email, password, role, schoolId, classId, createdAt, id) VALUES ('Student_Class 5-B_17', 'student_class5-b_16@school.com', '$2b$10$Qy3JFAtzk0AAWTOX2w2F0upESHTDjxG37ncd7T7OfOUWERSZMrYzK', 'student', 2, 15, '2025-12-27T01:30:05.678Z', 389);
INSERT INTO studentGrades (studentId, subjectId, classId, score, id) VALUES (389, 85, 15, 62, 1777);
INSERT INTO studentGrades (studentId, subjectId, classId, score, id) VALUES (389, 86, 15, 86, 1778);
INSERT INTO studentGrades (studentId, subjectId, classId, score, id) VALUES (389, 87, 15, 88, 1779);
INSERT INTO studentGrades (studentId, subjectId, classId, score, id) VALUES (389, 88, 15, 54, 1780);
INSERT INTO studentGrades (studentId, subjectId, classId, score, id) VALUES (389, 89, 15, 50, 1781);
INSERT INTO studentGrades (studentId, subjectId, classId, score, id) VALUES (389, 90, 15, 97, 1782);
INSERT INTO user (userName, email, password, role, schoolId, classId, createdAt, id) VALUES ('Student_Class 5-B_18', 'student_class5-b_17@school.com', '$2b$10$Qy3JFAtzk0AAWTOX2w2F0upESHTDjxG37ncd7T7OfOUWERSZMrYzK', 'student', 2, 15, '2025-12-27T01:30:05.678Z', 390);
INSERT INTO studentGrades (studentId, subjectId, classId, score, id) VALUES (390, 85, 15, 88, 1783);
INSERT INTO studentGrades (studentId, subjectId, classId, score, id) VALUES (390, 86, 15, 93, 1784);
INSERT INTO studentGrades (studentId, subjectId, classId, score, id) VALUES (390, 87, 15, 46, 1785);
INSERT INTO studentGrades (studentId, subjectId, classId, score, id) VALUES (390, 88, 15, 44, 1786);
INSERT INTO studentGrades (studentId, subjectId, classId, score, id) VALUES (390, 89, 15, 100, 1787);
INSERT INTO studentGrades (studentId, subjectId, classId, score, id) VALUES (390, 90, 15, 100, 1788);
INSERT INTO user (userName, email, password, role, schoolId, classId, createdAt, id) VALUES ('Student_Class 5-B_19', 'student_class5-b_18@school.com', '$2b$10$Qy3JFAtzk0AAWTOX2w2F0upESHTDjxG37ncd7T7OfOUWERSZMrYzK', 'student', 2, 15, '2025-12-27T01:30:05.678Z', 391);
INSERT INTO studentGrades (studentId, subjectId, classId, score, id) VALUES (391, 85, 15, 40, 1789);
INSERT INTO studentGrades (studentId, subjectId, classId, score, id) VALUES (391, 86, 15, 64, 1790);
INSERT INTO studentGrades (studentId, subjectId, classId, score, id) VALUES (391, 87, 15, 44, 1791);
INSERT INTO studentGrades (studentId, subjectId, classId, score, id) VALUES (391, 88, 15, 68, 1792);
INSERT INTO studentGrades (studentId, subjectId, classId, score, id) VALUES (391, 89, 15, 83, 1793);
INSERT INTO studentGrades (studentId, subjectId, classId, score, id) VALUES (391, 90, 15, 49, 1794);
INSERT INTO user (userName, email, password, role, schoolId, classId, createdAt, id) VALUES ('Student_Class 5-B_20', 'student_class5-b_19@school.com', '$2b$10$Qy3JFAtzk0AAWTOX2w2F0upESHTDjxG37ncd7T7OfOUWERSZMrYzK', 'student', 2, 15, '2025-12-27T01:30:05.678Z', 392);
INSERT INTO studentGrades (studentId, subjectId, classId, score, id) VALUES (392, 85, 15, 82, 1795);
INSERT INTO studentGrades (studentId, subjectId, classId, score, id) VALUES (392, 86, 15, 81, 1796);
INSERT INTO studentGrades (studentId, subjectId, classId, score, id) VALUES (392, 87, 15, 87, 1797);
INSERT INTO studentGrades (studentId, subjectId, classId, score, id) VALUES (392, 88, 15, 58, 1798);
INSERT INTO studentGrades (studentId, subjectId, classId, score, id) VALUES (392, 89, 15, 60, 1799);
INSERT INTO studentGrades (studentId, subjectId, classId, score, id) VALUES (392, 90, 15, 83, 1800);
INSERT INTO schedule (classId, subjectId, day, startTime, endTime, id) VALUES (15, 85, 'Sunday', '08:00', '09:00', 421);
INSERT INTO schedule (classId, subjectId, day, startTime, endTime, id) VALUES (15, 86, 'Sunday', '09:00', '10:00', 422);
INSERT INTO schedule (classId, subjectId, day, startTime, endTime, id) VALUES (15, 87, 'Sunday', '10:00', '11:00', 423);
INSERT INTO schedule (classId, subjectId, day, startTime, endTime, id) VALUES (15, 88, 'Sunday', '11:00', '12:00', 424);
INSERT INTO schedule (classId, subjectId, day, startTime, endTime, id) VALUES (15, 89, 'Sunday', '12:00', '13:00', 425);
INSERT INTO schedule (classId, subjectId, day, startTime, endTime, id) VALUES (15, 90, 'Sunday', '13:00', '14:00', 426);
INSERT INTO schedule (classId, subjectId, day, startTime, endTime, id) VALUES (15, 85, 'Monday', '08:00', '09:00', 427);
INSERT INTO schedule (classId, subjectId, day, startTime, endTime, id) VALUES (15, 86, 'Monday', '09:00', '10:00', 428);
INSERT INTO schedule (classId, subjectId, day, startTime, endTime, id) VALUES (15, 87, 'Monday', '10:00', '11:00', 429);
INSERT INTO schedule (classId, subjectId, day, startTime, endTime, id) VALUES (15, 88, 'Monday', '11:00', '12:00', 430);
INSERT INTO schedule (classId, subjectId, day, startTime, endTime, id) VALUES (15, 89, 'Monday', '12:00', '13:00', 431);
INSERT INTO schedule (classId, subjectId, day, startTime, endTime, id) VALUES (15, 90, 'Monday', '13:00', '14:00', 432);
INSERT INTO schedule (classId, subjectId, day, startTime, endTime, id) VALUES (15, 85, 'Tuesday', '08:00', '09:00', 433);
INSERT INTO schedule (classId, subjectId, day, startTime, endTime, id) VALUES (15, 86, 'Tuesday', '09:00', '10:00', 434);
INSERT INTO schedule (classId, subjectId, day, startTime, endTime, id) VALUES (15, 87, 'Tuesday', '10:00', '11:00', 435);
INSERT INTO schedule (classId, subjectId, day, startTime, endTime, id) VALUES (15, 88, 'Tuesday', '11:00', '12:00', 436);
INSERT INTO schedule (classId, subjectId, day, startTime, endTime, id) VALUES (15, 89, 'Tuesday', '12:00', '13:00', 437);
INSERT INTO schedule (classId, subjectId, day, startTime, endTime, id) VALUES (15, 90, 'Tuesday', '13:00', '14:00', 438);
INSERT INTO schedule (classId, subjectId, day, startTime, endTime, id) VALUES (15, 85, 'Wednesday', '08:00', '09:00', 439);
INSERT INTO schedule (classId, subjectId, day, startTime, endTime, id) VALUES (15, 86, 'Wednesday', '09:00', '10:00', 440);
INSERT INTO schedule (classId, subjectId, day, startTime, endTime, id) VALUES (15, 87, 'Wednesday', '10:00', '11:00', 441);
INSERT INTO schedule (classId, subjectId, day, startTime, endTime, id) VALUES (15, 88, 'Wednesday', '11:00', '12:00', 442);
INSERT INTO schedule (classId, subjectId, day, startTime, endTime, id) VALUES (15, 89, 'Wednesday', '12:00', '13:00', 443);
INSERT INTO schedule (classId, subjectId, day, startTime, endTime, id) VALUES (15, 90, 'Wednesday', '13:00', '14:00', 444);
INSERT INTO schedule (classId, subjectId, day, startTime, endTime, id) VALUES (15, 85, 'Thursday', '08:00', '09:00', 445);
INSERT INTO schedule (classId, subjectId, day, startTime, endTime, id) VALUES (15, 86, 'Thursday', '09:00', '10:00', 446);
INSERT INTO schedule (classId, subjectId, day, startTime, endTime, id) VALUES (15, 87, 'Thursday', '10:00', '11:00', 447);
INSERT INTO schedule (classId, subjectId, day, startTime, endTime, id) VALUES (15, 88, 'Thursday', '11:00', '12:00', 448);
INSERT INTO schedule (classId, subjectId, day, startTime, endTime, id) VALUES (15, 89, 'Thursday', '12:00', '13:00', 449);
INSERT INTO schedule (classId, subjectId, day, startTime, endTime, id) VALUES (15, 90, 'Thursday', '13:00', '14:00', 450);
INSERT INTO classRoom (name, schoolId, id) VALUES ('Class 6-B', 2, 16);
INSERT INTO user (userName, email, password, role, schoolId, createdAt, id) VALUES ('Teacher_Class 6-B_Mathematics', 'teacher_class6-b_0@school.com', '$2b$10$Qy3JFAtzk0AAWTOX2w2F0upESHTDjxG37ncd7T7OfOUWERSZMrYzK', 'teacher', 2, '2025-12-27T01:30:05.684Z', 393);
INSERT INTO subject (name, classId, teacherId, id) VALUES ('Mathematics', 16, 393, 91);
INSERT INTO user (userName, email, password, role, schoolId, createdAt, id) VALUES ('Teacher_Class 6-B_Physics', 'teacher_class6-b_1@school.com', '$2b$10$Qy3JFAtzk0AAWTOX2w2F0upESHTDjxG37ncd7T7OfOUWERSZMrYzK', 'teacher', 2, '2025-12-27T01:30:05.684Z', 394);
INSERT INTO subject (name, classId, teacherId, id) VALUES ('Physics', 16, 394, 92);
INSERT INTO user (userName, email, password, role, schoolId, createdAt, id) VALUES ('Teacher_Class 6-B_History', 'teacher_class6-b_2@school.com', '$2b$10$Qy3JFAtzk0AAWTOX2w2F0upESHTDjxG37ncd7T7OfOUWERSZMrYzK', 'teacher', 2, '2025-12-27T01:30:05.684Z', 395);
INSERT INTO subject (name, classId, teacherId, id) VALUES ('History', 16, 395, 93);
INSERT INTO user (userName, email, password, role, schoolId, createdAt, id) VALUES ('Teacher_Class 6-B_Biology', 'teacher_class6-b_3@school.com', '$2b$10$Qy3JFAtzk0AAWTOX2w2F0upESHTDjxG37ncd7T7OfOUWERSZMrYzK', 'teacher', 2, '2025-12-27T01:30:05.684Z', 396);
INSERT INTO subject (name, classId, teacherId, id) VALUES ('Biology', 16, 396, 94);
INSERT INTO user (userName, email, password, role, schoolId, createdAt, id) VALUES ('Teacher_Class 6-B_English', 'teacher_class6-b_4@school.com', '$2b$10$Qy3JFAtzk0AAWTOX2w2F0upESHTDjxG37ncd7T7OfOUWERSZMrYzK', 'teacher', 2, '2025-12-27T01:30:05.684Z', 397);
INSERT INTO subject (name, classId, teacherId, id) VALUES ('English', 16, 397, 95);
INSERT INTO user (userName, email, password, role, schoolId, createdAt, id) VALUES ('Teacher_Class 6-B_Computer Science', 'teacher_class6-b_5@school.com', '$2b$10$Qy3JFAtzk0AAWTOX2w2F0upESHTDjxG37ncd7T7OfOUWERSZMrYzK', 'teacher', 2, '2025-12-27T01:30:05.684Z', 398);
INSERT INTO subject (name, classId, teacherId, id) VALUES ('Computer Science', 16, 398, 96);
INSERT INTO user (userName, email, password, role, schoolId, classId, createdAt, id) VALUES ('Student_Class 6-B_1', 'student_class6-b_0@school.com', '$2b$10$Qy3JFAtzk0AAWTOX2w2F0upESHTDjxG37ncd7T7OfOUWERSZMrYzK', 'student', 2, 16, '2025-12-27T01:30:05.684Z', 399);
INSERT INTO studentGrades (studentId, subjectId, classId, score, id) VALUES (399, 91, 16, 70, 1801);
INSERT INTO studentGrades (studentId, subjectId, classId, score, id) VALUES (399, 92, 16, 55, 1802);
INSERT INTO studentGrades (studentId, subjectId, classId, score, id) VALUES (399, 93, 16, 87, 1803);
INSERT INTO studentGrades (studentId, subjectId, classId, score, id) VALUES (399, 94, 16, 64, 1804);
INSERT INTO studentGrades (studentId, subjectId, classId, score, id) VALUES (399, 95, 16, 44, 1805);
INSERT INTO studentGrades (studentId, subjectId, classId, score, id) VALUES (399, 96, 16, 60, 1806);
INSERT INTO user (userName, email, password, role, schoolId, classId, createdAt, id) VALUES ('Student_Class 6-B_2', 'student_class6-b_1@school.com', '$2b$10$Qy3JFAtzk0AAWTOX2w2F0upESHTDjxG37ncd7T7OfOUWERSZMrYzK', 'student', 2, 16, '2025-12-27T01:30:05.684Z', 400);
INSERT INTO studentGrades (studentId, subjectId, classId, score, id) VALUES (400, 91, 16, 58, 1807);
INSERT INTO studentGrades (studentId, subjectId, classId, score, id) VALUES (400, 92, 16, 81, 1808);
INSERT INTO studentGrades (studentId, subjectId, classId, score, id) VALUES (400, 93, 16, 90, 1809);
INSERT INTO studentGrades (studentId, subjectId, classId, score, id) VALUES (400, 94, 16, 66, 1810);
INSERT INTO studentGrades (studentId, subjectId, classId, score, id) VALUES (400, 95, 16, 61, 1811);
INSERT INTO studentGrades (studentId, subjectId, classId, score, id) VALUES (400, 96, 16, 49, 1812);
INSERT INTO user (userName, email, password, role, schoolId, classId, createdAt, id) VALUES ('Student_Class 6-B_3', 'student_class6-b_2@school.com', '$2b$10$Qy3JFAtzk0AAWTOX2w2F0upESHTDjxG37ncd7T7OfOUWERSZMrYzK', 'student', 2, 16, '2025-12-27T01:30:05.684Z', 401);
INSERT INTO studentGrades (studentId, subjectId, classId, score, id) VALUES (401, 91, 16, 80, 1813);
INSERT INTO studentGrades (studentId, subjectId, classId, score, id) VALUES (401, 92, 16, 43, 1814);
INSERT INTO studentGrades (studentId, subjectId, classId, score, id) VALUES (401, 93, 16, 52, 1815);
INSERT INTO studentGrades (studentId, subjectId, classId, score, id) VALUES (401, 94, 16, 98, 1816);
INSERT INTO studentGrades (studentId, subjectId, classId, score, id) VALUES (401, 95, 16, 50, 1817);
INSERT INTO studentGrades (studentId, subjectId, classId, score, id) VALUES (401, 96, 16, 93, 1818);
INSERT INTO user (userName, email, password, role, schoolId, classId, createdAt, id) VALUES ('Student_Class 6-B_4', 'student_class6-b_3@school.com', '$2b$10$Qy3JFAtzk0AAWTOX2w2F0upESHTDjxG37ncd7T7OfOUWERSZMrYzK', 'student', 2, 16, '2025-12-27T01:30:05.684Z', 402);
INSERT INTO studentGrades (studentId, subjectId, classId, score, id) VALUES (402, 91, 16, 45, 1819);
INSERT INTO studentGrades (studentId, subjectId, classId, score, id) VALUES (402, 92, 16, 69, 1820);
INSERT INTO studentGrades (studentId, subjectId, classId, score, id) VALUES (402, 93, 16, 59, 1821);
INSERT INTO studentGrades (studentId, subjectId, classId, score, id) VALUES (402, 94, 16, 66, 1822);
INSERT INTO studentGrades (studentId, subjectId, classId, score, id) VALUES (402, 95, 16, 43, 1823);
INSERT INTO studentGrades (studentId, subjectId, classId, score, id) VALUES (402, 96, 16, 80, 1824);
INSERT INTO user (userName, email, password, role, schoolId, classId, createdAt, id) VALUES ('Student_Class 6-B_5', 'student_class6-b_4@school.com', '$2b$10$Qy3JFAtzk0AAWTOX2w2F0upESHTDjxG37ncd7T7OfOUWERSZMrYzK', 'student', 2, 16, '2025-12-27T01:30:05.684Z', 403);
INSERT INTO studentGrades (studentId, subjectId, classId, score, id) VALUES (403, 91, 16, 77, 1825);
INSERT INTO studentGrades (studentId, subjectId, classId, score, id) VALUES (403, 92, 16, 69, 1826);
INSERT INTO studentGrades (studentId, subjectId, classId, score, id) VALUES (403, 93, 16, 41, 1827);
INSERT INTO studentGrades (studentId, subjectId, classId, score, id) VALUES (403, 94, 16, 48, 1828);
INSERT INTO studentGrades (studentId, subjectId, classId, score, id) VALUES (403, 95, 16, 54, 1829);
INSERT INTO studentGrades (studentId, subjectId, classId, score, id) VALUES (403, 96, 16, 99, 1830);
INSERT INTO user (userName, email, password, role, schoolId, classId, createdAt, id) VALUES ('Student_Class 6-B_6', 'student_class6-b_5@school.com', '$2b$10$Qy3JFAtzk0AAWTOX2w2F0upESHTDjxG37ncd7T7OfOUWERSZMrYzK', 'student', 2, 16, '2025-12-27T01:30:05.684Z', 404);
INSERT INTO studentGrades (studentId, subjectId, classId, score, id) VALUES (404, 91, 16, 88, 1831);
INSERT INTO studentGrades (studentId, subjectId, classId, score, id) VALUES (404, 92, 16, 92, 1832);
INSERT INTO studentGrades (studentId, subjectId, classId, score, id) VALUES (404, 93, 16, 90, 1833);
INSERT INTO studentGrades (studentId, subjectId, classId, score, id) VALUES (404, 94, 16, 79, 1834);
INSERT INTO studentGrades (studentId, subjectId, classId, score, id) VALUES (404, 95, 16, 99, 1835);
INSERT INTO studentGrades (studentId, subjectId, classId, score, id) VALUES (404, 96, 16, 46, 1836);
INSERT INTO user (userName, email, password, role, schoolId, classId, createdAt, id) VALUES ('Student_Class 6-B_7', 'student_class6-b_6@school.com', '$2b$10$Qy3JFAtzk0AAWTOX2w2F0upESHTDjxG37ncd7T7OfOUWERSZMrYzK', 'student', 2, 16, '2025-12-27T01:30:05.684Z', 405);
INSERT INTO studentGrades (studentId, subjectId, classId, score, id) VALUES (405, 91, 16, 79, 1837);
INSERT INTO studentGrades (studentId, subjectId, classId, score, id) VALUES (405, 92, 16, 45, 1838);
INSERT INTO studentGrades (studentId, subjectId, classId, score, id) VALUES (405, 93, 16, 47, 1839);
INSERT INTO studentGrades (studentId, subjectId, classId, score, id) VALUES (405, 94, 16, 90, 1840);
INSERT INTO studentGrades (studentId, subjectId, classId, score, id) VALUES (405, 95, 16, 63, 1841);
INSERT INTO studentGrades (studentId, subjectId, classId, score, id) VALUES (405, 96, 16, 64, 1842);
INSERT INTO user (userName, email, password, role, schoolId, classId, createdAt, id) VALUES ('Student_Class 6-B_8', 'student_class6-b_7@school.com', '$2b$10$Qy3JFAtzk0AAWTOX2w2F0upESHTDjxG37ncd7T7OfOUWERSZMrYzK', 'student', 2, 16, '2025-12-27T01:30:05.684Z', 406);
INSERT INTO studentGrades (studentId, subjectId, classId, score, id) VALUES (406, 91, 16, 83, 1843);
INSERT INTO studentGrades (studentId, subjectId, classId, score, id) VALUES (406, 92, 16, 54, 1844);
INSERT INTO studentGrades (studentId, subjectId, classId, score, id) VALUES (406, 93, 16, 69, 1845);
INSERT INTO studentGrades (studentId, subjectId, classId, score, id) VALUES (406, 94, 16, 95, 1846);
INSERT INTO studentGrades (studentId, subjectId, classId, score, id) VALUES (406, 95, 16, 98, 1847);
INSERT INTO studentGrades (studentId, subjectId, classId, score, id) VALUES (406, 96, 16, 94, 1848);
INSERT INTO user (userName, email, password, role, schoolId, classId, createdAt, id) VALUES ('Student_Class 6-B_9', 'student_class6-b_8@school.com', '$2b$10$Qy3JFAtzk0AAWTOX2w2F0upESHTDjxG37ncd7T7OfOUWERSZMrYzK', 'student', 2, 16, '2025-12-27T01:30:05.684Z', 407);
INSERT INTO studentGrades (studentId, subjectId, classId, score, id) VALUES (407, 91, 16, 50, 1849);
INSERT INTO studentGrades (studentId, subjectId, classId, score, id) VALUES (407, 92, 16, 46, 1850);
INSERT INTO studentGrades (studentId, subjectId, classId, score, id) VALUES (407, 93, 16, 98, 1851);
INSERT INTO studentGrades (studentId, subjectId, classId, score, id) VALUES (407, 94, 16, 46, 1852);
INSERT INTO studentGrades (studentId, subjectId, classId, score, id) VALUES (407, 95, 16, 59, 1853);
INSERT INTO studentGrades (studentId, subjectId, classId, score, id) VALUES (407, 96, 16, 53, 1854);
INSERT INTO user (userName, email, password, role, schoolId, classId, createdAt, id) VALUES ('Student_Class 6-B_10', 'student_class6-b_9@school.com', '$2b$10$Qy3JFAtzk0AAWTOX2w2F0upESHTDjxG37ncd7T7OfOUWERSZMrYzK', 'student', 2, 16, '2025-12-27T01:30:05.684Z', 408);
INSERT INTO studentGrades (studentId, subjectId, classId, score, id) VALUES (408, 91, 16, 83, 1855);
INSERT INTO studentGrades (studentId, subjectId, classId, score, id) VALUES (408, 92, 16, 98, 1856);
INSERT INTO studentGrades (studentId, subjectId, classId, score, id) VALUES (408, 93, 16, 94, 1857);
INSERT INTO studentGrades (studentId, subjectId, classId, score, id) VALUES (408, 94, 16, 89, 1858);
INSERT INTO studentGrades (studentId, subjectId, classId, score, id) VALUES (408, 95, 16, 80, 1859);
INSERT INTO studentGrades (studentId, subjectId, classId, score, id) VALUES (408, 96, 16, 67, 1860);
INSERT INTO user (userName, email, password, role, schoolId, classId, createdAt, id) VALUES ('Student_Class 6-B_11', 'student_class6-b_10@school.com', '$2b$10$Qy3JFAtzk0AAWTOX2w2F0upESHTDjxG37ncd7T7OfOUWERSZMrYzK', 'student', 2, 16, '2025-12-27T01:30:05.684Z', 409);
INSERT INTO studentGrades (studentId, subjectId, classId, score, id) VALUES (409, 91, 16, 41, 1861);
INSERT INTO studentGrades (studentId, subjectId, classId, score, id) VALUES (409, 92, 16, 78, 1862);
INSERT INTO studentGrades (studentId, subjectId, classId, score, id) VALUES (409, 93, 16, 66, 1863);
INSERT INTO studentGrades (studentId, subjectId, classId, score, id) VALUES (409, 94, 16, 90, 1864);
INSERT INTO studentGrades (studentId, subjectId, classId, score, id) VALUES (409, 95, 16, 52, 1865);
INSERT INTO studentGrades (studentId, subjectId, classId, score, id) VALUES (409, 96, 16, 80, 1866);
INSERT INTO user (userName, email, password, role, schoolId, classId, createdAt, id) VALUES ('Student_Class 6-B_12', 'student_class6-b_11@school.com', '$2b$10$Qy3JFAtzk0AAWTOX2w2F0upESHTDjxG37ncd7T7OfOUWERSZMrYzK', 'student', 2, 16, '2025-12-27T01:30:05.684Z', 410);
INSERT INTO studentGrades (studentId, subjectId, classId, score, id) VALUES (410, 91, 16, 79, 1867);
INSERT INTO studentGrades (studentId, subjectId, classId, score, id) VALUES (410, 92, 16, 94, 1868);
INSERT INTO studentGrades (studentId, subjectId, classId, score, id) VALUES (410, 93, 16, 71, 1869);
INSERT INTO studentGrades (studentId, subjectId, classId, score, id) VALUES (410, 94, 16, 62, 1870);
INSERT INTO studentGrades (studentId, subjectId, classId, score, id) VALUES (410, 95, 16, 66, 1871);
INSERT INTO studentGrades (studentId, subjectId, classId, score, id) VALUES (410, 96, 16, 69, 1872);
INSERT INTO user (userName, email, password, role, schoolId, classId, createdAt, id) VALUES ('Student_Class 6-B_13', 'student_class6-b_12@school.com', '$2b$10$Qy3JFAtzk0AAWTOX2w2F0upESHTDjxG37ncd7T7OfOUWERSZMrYzK', 'student', 2, 16, '2025-12-27T01:30:05.684Z', 411);
INSERT INTO studentGrades (studentId, subjectId, classId, score, id) VALUES (411, 91, 16, 59, 1873);
INSERT INTO studentGrades (studentId, subjectId, classId, score, id) VALUES (411, 92, 16, 52, 1874);
INSERT INTO studentGrades (studentId, subjectId, classId, score, id) VALUES (411, 93, 16, 76, 1875);
INSERT INTO studentGrades (studentId, subjectId, classId, score, id) VALUES (411, 94, 16, 98, 1876);
INSERT INTO studentGrades (studentId, subjectId, classId, score, id) VALUES (411, 95, 16, 62, 1877);
INSERT INTO studentGrades (studentId, subjectId, classId, score, id) VALUES (411, 96, 16, 52, 1878);
INSERT INTO user (userName, email, password, role, schoolId, classId, createdAt, id) VALUES ('Student_Class 6-B_14', 'student_class6-b_13@school.com', '$2b$10$Qy3JFAtzk0AAWTOX2w2F0upESHTDjxG37ncd7T7OfOUWERSZMrYzK', 'student', 2, 16, '2025-12-27T01:30:05.684Z', 412);
INSERT INTO studentGrades (studentId, subjectId, classId, score, id) VALUES (412, 91, 16, 100, 1879);
INSERT INTO studentGrades (studentId, subjectId, classId, score, id) VALUES (412, 92, 16, 97, 1880);
INSERT INTO studentGrades (studentId, subjectId, classId, score, id) VALUES (412, 93, 16, 69, 1881);
INSERT INTO studentGrades (studentId, subjectId, classId, score, id) VALUES (412, 94, 16, 56, 1882);
INSERT INTO studentGrades (studentId, subjectId, classId, score, id) VALUES (412, 95, 16, 100, 1883);
INSERT INTO studentGrades (studentId, subjectId, classId, score, id) VALUES (412, 96, 16, 92, 1884);
INSERT INTO user (userName, email, password, role, schoolId, classId, createdAt, id) VALUES ('Student_Class 6-B_15', 'student_class6-b_14@school.com', '$2b$10$Qy3JFAtzk0AAWTOX2w2F0upESHTDjxG37ncd7T7OfOUWERSZMrYzK', 'student', 2, 16, '2025-12-27T01:30:05.684Z', 413);
INSERT INTO studentGrades (studentId, subjectId, classId, score, id) VALUES (413, 91, 16, 91, 1885);
INSERT INTO studentGrades (studentId, subjectId, classId, score, id) VALUES (413, 92, 16, 97, 1886);
INSERT INTO studentGrades (studentId, subjectId, classId, score, id) VALUES (413, 93, 16, 40, 1887);
INSERT INTO studentGrades (studentId, subjectId, classId, score, id) VALUES (413, 94, 16, 84, 1888);
INSERT INTO studentGrades (studentId, subjectId, classId, score, id) VALUES (413, 95, 16, 92, 1889);
INSERT INTO studentGrades (studentId, subjectId, classId, score, id) VALUES (413, 96, 16, 41, 1890);
INSERT INTO user (userName, email, password, role, schoolId, classId, createdAt, id) VALUES ('Student_Class 6-B_16', 'student_class6-b_15@school.com', '$2b$10$Qy3JFAtzk0AAWTOX2w2F0upESHTDjxG37ncd7T7OfOUWERSZMrYzK', 'student', 2, 16, '2025-12-27T01:30:05.684Z', 414);
INSERT INTO studentGrades (studentId, subjectId, classId, score, id) VALUES (414, 91, 16, 64, 1891);
INSERT INTO studentGrades (studentId, subjectId, classId, score, id) VALUES (414, 92, 16, 55, 1892);
INSERT INTO studentGrades (studentId, subjectId, classId, score, id) VALUES (414, 93, 16, 91, 1893);
INSERT INTO studentGrades (studentId, subjectId, classId, score, id) VALUES (414, 94, 16, 49, 1894);
INSERT INTO studentGrades (studentId, subjectId, classId, score, id) VALUES (414, 95, 16, 47, 1895);
INSERT INTO studentGrades (studentId, subjectId, classId, score, id) VALUES (414, 96, 16, 81, 1896);
INSERT INTO user (userName, email, password, role, schoolId, classId, createdAt, id) VALUES ('Student_Class 6-B_17', 'student_class6-b_16@school.com', '$2b$10$Qy3JFAtzk0AAWTOX2w2F0upESHTDjxG37ncd7T7OfOUWERSZMrYzK', 'student', 2, 16, '2025-12-27T01:30:05.684Z', 415);
INSERT INTO studentGrades (studentId, subjectId, classId, score, id) VALUES (415, 91, 16, 87, 1897);
INSERT INTO studentGrades (studentId, subjectId, classId, score, id) VALUES (415, 92, 16, 85, 1898);
INSERT INTO studentGrades (studentId, subjectId, classId, score, id) VALUES (415, 93, 16, 51, 1899);
INSERT INTO studentGrades (studentId, subjectId, classId, score, id) VALUES (415, 94, 16, 52, 1900);
INSERT INTO studentGrades (studentId, subjectId, classId, score, id) VALUES (415, 95, 16, 93, 1901);
INSERT INTO studentGrades (studentId, subjectId, classId, score, id) VALUES (415, 96, 16, 79, 1902);
INSERT INTO user (userName, email, password, role, schoolId, classId, createdAt, id) VALUES ('Student_Class 6-B_18', 'student_class6-b_17@school.com', '$2b$10$Qy3JFAtzk0AAWTOX2w2F0upESHTDjxG37ncd7T7OfOUWERSZMrYzK', 'student', 2, 16, '2025-12-27T01:30:05.684Z', 416);
INSERT INTO studentGrades (studentId, subjectId, classId, score, id) VALUES (416, 91, 16, 84, 1903);
INSERT INTO studentGrades (studentId, subjectId, classId, score, id) VALUES (416, 92, 16, 61, 1904);
INSERT INTO studentGrades (studentId, subjectId, classId, score, id) VALUES (416, 93, 16, 93, 1905);
INSERT INTO studentGrades (studentId, subjectId, classId, score, id) VALUES (416, 94, 16, 57, 1906);
INSERT INTO studentGrades (studentId, subjectId, classId, score, id) VALUES (416, 95, 16, 70, 1907);
INSERT INTO studentGrades (studentId, subjectId, classId, score, id) VALUES (416, 96, 16, 81, 1908);
INSERT INTO user (userName, email, password, role, schoolId, classId, createdAt, id) VALUES ('Student_Class 6-B_19', 'student_class6-b_18@school.com', '$2b$10$Qy3JFAtzk0AAWTOX2w2F0upESHTDjxG37ncd7T7OfOUWERSZMrYzK', 'student', 2, 16, '2025-12-27T01:30:05.684Z', 417);
INSERT INTO studentGrades (studentId, subjectId, classId, score, id) VALUES (417, 91, 16, 73, 1909);
INSERT INTO studentGrades (studentId, subjectId, classId, score, id) VALUES (417, 92, 16, 65, 1910);
INSERT INTO studentGrades (studentId, subjectId, classId, score, id) VALUES (417, 93, 16, 67, 1911);
INSERT INTO studentGrades (studentId, subjectId, classId, score, id) VALUES (417, 94, 16, 96, 1912);
INSERT INTO studentGrades (studentId, subjectId, classId, score, id) VALUES (417, 95, 16, 63, 1913);
INSERT INTO studentGrades (studentId, subjectId, classId, score, id) VALUES (417, 96, 16, 55, 1914);
INSERT INTO user (userName, email, password, role, schoolId, classId, createdAt, id) VALUES ('Student_Class 6-B_20', 'student_class6-b_19@school.com', '$2b$10$Qy3JFAtzk0AAWTOX2w2F0upESHTDjxG37ncd7T7OfOUWERSZMrYzK', 'student', 2, 16, '2025-12-27T01:30:05.684Z', 418);
INSERT INTO studentGrades (studentId, subjectId, classId, score, id) VALUES (418, 91, 16, 66, 1915);
INSERT INTO studentGrades (studentId, subjectId, classId, score, id) VALUES (418, 92, 16, 69, 1916);
INSERT INTO studentGrades (studentId, subjectId, classId, score, id) VALUES (418, 93, 16, 93, 1917);
INSERT INTO studentGrades (studentId, subjectId, classId, score, id) VALUES (418, 94, 16, 65, 1918);
INSERT INTO studentGrades (studentId, subjectId, classId, score, id) VALUES (418, 95, 16, 73, 1919);
INSERT INTO studentGrades (studentId, subjectId, classId, score, id) VALUES (418, 96, 16, 66, 1920);
INSERT INTO schedule (classId, subjectId, day, startTime, endTime, id) VALUES (16, 91, 'Sunday', '08:00', '09:00', 451);
INSERT INTO schedule (classId, subjectId, day, startTime, endTime, id) VALUES (16, 92, 'Sunday', '09:00', '10:00', 452);
INSERT INTO schedule (classId, subjectId, day, startTime, endTime, id) VALUES (16, 93, 'Sunday', '10:00', '11:00', 453);
INSERT INTO schedule (classId, subjectId, day, startTime, endTime, id) VALUES (16, 94, 'Sunday', '11:00', '12:00', 454);
INSERT INTO schedule (classId, subjectId, day, startTime, endTime, id) VALUES (16, 95, 'Sunday', '12:00', '13:00', 455);
INSERT INTO schedule (classId, subjectId, day, startTime, endTime, id) VALUES (16, 96, 'Sunday', '13:00', '14:00', 456);
INSERT INTO schedule (classId, subjectId, day, startTime, endTime, id) VALUES (16, 91, 'Monday', '08:00', '09:00', 457);
INSERT INTO schedule (classId, subjectId, day, startTime, endTime, id) VALUES (16, 92, 'Monday', '09:00', '10:00', 458);
INSERT INTO schedule (classId, subjectId, day, startTime, endTime, id) VALUES (16, 93, 'Monday', '10:00', '11:00', 459);
INSERT INTO schedule (classId, subjectId, day, startTime, endTime, id) VALUES (16, 94, 'Monday', '11:00', '12:00', 460);
INSERT INTO schedule (classId, subjectId, day, startTime, endTime, id) VALUES (16, 95, 'Monday', '12:00', '13:00', 461);
INSERT INTO schedule (classId, subjectId, day, startTime, endTime, id) VALUES (16, 96, 'Monday', '13:00', '14:00', 462);
INSERT INTO schedule (classId, subjectId, day, startTime, endTime, id) VALUES (16, 91, 'Tuesday', '08:00', '09:00', 463);
INSERT INTO schedule (classId, subjectId, day, startTime, endTime, id) VALUES (16, 92, 'Tuesday', '09:00', '10:00', 464);
INSERT INTO schedule (classId, subjectId, day, startTime, endTime, id) VALUES (16, 93, 'Tuesday', '10:00', '11:00', 465);
INSERT INTO schedule (classId, subjectId, day, startTime, endTime, id) VALUES (16, 94, 'Tuesday', '11:00', '12:00', 466);
INSERT INTO schedule (classId, subjectId, day, startTime, endTime, id) VALUES (16, 95, 'Tuesday', '12:00', '13:00', 467);
INSERT INTO schedule (classId, subjectId, day, startTime, endTime, id) VALUES (16, 96, 'Tuesday', '13:00', '14:00', 468);
INSERT INTO schedule (classId, subjectId, day, startTime, endTime, id) VALUES (16, 91, 'Wednesday', '08:00', '09:00', 469);
INSERT INTO schedule (classId, subjectId, day, startTime, endTime, id) VALUES (16, 92, 'Wednesday', '09:00', '10:00', 470);
INSERT INTO schedule (classId, subjectId, day, startTime, endTime, id) VALUES (16, 93, 'Wednesday', '10:00', '11:00', 471);
INSERT INTO schedule (classId, subjectId, day, startTime, endTime, id) VALUES (16, 94, 'Wednesday', '11:00', '12:00', 472);
INSERT INTO schedule (classId, subjectId, day, startTime, endTime, id) VALUES (16, 95, 'Wednesday', '12:00', '13:00', 473);
INSERT INTO schedule (classId, subjectId, day, startTime, endTime, id) VALUES (16, 96, 'Wednesday', '13:00', '14:00', 474);
INSERT INTO schedule (classId, subjectId, day, startTime, endTime, id) VALUES (16, 91, 'Thursday', '08:00', '09:00', 475);
INSERT INTO schedule (classId, subjectId, day, startTime, endTime, id) VALUES (16, 92, 'Thursday', '09:00', '10:00', 476);
INSERT INTO schedule (classId, subjectId, day, startTime, endTime, id) VALUES (16, 93, 'Thursday', '10:00', '11:00', 477);
INSERT INTO schedule (classId, subjectId, day, startTime, endTime, id) VALUES (16, 94, 'Thursday', '11:00', '12:00', 478);
INSERT INTO schedule (classId, subjectId, day, startTime, endTime, id) VALUES (16, 95, 'Thursday', '12:00', '13:00', 479);
INSERT INTO schedule (classId, subjectId, day, startTime, endTime, id) VALUES (16, 96, 'Thursday', '13:00', '14:00', 480);
INSERT INTO classRoom (name, schoolId, id) VALUES ('Class 7-B', 2, 17);
INSERT INTO user (userName, email, password, role, schoolId, createdAt, id) VALUES ('Teacher_Class 7-B_Mathematics', 'teacher_class7-b_0@school.com', '$2b$10$Qy3JFAtzk0AAWTOX2w2F0upESHTDjxG37ncd7T7OfOUWERSZMrYzK', 'teacher', 2, '2025-12-27T01:30:05.684Z', 419);
INSERT INTO subject (name, classId, teacherId, id) VALUES ('Mathematics', 17, 419, 97);
INSERT INTO user (userName, email, password, role, schoolId, createdAt, id) VALUES ('Teacher_Class 7-B_Physics', 'teacher_class7-b_1@school.com', '$2b$10$Qy3JFAtzk0AAWTOX2w2F0upESHTDjxG37ncd7T7OfOUWERSZMrYzK', 'teacher', 2, '2025-12-27T01:30:05.684Z', 420);
INSERT INTO subject (name, classId, teacherId, id) VALUES ('Physics', 17, 420, 98);
INSERT INTO user (userName, email, password, role, schoolId, createdAt, id) VALUES ('Teacher_Class 7-B_History', 'teacher_class7-b_2@school.com', '$2b$10$Qy3JFAtzk0AAWTOX2w2F0upESHTDjxG37ncd7T7OfOUWERSZMrYzK', 'teacher', 2, '2025-12-27T01:30:05.684Z', 421);
INSERT INTO subject (name, classId, teacherId, id) VALUES ('History', 17, 421, 99);
INSERT INTO user (userName, email, password, role, schoolId, createdAt, id) VALUES ('Teacher_Class 7-B_Biology', 'teacher_class7-b_3@school.com', '$2b$10$Qy3JFAtzk0AAWTOX2w2F0upESHTDjxG37ncd7T7OfOUWERSZMrYzK', 'teacher', 2, '2025-12-27T01:30:05.684Z', 422);
INSERT INTO subject (name, classId, teacherId, id) VALUES ('Biology', 17, 422, 100);
INSERT INTO user (userName, email, password, role, schoolId, createdAt, id) VALUES ('Teacher_Class 7-B_English', 'teacher_class7-b_4@school.com', '$2b$10$Qy3JFAtzk0AAWTOX2w2F0upESHTDjxG37ncd7T7OfOUWERSZMrYzK', 'teacher', 2, '2025-12-27T01:30:05.684Z', 423);
INSERT INTO subject (name, classId, teacherId, id) VALUES ('English', 17, 423, 101);
INSERT INTO user (userName, email, password, role, schoolId, createdAt, id) VALUES ('Teacher_Class 7-B_Computer Science', 'teacher_class7-b_5@school.com', '$2b$10$Qy3JFAtzk0AAWTOX2w2F0upESHTDjxG37ncd7T7OfOUWERSZMrYzK', 'teacher', 2, '2025-12-27T01:30:05.684Z', 424);
INSERT INTO subject (name, classId, teacherId, id) VALUES ('Computer Science', 17, 424, 102);
INSERT INTO user (userName, email, password, role, schoolId, classId, createdAt, id) VALUES ('Student_Class 7-B_1', 'student_class7-b_0@school.com', '$2b$10$Qy3JFAtzk0AAWTOX2w2F0upESHTDjxG37ncd7T7OfOUWERSZMrYzK', 'student', 2, 17, '2025-12-27T01:30:05.684Z', 425);
INSERT INTO studentGrades (studentId, subjectId, classId, score, id) VALUES (425, 97, 17, 61, 1921);
INSERT INTO studentGrades (studentId, subjectId, classId, score, id) VALUES (425, 98, 17, 56, 1922);
INSERT INTO studentGrades (studentId, subjectId, classId, score, id) VALUES (425, 99, 17, 84, 1923);
INSERT INTO studentGrades (studentId, subjectId, classId, score, id) VALUES (425, 100, 17, 47, 1924);
INSERT INTO studentGrades (studentId, subjectId, classId, score, id) VALUES (425, 101, 17, 95, 1925);
INSERT INTO studentGrades (studentId, subjectId, classId, score, id) VALUES (425, 102, 17, 79, 1926);
INSERT INTO user (userName, email, password, role, schoolId, classId, createdAt, id) VALUES ('Student_Class 7-B_2', 'student_class7-b_1@school.com', '$2b$10$Qy3JFAtzk0AAWTOX2w2F0upESHTDjxG37ncd7T7OfOUWERSZMrYzK', 'student', 2, 17, '2025-12-27T01:30:05.684Z', 426);
INSERT INTO studentGrades (studentId, subjectId, classId, score, id) VALUES (426, 97, 17, 45, 1927);
INSERT INTO studentGrades (studentId, subjectId, classId, score, id) VALUES (426, 98, 17, 87, 1928);
INSERT INTO studentGrades (studentId, subjectId, classId, score, id) VALUES (426, 99, 17, 83, 1929);
INSERT INTO studentGrades (studentId, subjectId, classId, score, id) VALUES (426, 100, 17, 59, 1930);
INSERT INTO studentGrades (studentId, subjectId, classId, score, id) VALUES (426, 101, 17, 60, 1931);
INSERT INTO studentGrades (studentId, subjectId, classId, score, id) VALUES (426, 102, 17, 58, 1932);
INSERT INTO user (userName, email, password, role, schoolId, classId, createdAt, id) VALUES ('Student_Class 7-B_3', 'student_class7-b_2@school.com', '$2b$10$Qy3JFAtzk0AAWTOX2w2F0upESHTDjxG37ncd7T7OfOUWERSZMrYzK', 'student', 2, 17, '2025-12-27T01:30:05.684Z', 427);
INSERT INTO studentGrades (studentId, subjectId, classId, score, id) VALUES (427, 97, 17, 98, 1933);
INSERT INTO studentGrades (studentId, subjectId, classId, score, id) VALUES (427, 98, 17, 40, 1934);
INSERT INTO studentGrades (studentId, subjectId, classId, score, id) VALUES (427, 99, 17, 51, 1935);
INSERT INTO studentGrades (studentId, subjectId, classId, score, id) VALUES (427, 100, 17, 53, 1936);
INSERT INTO studentGrades (studentId, subjectId, classId, score, id) VALUES (427, 101, 17, 74, 1937);
INSERT INTO studentGrades (studentId, subjectId, classId, score, id) VALUES (427, 102, 17, 66, 1938);
INSERT INTO user (userName, email, password, role, schoolId, classId, createdAt, id) VALUES ('Student_Class 7-B_4', 'student_class7-b_3@school.com', '$2b$10$Qy3JFAtzk0AAWTOX2w2F0upESHTDjxG37ncd7T7OfOUWERSZMrYzK', 'student', 2, 17, '2025-12-27T01:30:05.684Z', 428);
INSERT INTO studentGrades (studentId, subjectId, classId, score, id) VALUES (428, 97, 17, 56, 1939);
INSERT INTO studentGrades (studentId, subjectId, classId, score, id) VALUES (428, 98, 17, 84, 1940);
INSERT INTO studentGrades (studentId, subjectId, classId, score, id) VALUES (428, 99, 17, 91, 1941);
INSERT INTO studentGrades (studentId, subjectId, classId, score, id) VALUES (428, 100, 17, 78, 1942);
INSERT INTO studentGrades (studentId, subjectId, classId, score, id) VALUES (428, 101, 17, 91, 1943);
INSERT INTO studentGrades (studentId, subjectId, classId, score, id) VALUES (428, 102, 17, 57, 1944);
INSERT INTO user (userName, email, password, role, schoolId, classId, createdAt, id) VALUES ('Student_Class 7-B_5', 'student_class7-b_4@school.com', '$2b$10$Qy3JFAtzk0AAWTOX2w2F0upESHTDjxG37ncd7T7OfOUWERSZMrYzK', 'student', 2, 17, '2025-12-27T01:30:05.685Z', 429);
INSERT INTO studentGrades (studentId, subjectId, classId, score, id) VALUES (429, 97, 17, 69, 1945);
INSERT INTO studentGrades (studentId, subjectId, classId, score, id) VALUES (429, 98, 17, 95, 1946);
INSERT INTO studentGrades (studentId, subjectId, classId, score, id) VALUES (429, 99, 17, 86, 1947);
INSERT INTO studentGrades (studentId, subjectId, classId, score, id) VALUES (429, 100, 17, 84, 1948);
INSERT INTO studentGrades (studentId, subjectId, classId, score, id) VALUES (429, 101, 17, 74, 1949);
INSERT INTO studentGrades (studentId, subjectId, classId, score, id) VALUES (429, 102, 17, 74, 1950);
INSERT INTO user (userName, email, password, role, schoolId, classId, createdAt, id) VALUES ('Student_Class 7-B_6', 'student_class7-b_5@school.com', '$2b$10$Qy3JFAtzk0AAWTOX2w2F0upESHTDjxG37ncd7T7OfOUWERSZMrYzK', 'student', 2, 17, '2025-12-27T01:30:05.685Z', 430);
INSERT INTO studentGrades (studentId, subjectId, classId, score, id) VALUES (430, 97, 17, 99, 1951);
INSERT INTO studentGrades (studentId, subjectId, classId, score, id) VALUES (430, 98, 17, 96, 1952);
INSERT INTO studentGrades (studentId, subjectId, classId, score, id) VALUES (430, 99, 17, 94, 1953);
INSERT INTO studentGrades (studentId, subjectId, classId, score, id) VALUES (430, 100, 17, 97, 1954);
INSERT INTO studentGrades (studentId, subjectId, classId, score, id) VALUES (430, 101, 17, 70, 1955);
INSERT INTO studentGrades (studentId, subjectId, classId, score, id) VALUES (430, 102, 17, 44, 1956);
INSERT INTO user (userName, email, password, role, schoolId, classId, createdAt, id) VALUES ('Student_Class 7-B_7', 'student_class7-b_6@school.com', '$2b$10$Qy3JFAtzk0AAWTOX2w2F0upESHTDjxG37ncd7T7OfOUWERSZMrYzK', 'student', 2, 17, '2025-12-27T01:30:05.685Z', 431);
INSERT INTO studentGrades (studentId, subjectId, classId, score, id) VALUES (431, 97, 17, 65, 1957);
INSERT INTO studentGrades (studentId, subjectId, classId, score, id) VALUES (431, 98, 17, 83, 1958);
INSERT INTO studentGrades (studentId, subjectId, classId, score, id) VALUES (431, 99, 17, 59, 1959);
INSERT INTO studentGrades (studentId, subjectId, classId, score, id) VALUES (431, 100, 17, 71, 1960);
INSERT INTO studentGrades (studentId, subjectId, classId, score, id) VALUES (431, 101, 17, 81, 1961);
INSERT INTO studentGrades (studentId, subjectId, classId, score, id) VALUES (431, 102, 17, 95, 1962);
INSERT INTO user (userName, email, password, role, schoolId, classId, createdAt, id) VALUES ('Student_Class 7-B_8', 'student_class7-b_7@school.com', '$2b$10$Qy3JFAtzk0AAWTOX2w2F0upESHTDjxG37ncd7T7OfOUWERSZMrYzK', 'student', 2, 17, '2025-12-27T01:30:05.685Z', 432);
INSERT INTO studentGrades (studentId, subjectId, classId, score, id) VALUES (432, 97, 17, 86, 1963);
INSERT INTO studentGrades (studentId, subjectId, classId, score, id) VALUES (432, 98, 17, 91, 1964);
INSERT INTO studentGrades (studentId, subjectId, classId, score, id) VALUES (432, 99, 17, 55, 1965);
INSERT INTO studentGrades (studentId, subjectId, classId, score, id) VALUES (432, 100, 17, 55, 1966);
INSERT INTO studentGrades (studentId, subjectId, classId, score, id) VALUES (432, 101, 17, 71, 1967);
INSERT INTO studentGrades (studentId, subjectId, classId, score, id) VALUES (432, 102, 17, 55, 1968);
INSERT INTO user (userName, email, password, role, schoolId, classId, createdAt, id) VALUES ('Student_Class 7-B_9', 'student_class7-b_8@school.com', '$2b$10$Qy3JFAtzk0AAWTOX2w2F0upESHTDjxG37ncd7T7OfOUWERSZMrYzK', 'student', 2, 17, '2025-12-27T01:30:05.685Z', 433);
INSERT INTO studentGrades (studentId, subjectId, classId, score, id) VALUES (433, 97, 17, 54, 1969);
INSERT INTO studentGrades (studentId, subjectId, classId, score, id) VALUES (433, 98, 17, 100, 1970);
INSERT INTO studentGrades (studentId, subjectId, classId, score, id) VALUES (433, 99, 17, 40, 1971);
INSERT INTO studentGrades (studentId, subjectId, classId, score, id) VALUES (433, 100, 17, 100, 1972);
INSERT INTO studentGrades (studentId, subjectId, classId, score, id) VALUES (433, 101, 17, 63, 1973);
INSERT INTO studentGrades (studentId, subjectId, classId, score, id) VALUES (433, 102, 17, 58, 1974);
INSERT INTO user (userName, email, password, role, schoolId, classId, createdAt, id) VALUES ('Student_Class 7-B_10', 'student_class7-b_9@school.com', '$2b$10$Qy3JFAtzk0AAWTOX2w2F0upESHTDjxG37ncd7T7OfOUWERSZMrYzK', 'student', 2, 17, '2025-12-27T01:30:05.685Z', 434);
INSERT INTO studentGrades (studentId, subjectId, classId, score, id) VALUES (434, 97, 17, 45, 1975);
INSERT INTO studentGrades (studentId, subjectId, classId, score, id) VALUES (434, 98, 17, 99, 1976);
INSERT INTO studentGrades (studentId, subjectId, classId, score, id) VALUES (434, 99, 17, 60, 1977);
INSERT INTO studentGrades (studentId, subjectId, classId, score, id) VALUES (434, 100, 17, 83, 1978);
INSERT INTO studentGrades (studentId, subjectId, classId, score, id) VALUES (434, 101, 17, 96, 1979);
INSERT INTO studentGrades (studentId, subjectId, classId, score, id) VALUES (434, 102, 17, 88, 1980);
INSERT INTO user (userName, email, password, role, schoolId, classId, createdAt, id) VALUES ('Student_Class 7-B_11', 'student_class7-b_10@school.com', '$2b$10$Qy3JFAtzk0AAWTOX2w2F0upESHTDjxG37ncd7T7OfOUWERSZMrYzK', 'student', 2, 17, '2025-12-27T01:30:05.685Z', 435);
INSERT INTO studentGrades (studentId, subjectId, classId, score, id) VALUES (435, 97, 17, 66, 1981);
INSERT INTO studentGrades (studentId, subjectId, classId, score, id) VALUES (435, 98, 17, 73, 1982);
INSERT INTO studentGrades (studentId, subjectId, classId, score, id) VALUES (435, 99, 17, 63, 1983);
INSERT INTO studentGrades (studentId, subjectId, classId, score, id) VALUES (435, 100, 17, 79, 1984);
INSERT INTO studentGrades (studentId, subjectId, classId, score, id) VALUES (435, 101, 17, 65, 1985);
INSERT INTO studentGrades (studentId, subjectId, classId, score, id) VALUES (435, 102, 17, 72, 1986);
INSERT INTO user (userName, email, password, role, schoolId, classId, createdAt, id) VALUES ('Student_Class 7-B_12', 'student_class7-b_11@school.com', '$2b$10$Qy3JFAtzk0AAWTOX2w2F0upESHTDjxG37ncd7T7OfOUWERSZMrYzK', 'student', 2, 17, '2025-12-27T01:30:05.685Z', 436);
INSERT INTO studentGrades (studentId, subjectId, classId, score, id) VALUES (436, 97, 17, 98, 1987);
INSERT INTO studentGrades (studentId, subjectId, classId, score, id) VALUES (436, 98, 17, 62, 1988);
INSERT INTO studentGrades (studentId, subjectId, classId, score, id) VALUES (436, 99, 17, 88, 1989);
INSERT INTO studentGrades (studentId, subjectId, classId, score, id) VALUES (436, 100, 17, 97, 1990);
INSERT INTO studentGrades (studentId, subjectId, classId, score, id) VALUES (436, 101, 17, 47, 1991);
INSERT INTO studentGrades (studentId, subjectId, classId, score, id) VALUES (436, 102, 17, 66, 1992);
INSERT INTO user (userName, email, password, role, schoolId, classId, createdAt, id) VALUES ('Student_Class 7-B_13', 'student_class7-b_12@school.com', '$2b$10$Qy3JFAtzk0AAWTOX2w2F0upESHTDjxG37ncd7T7OfOUWERSZMrYzK', 'student', 2, 17, '2025-12-27T01:30:05.685Z', 437);
INSERT INTO studentGrades (studentId, subjectId, classId, score, id) VALUES (437, 97, 17, 55, 1993);
INSERT INTO studentGrades (studentId, subjectId, classId, score, id) VALUES (437, 98, 17, 67, 1994);
INSERT INTO studentGrades (studentId, subjectId, classId, score, id) VALUES (437, 99, 17, 74, 1995);
INSERT INTO studentGrades (studentId, subjectId, classId, score, id) VALUES (437, 100, 17, 40, 1996);
INSERT INTO studentGrades (studentId, subjectId, classId, score, id) VALUES (437, 101, 17, 91, 1997);
INSERT INTO studentGrades (studentId, subjectId, classId, score, id) VALUES (437, 102, 17, 55, 1998);
INSERT INTO user (userName, email, password, role, schoolId, classId, createdAt, id) VALUES ('Student_Class 7-B_14', 'student_class7-b_13@school.com', '$2b$10$Qy3JFAtzk0AAWTOX2w2F0upESHTDjxG37ncd7T7OfOUWERSZMrYzK', 'student', 2, 17, '2025-12-27T01:30:05.685Z', 438);
INSERT INTO studentGrades (studentId, subjectId, classId, score, id) VALUES (438, 97, 17, 68, 1999);
INSERT INTO studentGrades (studentId, subjectId, classId, score, id) VALUES (438, 98, 17, 48, 2000);
INSERT INTO studentGrades (studentId, subjectId, classId, score, id) VALUES (438, 99, 17, 84, 2001);
INSERT INTO studentGrades (studentId, subjectId, classId, score, id) VALUES (438, 100, 17, 80, 2002);
INSERT INTO studentGrades (studentId, subjectId, classId, score, id) VALUES (438, 101, 17, 55, 2003);
INSERT INTO studentGrades (studentId, subjectId, classId, score, id) VALUES (438, 102, 17, 53, 2004);
INSERT INTO user (userName, email, password, role, schoolId, classId, createdAt, id) VALUES ('Student_Class 7-B_15', 'student_class7-b_14@school.com', '$2b$10$Qy3JFAtzk0AAWTOX2w2F0upESHTDjxG37ncd7T7OfOUWERSZMrYzK', 'student', 2, 17, '2025-12-27T01:30:05.685Z', 439);
INSERT INTO studentGrades (studentId, subjectId, classId, score, id) VALUES (439, 97, 17, 47, 2005);
INSERT INTO studentGrades (studentId, subjectId, classId, score, id) VALUES (439, 98, 17, 46, 2006);
INSERT INTO studentGrades (studentId, subjectId, classId, score, id) VALUES (439, 99, 17, 80, 2007);
INSERT INTO studentGrades (studentId, subjectId, classId, score, id) VALUES (439, 100, 17, 100, 2008);
INSERT INTO studentGrades (studentId, subjectId, classId, score, id) VALUES (439, 101, 17, 73, 2009);
INSERT INTO studentGrades (studentId, subjectId, classId, score, id) VALUES (439, 102, 17, 77, 2010);
INSERT INTO user (userName, email, password, role, schoolId, classId, createdAt, id) VALUES ('Student_Class 7-B_16', 'student_class7-b_15@school.com', '$2b$10$Qy3JFAtzk0AAWTOX2w2F0upESHTDjxG37ncd7T7OfOUWERSZMrYzK', 'student', 2, 17, '2025-12-27T01:30:05.685Z', 440);
INSERT INTO studentGrades (studentId, subjectId, classId, score, id) VALUES (440, 97, 17, 71, 2011);
INSERT INTO studentGrades (studentId, subjectId, classId, score, id) VALUES (440, 98, 17, 47, 2012);
INSERT INTO studentGrades (studentId, subjectId, classId, score, id) VALUES (440, 99, 17, 69, 2013);
INSERT INTO studentGrades (studentId, subjectId, classId, score, id) VALUES (440, 100, 17, 74, 2014);
INSERT INTO studentGrades (studentId, subjectId, classId, score, id) VALUES (440, 101, 17, 83, 2015);
INSERT INTO studentGrades (studentId, subjectId, classId, score, id) VALUES (440, 102, 17, 55, 2016);
INSERT INTO user (userName, email, password, role, schoolId, classId, createdAt, id) VALUES ('Student_Class 7-B_17', 'student_class7-b_16@school.com', '$2b$10$Qy3JFAtzk0AAWTOX2w2F0upESHTDjxG37ncd7T7OfOUWERSZMrYzK', 'student', 2, 17, '2025-12-27T01:30:05.685Z', 441);
INSERT INTO studentGrades (studentId, subjectId, classId, score, id) VALUES (441, 97, 17, 85, 2017);
INSERT INTO studentGrades (studentId, subjectId, classId, score, id) VALUES (441, 98, 17, 64, 2018);
INSERT INTO studentGrades (studentId, subjectId, classId, score, id) VALUES (441, 99, 17, 82, 2019);
INSERT INTO studentGrades (studentId, subjectId, classId, score, id) VALUES (441, 100, 17, 88, 2020);
INSERT INTO studentGrades (studentId, subjectId, classId, score, id) VALUES (441, 101, 17, 60, 2021);
INSERT INTO studentGrades (studentId, subjectId, classId, score, id) VALUES (441, 102, 17, 47, 2022);
INSERT INTO user (userName, email, password, role, schoolId, classId, createdAt, id) VALUES ('Student_Class 7-B_18', 'student_class7-b_17@school.com', '$2b$10$Qy3JFAtzk0AAWTOX2w2F0upESHTDjxG37ncd7T7OfOUWERSZMrYzK', 'student', 2, 17, '2025-12-27T01:30:05.685Z', 442);
INSERT INTO studentGrades (studentId, subjectId, classId, score, id) VALUES (442, 97, 17, 85, 2023);
INSERT INTO studentGrades (studentId, subjectId, classId, score, id) VALUES (442, 98, 17, 72, 2024);
INSERT INTO studentGrades (studentId, subjectId, classId, score, id) VALUES (442, 99, 17, 80, 2025);
INSERT INTO studentGrades (studentId, subjectId, classId, score, id) VALUES (442, 100, 17, 87, 2026);
INSERT INTO studentGrades (studentId, subjectId, classId, score, id) VALUES (442, 101, 17, 89, 2027);
INSERT INTO studentGrades (studentId, subjectId, classId, score, id) VALUES (442, 102, 17, 72, 2028);
INSERT INTO user (userName, email, password, role, schoolId, classId, createdAt, id) VALUES ('Student_Class 7-B_19', 'student_class7-b_18@school.com', '$2b$10$Qy3JFAtzk0AAWTOX2w2F0upESHTDjxG37ncd7T7OfOUWERSZMrYzK', 'student', 2, 17, '2025-12-27T01:30:05.685Z', 443);
INSERT INTO studentGrades (studentId, subjectId, classId, score, id) VALUES (443, 97, 17, 45, 2029);
INSERT INTO studentGrades (studentId, subjectId, classId, score, id) VALUES (443, 98, 17, 82, 2030);
INSERT INTO studentGrades (studentId, subjectId, classId, score, id) VALUES (443, 99, 17, 46, 2031);
INSERT INTO studentGrades (studentId, subjectId, classId, score, id) VALUES (443, 100, 17, 84, 2032);
INSERT INTO studentGrades (studentId, subjectId, classId, score, id) VALUES (443, 101, 17, 51, 2033);
INSERT INTO studentGrades (studentId, subjectId, classId, score, id) VALUES (443, 102, 17, 63, 2034);
INSERT INTO user (userName, email, password, role, schoolId, classId, createdAt, id) VALUES ('Student_Class 7-B_20', 'student_class7-b_19@school.com', '$2b$10$Qy3JFAtzk0AAWTOX2w2F0upESHTDjxG37ncd7T7OfOUWERSZMrYzK', 'student', 2, 17, '2025-12-27T01:30:05.685Z', 444);
INSERT INTO studentGrades (studentId, subjectId, classId, score, id) VALUES (444, 97, 17, 41, 2035);
INSERT INTO studentGrades (studentId, subjectId, classId, score, id) VALUES (444, 98, 17, 48, 2036);
INSERT INTO studentGrades (studentId, subjectId, classId, score, id) VALUES (444, 99, 17, 90, 2037);
INSERT INTO studentGrades (studentId, subjectId, classId, score, id) VALUES (444, 100, 17, 93, 2038);
INSERT INTO studentGrades (studentId, subjectId, classId, score, id) VALUES (444, 101, 17, 98, 2039);
INSERT INTO studentGrades (studentId, subjectId, classId, score, id) VALUES (444, 102, 17, 81, 2040);
INSERT INTO schedule (classId, subjectId, day, startTime, endTime, id) VALUES (17, 97, 'Sunday', '08:00', '09:00', 481);
INSERT INTO schedule (classId, subjectId, day, startTime, endTime, id) VALUES (17, 98, 'Sunday', '09:00', '10:00', 482);
INSERT INTO schedule (classId, subjectId, day, startTime, endTime, id) VALUES (17, 99, 'Sunday', '10:00', '11:00', 483);
INSERT INTO schedule (classId, subjectId, day, startTime, endTime, id) VALUES (17, 100, 'Sunday', '11:00', '12:00', 484);
INSERT INTO schedule (classId, subjectId, day, startTime, endTime, id) VALUES (17, 101, 'Sunday', '12:00', '13:00', 485);
INSERT INTO schedule (classId, subjectId, day, startTime, endTime, id) VALUES (17, 102, 'Sunday', '13:00', '14:00', 486);
INSERT INTO schedule (classId, subjectId, day, startTime, endTime, id) VALUES (17, 97, 'Monday', '08:00', '09:00', 487);
INSERT INTO schedule (classId, subjectId, day, startTime, endTime, id) VALUES (17, 98, 'Monday', '09:00', '10:00', 488);
INSERT INTO schedule (classId, subjectId, day, startTime, endTime, id) VALUES (17, 99, 'Monday', '10:00', '11:00', 489);
INSERT INTO schedule (classId, subjectId, day, startTime, endTime, id) VALUES (17, 100, 'Monday', '11:00', '12:00', 490);
INSERT INTO schedule (classId, subjectId, day, startTime, endTime, id) VALUES (17, 101, 'Monday', '12:00', '13:00', 491);
INSERT INTO schedule (classId, subjectId, day, startTime, endTime, id) VALUES (17, 102, 'Monday', '13:00', '14:00', 492);
INSERT INTO schedule (classId, subjectId, day, startTime, endTime, id) VALUES (17, 97, 'Tuesday', '08:00', '09:00', 493);
INSERT INTO schedule (classId, subjectId, day, startTime, endTime, id) VALUES (17, 98, 'Tuesday', '09:00', '10:00', 494);
INSERT INTO schedule (classId, subjectId, day, startTime, endTime, id) VALUES (17, 99, 'Tuesday', '10:00', '11:00', 495);
INSERT INTO schedule (classId, subjectId, day, startTime, endTime, id) VALUES (17, 100, 'Tuesday', '11:00', '12:00', 496);
INSERT INTO schedule (classId, subjectId, day, startTime, endTime, id) VALUES (17, 101, 'Tuesday', '12:00', '13:00', 497);
INSERT INTO schedule (classId, subjectId, day, startTime, endTime, id) VALUES (17, 102, 'Tuesday', '13:00', '14:00', 498);
INSERT INTO schedule (classId, subjectId, day, startTime, endTime, id) VALUES (17, 97, 'Wednesday', '08:00', '09:00', 499);
INSERT INTO schedule (classId, subjectId, day, startTime, endTime, id) VALUES (17, 98, 'Wednesday', '09:00', '10:00', 500);
INSERT INTO schedule (classId, subjectId, day, startTime, endTime, id) VALUES (17, 99, 'Wednesday', '10:00', '11:00', 501);
INSERT INTO schedule (classId, subjectId, day, startTime, endTime, id) VALUES (17, 100, 'Wednesday', '11:00', '12:00', 502);
INSERT INTO schedule (classId, subjectId, day, startTime, endTime, id) VALUES (17, 101, 'Wednesday', '12:00', '13:00', 503);
INSERT INTO schedule (classId, subjectId, day, startTime, endTime, id) VALUES (17, 102, 'Wednesday', '13:00', '14:00', 504);
INSERT INTO schedule (classId, subjectId, day, startTime, endTime, id) VALUES (17, 97, 'Thursday', '08:00', '09:00', 505);
INSERT INTO schedule (classId, subjectId, day, startTime, endTime, id) VALUES (17, 98, 'Thursday', '09:00', '10:00', 506);
INSERT INTO schedule (classId, subjectId, day, startTime, endTime, id) VALUES (17, 99, 'Thursday', '10:00', '11:00', 507);
INSERT INTO schedule (classId, subjectId, day, startTime, endTime, id) VALUES (17, 100, 'Thursday', '11:00', '12:00', 508);
INSERT INTO schedule (classId, subjectId, day, startTime, endTime, id) VALUES (17, 101, 'Thursday', '12:00', '13:00', 509);
INSERT INTO schedule (classId, subjectId, day, startTime, endTime, id) VALUES (17, 102, 'Thursday', '13:00', '14:00', 510);
INSERT INTO classRoom (name, schoolId, id) VALUES ('Class 8-B', 2, 18);
INSERT INTO user (userName, email, password, role, schoolId, createdAt, id) VALUES ('Teacher_Class 8-B_Mathematics', 'teacher_class8-b_0@school.com', '$2b$10$Qy3JFAtzk0AAWTOX2w2F0upESHTDjxG37ncd7T7OfOUWERSZMrYzK', 'teacher', 2, '2025-12-27T01:30:05.685Z', 445);
INSERT INTO subject (name, classId, teacherId, id) VALUES ('Mathematics', 18, 445, 103);
INSERT INTO user (userName, email, password, role, schoolId, createdAt, id) VALUES ('Teacher_Class 8-B_Physics', 'teacher_class8-b_1@school.com', '$2b$10$Qy3JFAtzk0AAWTOX2w2F0upESHTDjxG37ncd7T7OfOUWERSZMrYzK', 'teacher', 2, '2025-12-27T01:30:05.685Z', 446);
INSERT INTO subject (name, classId, teacherId, id) VALUES ('Physics', 18, 446, 104);
INSERT INTO user (userName, email, password, role, schoolId, createdAt, id) VALUES ('Teacher_Class 8-B_History', 'teacher_class8-b_2@school.com', '$2b$10$Qy3JFAtzk0AAWTOX2w2F0upESHTDjxG37ncd7T7OfOUWERSZMrYzK', 'teacher', 2, '2025-12-27T01:30:05.685Z', 447);
INSERT INTO subject (name, classId, teacherId, id) VALUES ('History', 18, 447, 105);
INSERT INTO user (userName, email, password, role, schoolId, createdAt, id) VALUES ('Teacher_Class 8-B_Biology', 'teacher_class8-b_3@school.com', '$2b$10$Qy3JFAtzk0AAWTOX2w2F0upESHTDjxG37ncd7T7OfOUWERSZMrYzK', 'teacher', 2, '2025-12-27T01:30:05.685Z', 448);
INSERT INTO subject (name, classId, teacherId, id) VALUES ('Biology', 18, 448, 106);
INSERT INTO user (userName, email, password, role, schoolId, createdAt, id) VALUES ('Teacher_Class 8-B_English', 'teacher_class8-b_4@school.com', '$2b$10$Qy3JFAtzk0AAWTOX2w2F0upESHTDjxG37ncd7T7OfOUWERSZMrYzK', 'teacher', 2, '2025-12-27T01:30:05.685Z', 449);
INSERT INTO subject (name, classId, teacherId, id) VALUES ('English', 18, 449, 107);
INSERT INTO user (userName, email, password, role, schoolId, createdAt, id) VALUES ('Teacher_Class 8-B_Computer Science', 'teacher_class8-b_5@school.com', '$2b$10$Qy3JFAtzk0AAWTOX2w2F0upESHTDjxG37ncd7T7OfOUWERSZMrYzK', 'teacher', 2, '2025-12-27T01:30:05.685Z', 450);
INSERT INTO subject (name, classId, teacherId, id) VALUES ('Computer Science', 18, 450, 108);
INSERT INTO user (userName, email, password, role, schoolId, classId, createdAt, id) VALUES ('Student_Class 8-B_1', 'student_class8-b_0@school.com', '$2b$10$Qy3JFAtzk0AAWTOX2w2F0upESHTDjxG37ncd7T7OfOUWERSZMrYzK', 'student', 2, 18, '2025-12-27T01:30:05.685Z', 451);
INSERT INTO studentGrades (studentId, subjectId, classId, score, id) VALUES (451, 103, 18, 69, 2041);
INSERT INTO studentGrades (studentId, subjectId, classId, score, id) VALUES (451, 104, 18, 86, 2042);
INSERT INTO studentGrades (studentId, subjectId, classId, score, id) VALUES (451, 105, 18, 74, 2043);
INSERT INTO studentGrades (studentId, subjectId, classId, score, id) VALUES (451, 106, 18, 51, 2044);
INSERT INTO studentGrades (studentId, subjectId, classId, score, id) VALUES (451, 107, 18, 53, 2045);
INSERT INTO studentGrades (studentId, subjectId, classId, score, id) VALUES (451, 108, 18, 99, 2046);
INSERT INTO user (userName, email, password, role, schoolId, classId, createdAt, id) VALUES ('Student_Class 8-B_2', 'student_class8-b_1@school.com', '$2b$10$Qy3JFAtzk0AAWTOX2w2F0upESHTDjxG37ncd7T7OfOUWERSZMrYzK', 'student', 2, 18, '2025-12-27T01:30:05.685Z', 452);
INSERT INTO studentGrades (studentId, subjectId, classId, score, id) VALUES (452, 103, 18, 63, 2047);
INSERT INTO studentGrades (studentId, subjectId, classId, score, id) VALUES (452, 104, 18, 82, 2048);
INSERT INTO studentGrades (studentId, subjectId, classId, score, id) VALUES (452, 105, 18, 69, 2049);
INSERT INTO studentGrades (studentId, subjectId, classId, score, id) VALUES (452, 106, 18, 83, 2050);
INSERT INTO studentGrades (studentId, subjectId, classId, score, id) VALUES (452, 107, 18, 100, 2051);
INSERT INTO studentGrades (studentId, subjectId, classId, score, id) VALUES (452, 108, 18, 73, 2052);
INSERT INTO user (userName, email, password, role, schoolId, classId, createdAt, id) VALUES ('Student_Class 8-B_3', 'student_class8-b_2@school.com', '$2b$10$Qy3JFAtzk0AAWTOX2w2F0upESHTDjxG37ncd7T7OfOUWERSZMrYzK', 'student', 2, 18, '2025-12-27T01:30:05.685Z', 453);
INSERT INTO studentGrades (studentId, subjectId, classId, score, id) VALUES (453, 103, 18, 74, 2053);
INSERT INTO studentGrades (studentId, subjectId, classId, score, id) VALUES (453, 104, 18, 66, 2054);
INSERT INTO studentGrades (studentId, subjectId, classId, score, id) VALUES (453, 105, 18, 49, 2055);
INSERT INTO studentGrades (studentId, subjectId, classId, score, id) VALUES (453, 106, 18, 59, 2056);
INSERT INTO studentGrades (studentId, subjectId, classId, score, id) VALUES (453, 107, 18, 83, 2057);
INSERT INTO studentGrades (studentId, subjectId, classId, score, id) VALUES (453, 108, 18, 58, 2058);
INSERT INTO user (userName, email, password, role, schoolId, classId, createdAt, id) VALUES ('Student_Class 8-B_4', 'student_class8-b_3@school.com', '$2b$10$Qy3JFAtzk0AAWTOX2w2F0upESHTDjxG37ncd7T7OfOUWERSZMrYzK', 'student', 2, 18, '2025-12-27T01:30:05.685Z', 454);
INSERT INTO studentGrades (studentId, subjectId, classId, score, id) VALUES (454, 103, 18, 61, 2059);
INSERT INTO studentGrades (studentId, subjectId, classId, score, id) VALUES (454, 104, 18, 60, 2060);
INSERT INTO studentGrades (studentId, subjectId, classId, score, id) VALUES (454, 105, 18, 60, 2061);
INSERT INTO studentGrades (studentId, subjectId, classId, score, id) VALUES (454, 106, 18, 59, 2062);
INSERT INTO studentGrades (studentId, subjectId, classId, score, id) VALUES (454, 107, 18, 40, 2063);
INSERT INTO studentGrades (studentId, subjectId, classId, score, id) VALUES (454, 108, 18, 97, 2064);
INSERT INTO user (userName, email, password, role, schoolId, classId, createdAt, id) VALUES ('Student_Class 8-B_5', 'student_class8-b_4@school.com', '$2b$10$Qy3JFAtzk0AAWTOX2w2F0upESHTDjxG37ncd7T7OfOUWERSZMrYzK', 'student', 2, 18, '2025-12-27T01:30:05.685Z', 455);
INSERT INTO studentGrades (studentId, subjectId, classId, score, id) VALUES (455, 103, 18, 42, 2065);
INSERT INTO studentGrades (studentId, subjectId, classId, score, id) VALUES (455, 104, 18, 79, 2066);
INSERT INTO studentGrades (studentId, subjectId, classId, score, id) VALUES (455, 105, 18, 52, 2067);
INSERT INTO studentGrades (studentId, subjectId, classId, score, id) VALUES (455, 106, 18, 98, 2068);
INSERT INTO studentGrades (studentId, subjectId, classId, score, id) VALUES (455, 107, 18, 71, 2069);
INSERT INTO studentGrades (studentId, subjectId, classId, score, id) VALUES (455, 108, 18, 84, 2070);
INSERT INTO user (userName, email, password, role, schoolId, classId, createdAt, id) VALUES ('Student_Class 8-B_6', 'student_class8-b_5@school.com', '$2b$10$Qy3JFAtzk0AAWTOX2w2F0upESHTDjxG37ncd7T7OfOUWERSZMrYzK', 'student', 2, 18, '2025-12-27T01:30:05.685Z', 456);
INSERT INTO studentGrades (studentId, subjectId, classId, score, id) VALUES (456, 103, 18, 90, 2071);
INSERT INTO studentGrades (studentId, subjectId, classId, score, id) VALUES (456, 104, 18, 98, 2072);
INSERT INTO studentGrades (studentId, subjectId, classId, score, id) VALUES (456, 105, 18, 44, 2073);
INSERT INTO studentGrades (studentId, subjectId, classId, score, id) VALUES (456, 106, 18, 76, 2074);
INSERT INTO studentGrades (studentId, subjectId, classId, score, id) VALUES (456, 107, 18, 80, 2075);
INSERT INTO studentGrades (studentId, subjectId, classId, score, id) VALUES (456, 108, 18, 50, 2076);
INSERT INTO user (userName, email, password, role, schoolId, classId, createdAt, id) VALUES ('Student_Class 8-B_7', 'student_class8-b_6@school.com', '$2b$10$Qy3JFAtzk0AAWTOX2w2F0upESHTDjxG37ncd7T7OfOUWERSZMrYzK', 'student', 2, 18, '2025-12-27T01:30:05.685Z', 457);
INSERT INTO studentGrades (studentId, subjectId, classId, score, id) VALUES (457, 103, 18, 54, 2077);
INSERT INTO studentGrades (studentId, subjectId, classId, score, id) VALUES (457, 104, 18, 93, 2078);
INSERT INTO studentGrades (studentId, subjectId, classId, score, id) VALUES (457, 105, 18, 88, 2079);
INSERT INTO studentGrades (studentId, subjectId, classId, score, id) VALUES (457, 106, 18, 69, 2080);
INSERT INTO studentGrades (studentId, subjectId, classId, score, id) VALUES (457, 107, 18, 97, 2081);
INSERT INTO studentGrades (studentId, subjectId, classId, score, id) VALUES (457, 108, 18, 89, 2082);
INSERT INTO user (userName, email, password, role, schoolId, classId, createdAt, id) VALUES ('Student_Class 8-B_8', 'student_class8-b_7@school.com', '$2b$10$Qy3JFAtzk0AAWTOX2w2F0upESHTDjxG37ncd7T7OfOUWERSZMrYzK', 'student', 2, 18, '2025-12-27T01:30:05.685Z', 458);
INSERT INTO studentGrades (studentId, subjectId, classId, score, id) VALUES (458, 103, 18, 44, 2083);
INSERT INTO studentGrades (studentId, subjectId, classId, score, id) VALUES (458, 104, 18, 90, 2084);
INSERT INTO studentGrades (studentId, subjectId, classId, score, id) VALUES (458, 105, 18, 68, 2085);
INSERT INTO studentGrades (studentId, subjectId, classId, score, id) VALUES (458, 106, 18, 63, 2086);
INSERT INTO studentGrades (studentId, subjectId, classId, score, id) VALUES (458, 107, 18, 100, 2087);
INSERT INTO studentGrades (studentId, subjectId, classId, score, id) VALUES (458, 108, 18, 81, 2088);
INSERT INTO user (userName, email, password, role, schoolId, classId, createdAt, id) VALUES ('Student_Class 8-B_9', 'student_class8-b_8@school.com', '$2b$10$Qy3JFAtzk0AAWTOX2w2F0upESHTDjxG37ncd7T7OfOUWERSZMrYzK', 'student', 2, 18, '2025-12-27T01:30:05.685Z', 459);
INSERT INTO studentGrades (studentId, subjectId, classId, score, id) VALUES (459, 103, 18, 96, 2089);
INSERT INTO studentGrades (studentId, subjectId, classId, score, id) VALUES (459, 104, 18, 41, 2090);
INSERT INTO studentGrades (studentId, subjectId, classId, score, id) VALUES (459, 105, 18, 100, 2091);
INSERT INTO studentGrades (studentId, subjectId, classId, score, id) VALUES (459, 106, 18, 84, 2092);
INSERT INTO studentGrades (studentId, subjectId, classId, score, id) VALUES (459, 107, 18, 65, 2093);
INSERT INTO studentGrades (studentId, subjectId, classId, score, id) VALUES (459, 108, 18, 92, 2094);
INSERT INTO user (userName, email, password, role, schoolId, classId, createdAt, id) VALUES ('Student_Class 8-B_10', 'student_class8-b_9@school.com', '$2b$10$Qy3JFAtzk0AAWTOX2w2F0upESHTDjxG37ncd7T7OfOUWERSZMrYzK', 'student', 2, 18, '2025-12-27T01:30:05.685Z', 460);
INSERT INTO studentGrades (studentId, subjectId, classId, score, id) VALUES (460, 103, 18, 42, 2095);
INSERT INTO studentGrades (studentId, subjectId, classId, score, id) VALUES (460, 104, 18, 40, 2096);
INSERT INTO studentGrades (studentId, subjectId, classId, score, id) VALUES (460, 105, 18, 99, 2097);
INSERT INTO studentGrades (studentId, subjectId, classId, score, id) VALUES (460, 106, 18, 53, 2098);
INSERT INTO studentGrades (studentId, subjectId, classId, score, id) VALUES (460, 107, 18, 80, 2099);
INSERT INTO studentGrades (studentId, subjectId, classId, score, id) VALUES (460, 108, 18, 74, 2100);
INSERT INTO user (userName, email, password, role, schoolId, classId, createdAt, id) VALUES ('Student_Class 8-B_11', 'student_class8-b_10@school.com', '$2b$10$Qy3JFAtzk0AAWTOX2w2F0upESHTDjxG37ncd7T7OfOUWERSZMrYzK', 'student', 2, 18, '2025-12-27T01:30:05.685Z', 461);
INSERT INTO studentGrades (studentId, subjectId, classId, score, id) VALUES (461, 103, 18, 79, 2101);
INSERT INTO studentGrades (studentId, subjectId, classId, score, id) VALUES (461, 104, 18, 87, 2102);
INSERT INTO studentGrades (studentId, subjectId, classId, score, id) VALUES (461, 105, 18, 95, 2103);
INSERT INTO studentGrades (studentId, subjectId, classId, score, id) VALUES (461, 106, 18, 57, 2104);
INSERT INTO studentGrades (studentId, subjectId, classId, score, id) VALUES (461, 107, 18, 74, 2105);
INSERT INTO studentGrades (studentId, subjectId, classId, score, id) VALUES (461, 108, 18, 99, 2106);
INSERT INTO user (userName, email, password, role, schoolId, classId, createdAt, id) VALUES ('Student_Class 8-B_12', 'student_class8-b_11@school.com', '$2b$10$Qy3JFAtzk0AAWTOX2w2F0upESHTDjxG37ncd7T7OfOUWERSZMrYzK', 'student', 2, 18, '2025-12-27T01:30:05.685Z', 462);
INSERT INTO studentGrades (studentId, subjectId, classId, score, id) VALUES (462, 103, 18, 49, 2107);
INSERT INTO studentGrades (studentId, subjectId, classId, score, id) VALUES (462, 104, 18, 67, 2108);
INSERT INTO studentGrades (studentId, subjectId, classId, score, id) VALUES (462, 105, 18, 81, 2109);
INSERT INTO studentGrades (studentId, subjectId, classId, score, id) VALUES (462, 106, 18, 54, 2110);
INSERT INTO studentGrades (studentId, subjectId, classId, score, id) VALUES (462, 107, 18, 92, 2111);
INSERT INTO studentGrades (studentId, subjectId, classId, score, id) VALUES (462, 108, 18, 49, 2112);
INSERT INTO user (userName, email, password, role, schoolId, classId, createdAt, id) VALUES ('Student_Class 8-B_13', 'student_class8-b_12@school.com', '$2b$10$Qy3JFAtzk0AAWTOX2w2F0upESHTDjxG37ncd7T7OfOUWERSZMrYzK', 'student', 2, 18, '2025-12-27T01:30:05.685Z', 463);
INSERT INTO studentGrades (studentId, subjectId, classId, score, id) VALUES (463, 103, 18, 97, 2113);
INSERT INTO studentGrades (studentId, subjectId, classId, score, id) VALUES (463, 104, 18, 48, 2114);
INSERT INTO studentGrades (studentId, subjectId, classId, score, id) VALUES (463, 105, 18, 91, 2115);
INSERT INTO studentGrades (studentId, subjectId, classId, score, id) VALUES (463, 106, 18, 62, 2116);
INSERT INTO studentGrades (studentId, subjectId, classId, score, id) VALUES (463, 107, 18, 98, 2117);
INSERT INTO studentGrades (studentId, subjectId, classId, score, id) VALUES (463, 108, 18, 46, 2118);
INSERT INTO user (userName, email, password, role, schoolId, classId, createdAt, id) VALUES ('Student_Class 8-B_14', 'student_class8-b_13@school.com', '$2b$10$Qy3JFAtzk0AAWTOX2w2F0upESHTDjxG37ncd7T7OfOUWERSZMrYzK', 'student', 2, 18, '2025-12-27T01:30:05.685Z', 464);
INSERT INTO studentGrades (studentId, subjectId, classId, score, id) VALUES (464, 103, 18, 69, 2119);
INSERT INTO studentGrades (studentId, subjectId, classId, score, id) VALUES (464, 104, 18, 74, 2120);
INSERT INTO studentGrades (studentId, subjectId, classId, score, id) VALUES (464, 105, 18, 51, 2121);
INSERT INTO studentGrades (studentId, subjectId, classId, score, id) VALUES (464, 106, 18, 75, 2122);
INSERT INTO studentGrades (studentId, subjectId, classId, score, id) VALUES (464, 107, 18, 74, 2123);
INSERT INTO studentGrades (studentId, subjectId, classId, score, id) VALUES (464, 108, 18, 48, 2124);
INSERT INTO user (userName, email, password, role, schoolId, classId, createdAt, id) VALUES ('Student_Class 8-B_15', 'student_class8-b_14@school.com', '$2b$10$Qy3JFAtzk0AAWTOX2w2F0upESHTDjxG37ncd7T7OfOUWERSZMrYzK', 'student', 2, 18, '2025-12-27T01:30:05.685Z', 465);
INSERT INTO studentGrades (studentId, subjectId, classId, score, id) VALUES (465, 103, 18, 47, 2125);
INSERT INTO studentGrades (studentId, subjectId, classId, score, id) VALUES (465, 104, 18, 78, 2126);
INSERT INTO studentGrades (studentId, subjectId, classId, score, id) VALUES (465, 105, 18, 92, 2127);
INSERT INTO studentGrades (studentId, subjectId, classId, score, id) VALUES (465, 106, 18, 86, 2128);
INSERT INTO studentGrades (studentId, subjectId, classId, score, id) VALUES (465, 107, 18, 82, 2129);
INSERT INTO studentGrades (studentId, subjectId, classId, score, id) VALUES (465, 108, 18, 46, 2130);
INSERT INTO user (userName, email, password, role, schoolId, classId, createdAt, id) VALUES ('Student_Class 8-B_16', 'student_class8-b_15@school.com', '$2b$10$Qy3JFAtzk0AAWTOX2w2F0upESHTDjxG37ncd7T7OfOUWERSZMrYzK', 'student', 2, 18, '2025-12-27T01:30:05.685Z', 466);
INSERT INTO studentGrades (studentId, subjectId, classId, score, id) VALUES (466, 103, 18, 77, 2131);
INSERT INTO studentGrades (studentId, subjectId, classId, score, id) VALUES (466, 104, 18, 77, 2132);
INSERT INTO studentGrades (studentId, subjectId, classId, score, id) VALUES (466, 105, 18, 86, 2133);
INSERT INTO studentGrades (studentId, subjectId, classId, score, id) VALUES (466, 106, 18, 83, 2134);
INSERT INTO studentGrades (studentId, subjectId, classId, score, id) VALUES (466, 107, 18, 77, 2135);
INSERT INTO studentGrades (studentId, subjectId, classId, score, id) VALUES (466, 108, 18, 60, 2136);
INSERT INTO user (userName, email, password, role, schoolId, classId, createdAt, id) VALUES ('Student_Class 8-B_17', 'student_class8-b_16@school.com', '$2b$10$Qy3JFAtzk0AAWTOX2w2F0upESHTDjxG37ncd7T7OfOUWERSZMrYzK', 'student', 2, 18, '2025-12-27T01:30:05.685Z', 467);
INSERT INTO studentGrades (studentId, subjectId, classId, score, id) VALUES (467, 103, 18, 75, 2137);
INSERT INTO studentGrades (studentId, subjectId, classId, score, id) VALUES (467, 104, 18, 84, 2138);
INSERT INTO studentGrades (studentId, subjectId, classId, score, id) VALUES (467, 105, 18, 85, 2139);
INSERT INTO studentGrades (studentId, subjectId, classId, score, id) VALUES (467, 106, 18, 69, 2140);
INSERT INTO studentGrades (studentId, subjectId, classId, score, id) VALUES (467, 107, 18, 85, 2141);
INSERT INTO studentGrades (studentId, subjectId, classId, score, id) VALUES (467, 108, 18, 95, 2142);
INSERT INTO user (userName, email, password, role, schoolId, classId, createdAt, id) VALUES ('Student_Class 8-B_18', 'student_class8-b_17@school.com', '$2b$10$Qy3JFAtzk0AAWTOX2w2F0upESHTDjxG37ncd7T7OfOUWERSZMrYzK', 'student', 2, 18, '2025-12-27T01:30:05.685Z', 468);
INSERT INTO studentGrades (studentId, subjectId, classId, score, id) VALUES (468, 103, 18, 70, 2143);
INSERT INTO studentGrades (studentId, subjectId, classId, score, id) VALUES (468, 104, 18, 64, 2144);
INSERT INTO studentGrades (studentId, subjectId, classId, score, id) VALUES (468, 105, 18, 58, 2145);
INSERT INTO studentGrades (studentId, subjectId, classId, score, id) VALUES (468, 106, 18, 82, 2146);
INSERT INTO studentGrades (studentId, subjectId, classId, score, id) VALUES (468, 107, 18, 65, 2147);
INSERT INTO studentGrades (studentId, subjectId, classId, score, id) VALUES (468, 108, 18, 71, 2148);
INSERT INTO user (userName, email, password, role, schoolId, classId, createdAt, id) VALUES ('Student_Class 8-B_19', 'student_class8-b_18@school.com', '$2b$10$Qy3JFAtzk0AAWTOX2w2F0upESHTDjxG37ncd7T7OfOUWERSZMrYzK', 'student', 2, 18, '2025-12-27T01:30:05.685Z', 469);
INSERT INTO studentGrades (studentId, subjectId, classId, score, id) VALUES (469, 103, 18, 81, 2149);
INSERT INTO studentGrades (studentId, subjectId, classId, score, id) VALUES (469, 104, 18, 56, 2150);
INSERT INTO studentGrades (studentId, subjectId, classId, score, id) VALUES (469, 105, 18, 94, 2151);
INSERT INTO studentGrades (studentId, subjectId, classId, score, id) VALUES (469, 106, 18, 44, 2152);
INSERT INTO studentGrades (studentId, subjectId, classId, score, id) VALUES (469, 107, 18, 54, 2153);
INSERT INTO studentGrades (studentId, subjectId, classId, score, id) VALUES (469, 108, 18, 88, 2154);
INSERT INTO user (userName, email, password, role, schoolId, classId, createdAt, id) VALUES ('Student_Class 8-B_20', 'student_class8-b_19@school.com', '$2b$10$Qy3JFAtzk0AAWTOX2w2F0upESHTDjxG37ncd7T7OfOUWERSZMrYzK', 'student', 2, 18, '2025-12-27T01:30:05.685Z', 470);
INSERT INTO studentGrades (studentId, subjectId, classId, score, id) VALUES (470, 103, 18, 69, 2155);
INSERT INTO studentGrades (studentId, subjectId, classId, score, id) VALUES (470, 104, 18, 96, 2156);
INSERT INTO studentGrades (studentId, subjectId, classId, score, id) VALUES (470, 105, 18, 67, 2157);
INSERT INTO studentGrades (studentId, subjectId, classId, score, id) VALUES (470, 106, 18, 61, 2158);
INSERT INTO studentGrades (studentId, subjectId, classId, score, id) VALUES (470, 107, 18, 100, 2159);
INSERT INTO studentGrades (studentId, subjectId, classId, score, id) VALUES (470, 108, 18, 60, 2160);
INSERT INTO schedule (classId, subjectId, day, startTime, endTime, id) VALUES (18, 103, 'Sunday', '08:00', '09:00', 511);
INSERT INTO schedule (classId, subjectId, day, startTime, endTime, id) VALUES (18, 104, 'Sunday', '09:00', '10:00', 512);
INSERT INTO schedule (classId, subjectId, day, startTime, endTime, id) VALUES (18, 105, 'Sunday', '10:00', '11:00', 513);
INSERT INTO schedule (classId, subjectId, day, startTime, endTime, id) VALUES (18, 106, 'Sunday', '11:00', '12:00', 514);
INSERT INTO schedule (classId, subjectId, day, startTime, endTime, id) VALUES (18, 107, 'Sunday', '12:00', '13:00', 515);
INSERT INTO schedule (classId, subjectId, day, startTime, endTime, id) VALUES (18, 108, 'Sunday', '13:00', '14:00', 516);
INSERT INTO schedule (classId, subjectId, day, startTime, endTime, id) VALUES (18, 103, 'Monday', '08:00', '09:00', 517);
INSERT INTO schedule (classId, subjectId, day, startTime, endTime, id) VALUES (18, 104, 'Monday', '09:00', '10:00', 518);
INSERT INTO schedule (classId, subjectId, day, startTime, endTime, id) VALUES (18, 105, 'Monday', '10:00', '11:00', 519);
INSERT INTO schedule (classId, subjectId, day, startTime, endTime, id) VALUES (18, 106, 'Monday', '11:00', '12:00', 520);
INSERT INTO schedule (classId, subjectId, day, startTime, endTime, id) VALUES (18, 107, 'Monday', '12:00', '13:00', 521);
INSERT INTO schedule (classId, subjectId, day, startTime, endTime, id) VALUES (18, 108, 'Monday', '13:00', '14:00', 522);
INSERT INTO schedule (classId, subjectId, day, startTime, endTime, id) VALUES (18, 103, 'Tuesday', '08:00', '09:00', 523);
INSERT INTO schedule (classId, subjectId, day, startTime, endTime, id) VALUES (18, 104, 'Tuesday', '09:00', '10:00', 524);
INSERT INTO schedule (classId, subjectId, day, startTime, endTime, id) VALUES (18, 105, 'Tuesday', '10:00', '11:00', 525);
INSERT INTO schedule (classId, subjectId, day, startTime, endTime, id) VALUES (18, 106, 'Tuesday', '11:00', '12:00', 526);
INSERT INTO schedule (classId, subjectId, day, startTime, endTime, id) VALUES (18, 107, 'Tuesday', '12:00', '13:00', 527);
INSERT INTO schedule (classId, subjectId, day, startTime, endTime, id) VALUES (18, 108, 'Tuesday', '13:00', '14:00', 528);
INSERT INTO schedule (classId, subjectId, day, startTime, endTime, id) VALUES (18, 103, 'Wednesday', '08:00', '09:00', 529);
INSERT INTO schedule (classId, subjectId, day, startTime, endTime, id) VALUES (18, 104, 'Wednesday', '09:00', '10:00', 530);
INSERT INTO schedule (classId, subjectId, day, startTime, endTime, id) VALUES (18, 105, 'Wednesday', '10:00', '11:00', 531);
INSERT INTO schedule (classId, subjectId, day, startTime, endTime, id) VALUES (18, 106, 'Wednesday', '11:00', '12:00', 532);
INSERT INTO schedule (classId, subjectId, day, startTime, endTime, id) VALUES (18, 107, 'Wednesday', '12:00', '13:00', 533);
INSERT INTO schedule (classId, subjectId, day, startTime, endTime, id) VALUES (18, 108, 'Wednesday', '13:00', '14:00', 534);
INSERT INTO schedule (classId, subjectId, day, startTime, endTime, id) VALUES (18, 103, 'Thursday', '08:00', '09:00', 535);
INSERT INTO schedule (classId, subjectId, day, startTime, endTime, id) VALUES (18, 104, 'Thursday', '09:00', '10:00', 536);
INSERT INTO schedule (classId, subjectId, day, startTime, endTime, id) VALUES (18, 105, 'Thursday', '10:00', '11:00', 537);
INSERT INTO schedule (classId, subjectId, day, startTime, endTime, id) VALUES (18, 106, 'Thursday', '11:00', '12:00', 538);
INSERT INTO schedule (classId, subjectId, day, startTime, endTime, id) VALUES (18, 107, 'Thursday', '12:00', '13:00', 539);
INSERT INTO schedule (classId, subjectId, day, startTime, endTime, id) VALUES (18, 108, 'Thursday', '13:00', '14:00', 540);
INSERT INTO classRoom (name, schoolId, id) VALUES ('Class 9-B', 2, 19);
INSERT INTO user (userName, email, password, role, schoolId, createdAt, id) VALUES ('Teacher_Class 9-B_Mathematics', 'teacher_class9-b_0@school.com', '$2b$10$Qy3JFAtzk0AAWTOX2w2F0upESHTDjxG37ncd7T7OfOUWERSZMrYzK', 'teacher', 2, '2025-12-27T01:30:05.686Z', 471);
INSERT INTO subject (name, classId, teacherId, id) VALUES ('Mathematics', 19, 471, 109);
INSERT INTO user (userName, email, password, role, schoolId, createdAt, id) VALUES ('Teacher_Class 9-B_Physics', 'teacher_class9-b_1@school.com', '$2b$10$Qy3JFAtzk0AAWTOX2w2F0upESHTDjxG37ncd7T7OfOUWERSZMrYzK', 'teacher', 2, '2025-12-27T01:30:05.686Z', 472);
INSERT INTO subject (name, classId, teacherId, id) VALUES ('Physics', 19, 472, 110);
INSERT INTO user (userName, email, password, role, schoolId, createdAt, id) VALUES ('Teacher_Class 9-B_History', 'teacher_class9-b_2@school.com', '$2b$10$Qy3JFAtzk0AAWTOX2w2F0upESHTDjxG37ncd7T7OfOUWERSZMrYzK', 'teacher', 2, '2025-12-27T01:30:05.686Z', 473);
INSERT INTO subject (name, classId, teacherId, id) VALUES ('History', 19, 473, 111);
INSERT INTO user (userName, email, password, role, schoolId, createdAt, id) VALUES ('Teacher_Class 9-B_Biology', 'teacher_class9-b_3@school.com', '$2b$10$Qy3JFAtzk0AAWTOX2w2F0upESHTDjxG37ncd7T7OfOUWERSZMrYzK', 'teacher', 2, '2025-12-27T01:30:05.686Z', 474);
INSERT INTO subject (name, classId, teacherId, id) VALUES ('Biology', 19, 474, 112);
INSERT INTO user (userName, email, password, role, schoolId, createdAt, id) VALUES ('Teacher_Class 9-B_English', 'teacher_class9-b_4@school.com', '$2b$10$Qy3JFAtzk0AAWTOX2w2F0upESHTDjxG37ncd7T7OfOUWERSZMrYzK', 'teacher', 2, '2025-12-27T01:30:05.686Z', 475);
INSERT INTO subject (name, classId, teacherId, id) VALUES ('English', 19, 475, 113);
INSERT INTO user (userName, email, password, role, schoolId, createdAt, id) VALUES ('Teacher_Class 9-B_Computer Science', 'teacher_class9-b_5@school.com', '$2b$10$Qy3JFAtzk0AAWTOX2w2F0upESHTDjxG37ncd7T7OfOUWERSZMrYzK', 'teacher', 2, '2025-12-27T01:30:05.686Z', 476);
INSERT INTO subject (name, classId, teacherId, id) VALUES ('Computer Science', 19, 476, 114);
INSERT INTO user (userName, email, password, role, schoolId, classId, createdAt, id) VALUES ('Student_Class 9-B_1', 'student_class9-b_0@school.com', '$2b$10$Qy3JFAtzk0AAWTOX2w2F0upESHTDjxG37ncd7T7OfOUWERSZMrYzK', 'student', 2, 19, '2025-12-27T01:30:05.686Z', 477);
INSERT INTO studentGrades (studentId, subjectId, classId, score, id) VALUES (477, 109, 19, 55, 2161);
INSERT INTO studentGrades (studentId, subjectId, classId, score, id) VALUES (477, 110, 19, 97, 2162);
INSERT INTO studentGrades (studentId, subjectId, classId, score, id) VALUES (477, 111, 19, 84, 2163);
INSERT INTO studentGrades (studentId, subjectId, classId, score, id) VALUES (477, 112, 19, 83, 2164);
INSERT INTO studentGrades (studentId, subjectId, classId, score, id) VALUES (477, 113, 19, 89, 2165);
INSERT INTO studentGrades (studentId, subjectId, classId, score, id) VALUES (477, 114, 19, 68, 2166);
INSERT INTO user (userName, email, password, role, schoolId, classId, createdAt, id) VALUES ('Student_Class 9-B_2', 'student_class9-b_1@school.com', '$2b$10$Qy3JFAtzk0AAWTOX2w2F0upESHTDjxG37ncd7T7OfOUWERSZMrYzK', 'student', 2, 19, '2025-12-27T01:30:05.686Z', 478);
INSERT INTO studentGrades (studentId, subjectId, classId, score, id) VALUES (478, 109, 19, 96, 2167);
INSERT INTO studentGrades (studentId, subjectId, classId, score, id) VALUES (478, 110, 19, 51, 2168);
INSERT INTO studentGrades (studentId, subjectId, classId, score, id) VALUES (478, 111, 19, 98, 2169);
INSERT INTO studentGrades (studentId, subjectId, classId, score, id) VALUES (478, 112, 19, 53, 2170);
INSERT INTO studentGrades (studentId, subjectId, classId, score, id) VALUES (478, 113, 19, 97, 2171);
INSERT INTO studentGrades (studentId, subjectId, classId, score, id) VALUES (478, 114, 19, 58, 2172);
INSERT INTO user (userName, email, password, role, schoolId, classId, createdAt, id) VALUES ('Student_Class 9-B_3', 'student_class9-b_2@school.com', '$2b$10$Qy3JFAtzk0AAWTOX2w2F0upESHTDjxG37ncd7T7OfOUWERSZMrYzK', 'student', 2, 19, '2025-12-27T01:30:05.686Z', 479);
INSERT INTO studentGrades (studentId, subjectId, classId, score, id) VALUES (479, 109, 19, 64, 2173);
INSERT INTO studentGrades (studentId, subjectId, classId, score, id) VALUES (479, 110, 19, 69, 2174);
INSERT INTO studentGrades (studentId, subjectId, classId, score, id) VALUES (479, 111, 19, 52, 2175);
INSERT INTO studentGrades (studentId, subjectId, classId, score, id) VALUES (479, 112, 19, 43, 2176);
INSERT INTO studentGrades (studentId, subjectId, classId, score, id) VALUES (479, 113, 19, 46, 2177);
INSERT INTO studentGrades (studentId, subjectId, classId, score, id) VALUES (479, 114, 19, 75, 2178);
INSERT INTO user (userName, email, password, role, schoolId, classId, createdAt, id) VALUES ('Student_Class 9-B_4', 'student_class9-b_3@school.com', '$2b$10$Qy3JFAtzk0AAWTOX2w2F0upESHTDjxG37ncd7T7OfOUWERSZMrYzK', 'student', 2, 19, '2025-12-27T01:30:05.686Z', 480);
INSERT INTO studentGrades (studentId, subjectId, classId, score, id) VALUES (480, 109, 19, 44, 2179);
INSERT INTO studentGrades (studentId, subjectId, classId, score, id) VALUES (480, 110, 19, 43, 2180);
INSERT INTO studentGrades (studentId, subjectId, classId, score, id) VALUES (480, 111, 19, 97, 2181);
INSERT INTO studentGrades (studentId, subjectId, classId, score, id) VALUES (480, 112, 19, 48, 2182);
INSERT INTO studentGrades (studentId, subjectId, classId, score, id) VALUES (480, 113, 19, 80, 2183);
INSERT INTO studentGrades (studentId, subjectId, classId, score, id) VALUES (480, 114, 19, 50, 2184);
INSERT INTO user (userName, email, password, role, schoolId, classId, createdAt, id) VALUES ('Student_Class 9-B_5', 'student_class9-b_4@school.com', '$2b$10$Qy3JFAtzk0AAWTOX2w2F0upESHTDjxG37ncd7T7OfOUWERSZMrYzK', 'student', 2, 19, '2025-12-27T01:30:05.686Z', 481);
INSERT INTO studentGrades (studentId, subjectId, classId, score, id) VALUES (481, 109, 19, 80, 2185);
INSERT INTO studentGrades (studentId, subjectId, classId, score, id) VALUES (481, 110, 19, 45, 2186);
INSERT INTO studentGrades (studentId, subjectId, classId, score, id) VALUES (481, 111, 19, 66, 2187);
INSERT INTO studentGrades (studentId, subjectId, classId, score, id) VALUES (481, 112, 19, 87, 2188);
INSERT INTO studentGrades (studentId, subjectId, classId, score, id) VALUES (481, 113, 19, 71, 2189);
INSERT INTO studentGrades (studentId, subjectId, classId, score, id) VALUES (481, 114, 19, 95, 2190);
INSERT INTO user (userName, email, password, role, schoolId, classId, createdAt, id) VALUES ('Student_Class 9-B_6', 'student_class9-b_5@school.com', '$2b$10$Qy3JFAtzk0AAWTOX2w2F0upESHTDjxG37ncd7T7OfOUWERSZMrYzK', 'student', 2, 19, '2025-12-27T01:30:05.686Z', 482);
INSERT INTO studentGrades (studentId, subjectId, classId, score, id) VALUES (482, 109, 19, 94, 2191);
INSERT INTO studentGrades (studentId, subjectId, classId, score, id) VALUES (482, 110, 19, 54, 2192);
INSERT INTO studentGrades (studentId, subjectId, classId, score, id) VALUES (482, 111, 19, 44, 2193);
INSERT INTO studentGrades (studentId, subjectId, classId, score, id) VALUES (482, 112, 19, 56, 2194);
INSERT INTO studentGrades (studentId, subjectId, classId, score, id) VALUES (482, 113, 19, 64, 2195);
INSERT INTO studentGrades (studentId, subjectId, classId, score, id) VALUES (482, 114, 19, 59, 2196);
INSERT INTO user (userName, email, password, role, schoolId, classId, createdAt, id) VALUES ('Student_Class 9-B_7', 'student_class9-b_6@school.com', '$2b$10$Qy3JFAtzk0AAWTOX2w2F0upESHTDjxG37ncd7T7OfOUWERSZMrYzK', 'student', 2, 19, '2025-12-27T01:30:05.686Z', 483);
INSERT INTO studentGrades (studentId, subjectId, classId, score, id) VALUES (483, 109, 19, 59, 2197);
INSERT INTO studentGrades (studentId, subjectId, classId, score, id) VALUES (483, 110, 19, 78, 2198);
INSERT INTO studentGrades (studentId, subjectId, classId, score, id) VALUES (483, 111, 19, 68, 2199);
INSERT INTO studentGrades (studentId, subjectId, classId, score, id) VALUES (483, 112, 19, 53, 2200);
INSERT INTO studentGrades (studentId, subjectId, classId, score, id) VALUES (483, 113, 19, 59, 2201);
INSERT INTO studentGrades (studentId, subjectId, classId, score, id) VALUES (483, 114, 19, 50, 2202);
INSERT INTO user (userName, email, password, role, schoolId, classId, createdAt, id) VALUES ('Student_Class 9-B_8', 'student_class9-b_7@school.com', '$2b$10$Qy3JFAtzk0AAWTOX2w2F0upESHTDjxG37ncd7T7OfOUWERSZMrYzK', 'student', 2, 19, '2025-12-27T01:30:05.686Z', 484);
INSERT INTO studentGrades (studentId, subjectId, classId, score, id) VALUES (484, 109, 19, 88, 2203);
INSERT INTO studentGrades (studentId, subjectId, classId, score, id) VALUES (484, 110, 19, 80, 2204);
INSERT INTO studentGrades (studentId, subjectId, classId, score, id) VALUES (484, 111, 19, 63, 2205);
INSERT INTO studentGrades (studentId, subjectId, classId, score, id) VALUES (484, 112, 19, 61, 2206);
INSERT INTO studentGrades (studentId, subjectId, classId, score, id) VALUES (484, 113, 19, 72, 2207);
INSERT INTO studentGrades (studentId, subjectId, classId, score, id) VALUES (484, 114, 19, 81, 2208);
INSERT INTO user (userName, email, password, role, schoolId, classId, createdAt, id) VALUES ('Student_Class 9-B_9', 'student_class9-b_8@school.com', '$2b$10$Qy3JFAtzk0AAWTOX2w2F0upESHTDjxG37ncd7T7OfOUWERSZMrYzK', 'student', 2, 19, '2025-12-27T01:30:05.686Z', 485);
INSERT INTO studentGrades (studentId, subjectId, classId, score, id) VALUES (485, 109, 19, 68, 2209);
INSERT INTO studentGrades (studentId, subjectId, classId, score, id) VALUES (485, 110, 19, 48, 2210);
INSERT INTO studentGrades (studentId, subjectId, classId, score, id) VALUES (485, 111, 19, 79, 2211);
INSERT INTO studentGrades (studentId, subjectId, classId, score, id) VALUES (485, 112, 19, 50, 2212);
INSERT INTO studentGrades (studentId, subjectId, classId, score, id) VALUES (485, 113, 19, 62, 2213);
INSERT INTO studentGrades (studentId, subjectId, classId, score, id) VALUES (485, 114, 19, 86, 2214);
INSERT INTO user (userName, email, password, role, schoolId, classId, createdAt, id) VALUES ('Student_Class 9-B_10', 'student_class9-b_9@school.com', '$2b$10$Qy3JFAtzk0AAWTOX2w2F0upESHTDjxG37ncd7T7OfOUWERSZMrYzK', 'student', 2, 19, '2025-12-27T01:30:05.686Z', 486);
INSERT INTO studentGrades (studentId, subjectId, classId, score, id) VALUES (486, 109, 19, 65, 2215);
INSERT INTO studentGrades (studentId, subjectId, classId, score, id) VALUES (486, 110, 19, 65, 2216);
INSERT INTO studentGrades (studentId, subjectId, classId, score, id) VALUES (486, 111, 19, 85, 2217);
INSERT INTO studentGrades (studentId, subjectId, classId, score, id) VALUES (486, 112, 19, 66, 2218);
INSERT INTO studentGrades (studentId, subjectId, classId, score, id) VALUES (486, 113, 19, 50, 2219);
INSERT INTO studentGrades (studentId, subjectId, classId, score, id) VALUES (486, 114, 19, 59, 2220);
INSERT INTO user (userName, email, password, role, schoolId, classId, createdAt, id) VALUES ('Student_Class 9-B_11', 'student_class9-b_10@school.com', '$2b$10$Qy3JFAtzk0AAWTOX2w2F0upESHTDjxG37ncd7T7OfOUWERSZMrYzK', 'student', 2, 19, '2025-12-27T01:30:05.686Z', 487);
INSERT INTO studentGrades (studentId, subjectId, classId, score, id) VALUES (487, 109, 19, 50, 2221);
INSERT INTO studentGrades (studentId, subjectId, classId, score, id) VALUES (487, 110, 19, 49, 2222);
INSERT INTO studentGrades (studentId, subjectId, classId, score, id) VALUES (487, 111, 19, 67, 2223);
INSERT INTO studentGrades (studentId, subjectId, classId, score, id) VALUES (487, 112, 19, 40, 2224);
INSERT INTO studentGrades (studentId, subjectId, classId, score, id) VALUES (487, 113, 19, 90, 2225);
INSERT INTO studentGrades (studentId, subjectId, classId, score, id) VALUES (487, 114, 19, 73, 2226);
INSERT INTO user (userName, email, password, role, schoolId, classId, createdAt, id) VALUES ('Student_Class 9-B_12', 'student_class9-b_11@school.com', '$2b$10$Qy3JFAtzk0AAWTOX2w2F0upESHTDjxG37ncd7T7OfOUWERSZMrYzK', 'student', 2, 19, '2025-12-27T01:30:05.686Z', 488);
INSERT INTO studentGrades (studentId, subjectId, classId, score, id) VALUES (488, 109, 19, 56, 2227);
INSERT INTO studentGrades (studentId, subjectId, classId, score, id) VALUES (488, 110, 19, 83, 2228);
INSERT INTO studentGrades (studentId, subjectId, classId, score, id) VALUES (488, 111, 19, 93, 2229);
INSERT INTO studentGrades (studentId, subjectId, classId, score, id) VALUES (488, 112, 19, 86, 2230);
INSERT INTO studentGrades (studentId, subjectId, classId, score, id) VALUES (488, 113, 19, 54, 2231);
INSERT INTO studentGrades (studentId, subjectId, classId, score, id) VALUES (488, 114, 19, 87, 2232);
INSERT INTO user (userName, email, password, role, schoolId, classId, createdAt, id) VALUES ('Student_Class 9-B_13', 'student_class9-b_12@school.com', '$2b$10$Qy3JFAtzk0AAWTOX2w2F0upESHTDjxG37ncd7T7OfOUWERSZMrYzK', 'student', 2, 19, '2025-12-27T01:30:05.686Z', 489);
INSERT INTO studentGrades (studentId, subjectId, classId, score, id) VALUES (489, 109, 19, 86, 2233);
INSERT INTO studentGrades (studentId, subjectId, classId, score, id) VALUES (489, 110, 19, 77, 2234);
INSERT INTO studentGrades (studentId, subjectId, classId, score, id) VALUES (489, 111, 19, 47, 2235);
INSERT INTO studentGrades (studentId, subjectId, classId, score, id) VALUES (489, 112, 19, 59, 2236);
INSERT INTO studentGrades (studentId, subjectId, classId, score, id) VALUES (489, 113, 19, 46, 2237);
INSERT INTO studentGrades (studentId, subjectId, classId, score, id) VALUES (489, 114, 19, 67, 2238);
INSERT INTO user (userName, email, password, role, schoolId, classId, createdAt, id) VALUES ('Student_Class 9-B_14', 'student_class9-b_13@school.com', '$2b$10$Qy3JFAtzk0AAWTOX2w2F0upESHTDjxG37ncd7T7OfOUWERSZMrYzK', 'student', 2, 19, '2025-12-27T01:30:05.686Z', 490);
INSERT INTO studentGrades (studentId, subjectId, classId, score, id) VALUES (490, 109, 19, 48, 2239);
INSERT INTO studentGrades (studentId, subjectId, classId, score, id) VALUES (490, 110, 19, 89, 2240);
INSERT INTO studentGrades (studentId, subjectId, classId, score, id) VALUES (490, 111, 19, 78, 2241);
INSERT INTO studentGrades (studentId, subjectId, classId, score, id) VALUES (490, 112, 19, 43, 2242);
INSERT INTO studentGrades (studentId, subjectId, classId, score, id) VALUES (490, 113, 19, 46, 2243);
INSERT INTO studentGrades (studentId, subjectId, classId, score, id) VALUES (490, 114, 19, 55, 2244);
INSERT INTO user (userName, email, password, role, schoolId, classId, createdAt, id) VALUES ('Student_Class 9-B_15', 'student_class9-b_14@school.com', '$2b$10$Qy3JFAtzk0AAWTOX2w2F0upESHTDjxG37ncd7T7OfOUWERSZMrYzK', 'student', 2, 19, '2025-12-27T01:30:05.686Z', 491);
INSERT INTO studentGrades (studentId, subjectId, classId, score, id) VALUES (491, 109, 19, 47, 2245);
INSERT INTO studentGrades (studentId, subjectId, classId, score, id) VALUES (491, 110, 19, 84, 2246);
INSERT INTO studentGrades (studentId, subjectId, classId, score, id) VALUES (491, 111, 19, 85, 2247);
INSERT INTO studentGrades (studentId, subjectId, classId, score, id) VALUES (491, 112, 19, 95, 2248);
INSERT INTO studentGrades (studentId, subjectId, classId, score, id) VALUES (491, 113, 19, 40, 2249);
INSERT INTO studentGrades (studentId, subjectId, classId, score, id) VALUES (491, 114, 19, 100, 2250);
INSERT INTO user (userName, email, password, role, schoolId, classId, createdAt, id) VALUES ('Student_Class 9-B_16', 'student_class9-b_15@school.com', '$2b$10$Qy3JFAtzk0AAWTOX2w2F0upESHTDjxG37ncd7T7OfOUWERSZMrYzK', 'student', 2, 19, '2025-12-27T01:30:05.686Z', 492);
INSERT INTO studentGrades (studentId, subjectId, classId, score, id) VALUES (492, 109, 19, 92, 2251);
INSERT INTO studentGrades (studentId, subjectId, classId, score, id) VALUES (492, 110, 19, 85, 2252);
INSERT INTO studentGrades (studentId, subjectId, classId, score, id) VALUES (492, 111, 19, 51, 2253);
INSERT INTO studentGrades (studentId, subjectId, classId, score, id) VALUES (492, 112, 19, 64, 2254);
INSERT INTO studentGrades (studentId, subjectId, classId, score, id) VALUES (492, 113, 19, 58, 2255);
INSERT INTO studentGrades (studentId, subjectId, classId, score, id) VALUES (492, 114, 19, 46, 2256);
INSERT INTO user (userName, email, password, role, schoolId, classId, createdAt, id) VALUES ('Student_Class 9-B_17', 'student_class9-b_16@school.com', '$2b$10$Qy3JFAtzk0AAWTOX2w2F0upESHTDjxG37ncd7T7OfOUWERSZMrYzK', 'student', 2, 19, '2025-12-27T01:30:05.686Z', 493);
INSERT INTO studentGrades (studentId, subjectId, classId, score, id) VALUES (493, 109, 19, 47, 2257);
INSERT INTO studentGrades (studentId, subjectId, classId, score, id) VALUES (493, 110, 19, 83, 2258);
INSERT INTO studentGrades (studentId, subjectId, classId, score, id) VALUES (493, 111, 19, 96, 2259);
INSERT INTO studentGrades (studentId, subjectId, classId, score, id) VALUES (493, 112, 19, 42, 2260);
INSERT INTO studentGrades (studentId, subjectId, classId, score, id) VALUES (493, 113, 19, 86, 2261);
INSERT INTO studentGrades (studentId, subjectId, classId, score, id) VALUES (493, 114, 19, 80, 2262);
INSERT INTO user (userName, email, password, role, schoolId, classId, createdAt, id) VALUES ('Student_Class 9-B_18', 'student_class9-b_17@school.com', '$2b$10$Qy3JFAtzk0AAWTOX2w2F0upESHTDjxG37ncd7T7OfOUWERSZMrYzK', 'student', 2, 19, '2025-12-27T01:30:05.686Z', 494);
INSERT INTO studentGrades (studentId, subjectId, classId, score, id) VALUES (494, 109, 19, 85, 2263);
INSERT INTO studentGrades (studentId, subjectId, classId, score, id) VALUES (494, 110, 19, 62, 2264);
INSERT INTO studentGrades (studentId, subjectId, classId, score, id) VALUES (494, 111, 19, 86, 2265);
INSERT INTO studentGrades (studentId, subjectId, classId, score, id) VALUES (494, 112, 19, 64, 2266);
INSERT INTO studentGrades (studentId, subjectId, classId, score, id) VALUES (494, 113, 19, 62, 2267);
INSERT INTO studentGrades (studentId, subjectId, classId, score, id) VALUES (494, 114, 19, 84, 2268);
INSERT INTO user (userName, email, password, role, schoolId, classId, createdAt, id) VALUES ('Student_Class 9-B_19', 'student_class9-b_18@school.com', '$2b$10$Qy3JFAtzk0AAWTOX2w2F0upESHTDjxG37ncd7T7OfOUWERSZMrYzK', 'student', 2, 19, '2025-12-27T01:30:05.686Z', 495);
INSERT INTO studentGrades (studentId, subjectId, classId, score, id) VALUES (495, 109, 19, 83, 2269);
INSERT INTO studentGrades (studentId, subjectId, classId, score, id) VALUES (495, 110, 19, 53, 2270);
INSERT INTO studentGrades (studentId, subjectId, classId, score, id) VALUES (495, 111, 19, 62, 2271);
INSERT INTO studentGrades (studentId, subjectId, classId, score, id) VALUES (495, 112, 19, 76, 2272);
INSERT INTO studentGrades (studentId, subjectId, classId, score, id) VALUES (495, 113, 19, 71, 2273);
INSERT INTO studentGrades (studentId, subjectId, classId, score, id) VALUES (495, 114, 19, 97, 2274);
INSERT INTO user (userName, email, password, role, schoolId, classId, createdAt, id) VALUES ('Student_Class 9-B_20', 'student_class9-b_19@school.com', '$2b$10$Qy3JFAtzk0AAWTOX2w2F0upESHTDjxG37ncd7T7OfOUWERSZMrYzK', 'student', 2, 19, '2025-12-27T01:30:05.686Z', 496);
INSERT INTO studentGrades (studentId, subjectId, classId, score, id) VALUES (496, 109, 19, 47, 2275);
INSERT INTO studentGrades (studentId, subjectId, classId, score, id) VALUES (496, 110, 19, 95, 2276);
INSERT INTO studentGrades (studentId, subjectId, classId, score, id) VALUES (496, 111, 19, 45, 2277);
INSERT INTO studentGrades (studentId, subjectId, classId, score, id) VALUES (496, 112, 19, 49, 2278);
INSERT INTO studentGrades (studentId, subjectId, classId, score, id) VALUES (496, 113, 19, 56, 2279);
INSERT INTO studentGrades (studentId, subjectId, classId, score, id) VALUES (496, 114, 19, 64, 2280);
INSERT INTO schedule (classId, subjectId, day, startTime, endTime, id) VALUES (19, 109, 'Sunday', '08:00', '09:00', 541);
INSERT INTO schedule (classId, subjectId, day, startTime, endTime, id) VALUES (19, 110, 'Sunday', '09:00', '10:00', 542);
INSERT INTO schedule (classId, subjectId, day, startTime, endTime, id) VALUES (19, 111, 'Sunday', '10:00', '11:00', 543);
INSERT INTO schedule (classId, subjectId, day, startTime, endTime, id) VALUES (19, 112, 'Sunday', '11:00', '12:00', 544);
INSERT INTO schedule (classId, subjectId, day, startTime, endTime, id) VALUES (19, 113, 'Sunday', '12:00', '13:00', 545);
INSERT INTO schedule (classId, subjectId, day, startTime, endTime, id) VALUES (19, 114, 'Sunday', '13:00', '14:00', 546);
INSERT INTO schedule (classId, subjectId, day, startTime, endTime, id) VALUES (19, 109, 'Monday', '08:00', '09:00', 547);
INSERT INTO schedule (classId, subjectId, day, startTime, endTime, id) VALUES (19, 110, 'Monday', '09:00', '10:00', 548);
INSERT INTO schedule (classId, subjectId, day, startTime, endTime, id) VALUES (19, 111, 'Monday', '10:00', '11:00', 549);
INSERT INTO schedule (classId, subjectId, day, startTime, endTime, id) VALUES (19, 112, 'Monday', '11:00', '12:00', 550);
INSERT INTO schedule (classId, subjectId, day, startTime, endTime, id) VALUES (19, 113, 'Monday', '12:00', '13:00', 551);
INSERT INTO schedule (classId, subjectId, day, startTime, endTime, id) VALUES (19, 114, 'Monday', '13:00', '14:00', 552);
INSERT INTO schedule (classId, subjectId, day, startTime, endTime, id) VALUES (19, 109, 'Tuesday', '08:00', '09:00', 553);
INSERT INTO schedule (classId, subjectId, day, startTime, endTime, id) VALUES (19, 110, 'Tuesday', '09:00', '10:00', 554);
INSERT INTO schedule (classId, subjectId, day, startTime, endTime, id) VALUES (19, 111, 'Tuesday', '10:00', '11:00', 555);
INSERT INTO schedule (classId, subjectId, day, startTime, endTime, id) VALUES (19, 112, 'Tuesday', '11:00', '12:00', 556);
INSERT INTO schedule (classId, subjectId, day, startTime, endTime, id) VALUES (19, 113, 'Tuesday', '12:00', '13:00', 557);
INSERT INTO schedule (classId, subjectId, day, startTime, endTime, id) VALUES (19, 114, 'Tuesday', '13:00', '14:00', 558);
INSERT INTO schedule (classId, subjectId, day, startTime, endTime, id) VALUES (19, 109, 'Wednesday', '08:00', '09:00', 559);
INSERT INTO schedule (classId, subjectId, day, startTime, endTime, id) VALUES (19, 110, 'Wednesday', '09:00', '10:00', 560);
INSERT INTO schedule (classId, subjectId, day, startTime, endTime, id) VALUES (19, 111, 'Wednesday', '10:00', '11:00', 561);
INSERT INTO schedule (classId, subjectId, day, startTime, endTime, id) VALUES (19, 112, 'Wednesday', '11:00', '12:00', 562);
INSERT INTO schedule (classId, subjectId, day, startTime, endTime, id) VALUES (19, 113, 'Wednesday', '12:00', '13:00', 563);
INSERT INTO schedule (classId, subjectId, day, startTime, endTime, id) VALUES (19, 114, 'Wednesday', '13:00', '14:00', 564);
INSERT INTO schedule (classId, subjectId, day, startTime, endTime, id) VALUES (19, 109, 'Thursday', '08:00', '09:00', 565);
INSERT INTO schedule (classId, subjectId, day, startTime, endTime, id) VALUES (19, 110, 'Thursday', '09:00', '10:00', 566);
INSERT INTO schedule (classId, subjectId, day, startTime, endTime, id) VALUES (19, 111, 'Thursday', '10:00', '11:00', 567);
INSERT INTO schedule (classId, subjectId, day, startTime, endTime, id) VALUES (19, 112, 'Thursday', '11:00', '12:00', 568);
INSERT INTO schedule (classId, subjectId, day, startTime, endTime, id) VALUES (19, 113, 'Thursday', '12:00', '13:00', 569);
INSERT INTO schedule (classId, subjectId, day, startTime, endTime, id) VALUES (19, 114, 'Thursday', '13:00', '14:00', 570);
INSERT INTO classRoom (name, schoolId, id) VALUES ('Class 10-B', 2, 20);
INSERT INTO user (userName, email, password, role, schoolId, createdAt, id) VALUES ('Teacher_Class 10-B_Mathematics', 'teacher_class10-b_0@school.com', '$2b$10$Qy3JFAtzk0AAWTOX2w2F0upESHTDjxG37ncd7T7OfOUWERSZMrYzK', 'teacher', 2, '2025-12-27T01:30:05.686Z', 497);
INSERT INTO subject (name, classId, teacherId, id) VALUES ('Mathematics', 20, 497, 115);
INSERT INTO user (userName, email, password, role, schoolId, createdAt, id) VALUES ('Teacher_Class 10-B_Physics', 'teacher_class10-b_1@school.com', '$2b$10$Qy3JFAtzk0AAWTOX2w2F0upESHTDjxG37ncd7T7OfOUWERSZMrYzK', 'teacher', 2, '2025-12-27T01:30:05.686Z', 498);
INSERT INTO subject (name, classId, teacherId, id) VALUES ('Physics', 20, 498, 116);
INSERT INTO user (userName, email, password, role, schoolId, createdAt, id) VALUES ('Teacher_Class 10-B_History', 'teacher_class10-b_2@school.com', '$2b$10$Qy3JFAtzk0AAWTOX2w2F0upESHTDjxG37ncd7T7OfOUWERSZMrYzK', 'teacher', 2, '2025-12-27T01:30:05.686Z', 499);
INSERT INTO subject (name, classId, teacherId, id) VALUES ('History', 20, 499, 117);
INSERT INTO user (userName, email, password, role, schoolId, createdAt, id) VALUES ('Teacher_Class 10-B_Biology', 'teacher_class10-b_3@school.com', '$2b$10$Qy3JFAtzk0AAWTOX2w2F0upESHTDjxG37ncd7T7OfOUWERSZMrYzK', 'teacher', 2, '2025-12-27T01:30:05.686Z', 500);
INSERT INTO subject (name, classId, teacherId, id) VALUES ('Biology', 20, 500, 118);
INSERT INTO user (userName, email, password, role, schoolId, createdAt, id) VALUES ('Teacher_Class 10-B_English', 'teacher_class10-b_4@school.com', '$2b$10$Qy3JFAtzk0AAWTOX2w2F0upESHTDjxG37ncd7T7OfOUWERSZMrYzK', 'teacher', 2, '2025-12-27T01:30:05.686Z', 501);
INSERT INTO subject (name, classId, teacherId, id) VALUES ('English', 20, 501, 119);
INSERT INTO user (userName, email, password, role, schoolId, createdAt, id) VALUES ('Teacher_Class 10-B_Computer Science', 'teacher_class10-b_5@school.com', '$2b$10$Qy3JFAtzk0AAWTOX2w2F0upESHTDjxG37ncd7T7OfOUWERSZMrYzK', 'teacher', 2, '2025-12-27T01:30:05.686Z', 502);
INSERT INTO subject (name, classId, teacherId, id) VALUES ('Computer Science', 20, 502, 120);
INSERT INTO user (userName, email, password, role, schoolId, classId, createdAt, id) VALUES ('Student_Class 10-B_1', 'student_class10-b_0@school.com', '$2b$10$Qy3JFAtzk0AAWTOX2w2F0upESHTDjxG37ncd7T7OfOUWERSZMrYzK', 'student', 2, 20, '2025-12-27T01:30:05.686Z', 503);
INSERT INTO studentGrades (studentId, subjectId, classId, score, id) VALUES (503, 115, 20, 80, 2281);
INSERT INTO studentGrades (studentId, subjectId, classId, score, id) VALUES (503, 116, 20, 56, 2282);
INSERT INTO studentGrades (studentId, subjectId, classId, score, id) VALUES (503, 117, 20, 51, 2283);
INSERT INTO studentGrades (studentId, subjectId, classId, score, id) VALUES (503, 118, 20, 70, 2284);
INSERT INTO studentGrades (studentId, subjectId, classId, score, id) VALUES (503, 119, 20, 42, 2285);
INSERT INTO studentGrades (studentId, subjectId, classId, score, id) VALUES (503, 120, 20, 52, 2286);
INSERT INTO user (userName, email, password, role, schoolId, classId, createdAt, id) VALUES ('Student_Class 10-B_2', 'student_class10-b_1@school.com', '$2b$10$Qy3JFAtzk0AAWTOX2w2F0upESHTDjxG37ncd7T7OfOUWERSZMrYzK', 'student', 2, 20, '2025-12-27T01:30:05.686Z', 504);
INSERT INTO studentGrades (studentId, subjectId, classId, score, id) VALUES (504, 115, 20, 54, 2287);
INSERT INTO studentGrades (studentId, subjectId, classId, score, id) VALUES (504, 116, 20, 52, 2288);
INSERT INTO studentGrades (studentId, subjectId, classId, score, id) VALUES (504, 117, 20, 91, 2289);
INSERT INTO studentGrades (studentId, subjectId, classId, score, id) VALUES (504, 118, 20, 82, 2290);
INSERT INTO studentGrades (studentId, subjectId, classId, score, id) VALUES (504, 119, 20, 97, 2291);
INSERT INTO studentGrades (studentId, subjectId, classId, score, id) VALUES (504, 120, 20, 81, 2292);
INSERT INTO user (userName, email, password, role, schoolId, classId, createdAt, id) VALUES ('Student_Class 10-B_3', 'student_class10-b_2@school.com', '$2b$10$Qy3JFAtzk0AAWTOX2w2F0upESHTDjxG37ncd7T7OfOUWERSZMrYzK', 'student', 2, 20, '2025-12-27T01:30:05.686Z', 505);
INSERT INTO studentGrades (studentId, subjectId, classId, score, id) VALUES (505, 115, 20, 53, 2293);
INSERT INTO studentGrades (studentId, subjectId, classId, score, id) VALUES (505, 116, 20, 60, 2294);
INSERT INTO studentGrades (studentId, subjectId, classId, score, id) VALUES (505, 117, 20, 90, 2295);
INSERT INTO studentGrades (studentId, subjectId, classId, score, id) VALUES (505, 118, 20, 43, 2296);
INSERT INTO studentGrades (studentId, subjectId, classId, score, id) VALUES (505, 119, 20, 80, 2297);
INSERT INTO studentGrades (studentId, subjectId, classId, score, id) VALUES (505, 120, 20, 91, 2298);
INSERT INTO user (userName, email, password, role, schoolId, classId, createdAt, id) VALUES ('Student_Class 10-B_4', 'student_class10-b_3@school.com', '$2b$10$Qy3JFAtzk0AAWTOX2w2F0upESHTDjxG37ncd7T7OfOUWERSZMrYzK', 'student', 2, 20, '2025-12-27T01:30:05.686Z', 506);
INSERT INTO studentGrades (studentId, subjectId, classId, score, id) VALUES (506, 115, 20, 54, 2299);
INSERT INTO studentGrades (studentId, subjectId, classId, score, id) VALUES (506, 116, 20, 75, 2300);
INSERT INTO studentGrades (studentId, subjectId, classId, score, id) VALUES (506, 117, 20, 43, 2301);
INSERT INTO studentGrades (studentId, subjectId, classId, score, id) VALUES (506, 118, 20, 95, 2302);
INSERT INTO studentGrades (studentId, subjectId, classId, score, id) VALUES (506, 119, 20, 49, 2303);
INSERT INTO studentGrades (studentId, subjectId, classId, score, id) VALUES (506, 120, 20, 41, 2304);
INSERT INTO user (userName, email, password, role, schoolId, classId, createdAt, id) VALUES ('Student_Class 10-B_5', 'student_class10-b_4@school.com', '$2b$10$Qy3JFAtzk0AAWTOX2w2F0upESHTDjxG37ncd7T7OfOUWERSZMrYzK', 'student', 2, 20, '2025-12-27T01:30:05.686Z', 507);
INSERT INTO studentGrades (studentId, subjectId, classId, score, id) VALUES (507, 115, 20, 89, 2305);
INSERT INTO studentGrades (studentId, subjectId, classId, score, id) VALUES (507, 116, 20, 81, 2306);
INSERT INTO studentGrades (studentId, subjectId, classId, score, id) VALUES (507, 117, 20, 56, 2307);
INSERT INTO studentGrades (studentId, subjectId, classId, score, id) VALUES (507, 118, 20, 87, 2308);
INSERT INTO studentGrades (studentId, subjectId, classId, score, id) VALUES (507, 119, 20, 94, 2309);
INSERT INTO studentGrades (studentId, subjectId, classId, score, id) VALUES (507, 120, 20, 46, 2310);
INSERT INTO user (userName, email, password, role, schoolId, classId, createdAt, id) VALUES ('Student_Class 10-B_6', 'student_class10-b_5@school.com', '$2b$10$Qy3JFAtzk0AAWTOX2w2F0upESHTDjxG37ncd7T7OfOUWERSZMrYzK', 'student', 2, 20, '2025-12-27T01:30:05.686Z', 508);
INSERT INTO studentGrades (studentId, subjectId, classId, score, id) VALUES (508, 115, 20, 67, 2311);
INSERT INTO studentGrades (studentId, subjectId, classId, score, id) VALUES (508, 116, 20, 56, 2312);
INSERT INTO studentGrades (studentId, subjectId, classId, score, id) VALUES (508, 117, 20, 47, 2313);
INSERT INTO studentGrades (studentId, subjectId, classId, score, id) VALUES (508, 118, 20, 45, 2314);
INSERT INTO studentGrades (studentId, subjectId, classId, score, id) VALUES (508, 119, 20, 77, 2315);
INSERT INTO studentGrades (studentId, subjectId, classId, score, id) VALUES (508, 120, 20, 72, 2316);
INSERT INTO user (userName, email, password, role, schoolId, classId, createdAt, id) VALUES ('Student_Class 10-B_7', 'student_class10-b_6@school.com', '$2b$10$Qy3JFAtzk0AAWTOX2w2F0upESHTDjxG37ncd7T7OfOUWERSZMrYzK', 'student', 2, 20, '2025-12-27T01:30:05.686Z', 509);
INSERT INTO studentGrades (studentId, subjectId, classId, score, id) VALUES (509, 115, 20, 55, 2317);
INSERT INTO studentGrades (studentId, subjectId, classId, score, id) VALUES (509, 116, 20, 83, 2318);
INSERT INTO studentGrades (studentId, subjectId, classId, score, id) VALUES (509, 117, 20, 79, 2319);
INSERT INTO studentGrades (studentId, subjectId, classId, score, id) VALUES (509, 118, 20, 69, 2320);
INSERT INTO studentGrades (studentId, subjectId, classId, score, id) VALUES (509, 119, 20, 82, 2321);
INSERT INTO studentGrades (studentId, subjectId, classId, score, id) VALUES (509, 120, 20, 68, 2322);
INSERT INTO user (userName, email, password, role, schoolId, classId, createdAt, id) VALUES ('Student_Class 10-B_8', 'student_class10-b_7@school.com', '$2b$10$Qy3JFAtzk0AAWTOX2w2F0upESHTDjxG37ncd7T7OfOUWERSZMrYzK', 'student', 2, 20, '2025-12-27T01:30:05.686Z', 510);
INSERT INTO studentGrades (studentId, subjectId, classId, score, id) VALUES (510, 115, 20, 87, 2323);
INSERT INTO studentGrades (studentId, subjectId, classId, score, id) VALUES (510, 116, 20, 58, 2324);
INSERT INTO studentGrades (studentId, subjectId, classId, score, id) VALUES (510, 117, 20, 49, 2325);
INSERT INTO studentGrades (studentId, subjectId, classId, score, id) VALUES (510, 118, 20, 42, 2326);
INSERT INTO studentGrades (studentId, subjectId, classId, score, id) VALUES (510, 119, 20, 96, 2327);
INSERT INTO studentGrades (studentId, subjectId, classId, score, id) VALUES (510, 120, 20, 84, 2328);
INSERT INTO user (userName, email, password, role, schoolId, classId, createdAt, id) VALUES ('Student_Class 10-B_9', 'student_class10-b_8@school.com', '$2b$10$Qy3JFAtzk0AAWTOX2w2F0upESHTDjxG37ncd7T7OfOUWERSZMrYzK', 'student', 2, 20, '2025-12-27T01:30:05.686Z', 511);
INSERT INTO studentGrades (studentId, subjectId, classId, score, id) VALUES (511, 115, 20, 40, 2329);
INSERT INTO studentGrades (studentId, subjectId, classId, score, id) VALUES (511, 116, 20, 80, 2330);
INSERT INTO studentGrades (studentId, subjectId, classId, score, id) VALUES (511, 117, 20, 72, 2331);
INSERT INTO studentGrades (studentId, subjectId, classId, score, id) VALUES (511, 118, 20, 44, 2332);
INSERT INTO studentGrades (studentId, subjectId, classId, score, id) VALUES (511, 119, 20, 92, 2333);
INSERT INTO studentGrades (studentId, subjectId, classId, score, id) VALUES (511, 120, 20, 43, 2334);
INSERT INTO user (userName, email, password, role, schoolId, classId, createdAt, id) VALUES ('Student_Class 10-B_10', 'student_class10-b_9@school.com', '$2b$10$Qy3JFAtzk0AAWTOX2w2F0upESHTDjxG37ncd7T7OfOUWERSZMrYzK', 'student', 2, 20, '2025-12-27T01:30:05.686Z', 512);
INSERT INTO studentGrades (studentId, subjectId, classId, score, id) VALUES (512, 115, 20, 72, 2335);
INSERT INTO studentGrades (studentId, subjectId, classId, score, id) VALUES (512, 116, 20, 88, 2336);
INSERT INTO studentGrades (studentId, subjectId, classId, score, id) VALUES (512, 117, 20, 87, 2337);
INSERT INTO studentGrades (studentId, subjectId, classId, score, id) VALUES (512, 118, 20, 57, 2338);
INSERT INTO studentGrades (studentId, subjectId, classId, score, id) VALUES (512, 119, 20, 50, 2339);
INSERT INTO studentGrades (studentId, subjectId, classId, score, id) VALUES (512, 120, 20, 88, 2340);
INSERT INTO user (userName, email, password, role, schoolId, classId, createdAt, id) VALUES ('Student_Class 10-B_11', 'student_class10-b_10@school.com', '$2b$10$Qy3JFAtzk0AAWTOX2w2F0upESHTDjxG37ncd7T7OfOUWERSZMrYzK', 'student', 2, 20, '2025-12-27T01:30:05.686Z', 513);
INSERT INTO studentGrades (studentId, subjectId, classId, score, id) VALUES (513, 115, 20, 56, 2341);
INSERT INTO studentGrades (studentId, subjectId, classId, score, id) VALUES (513, 116, 20, 61, 2342);
INSERT INTO studentGrades (studentId, subjectId, classId, score, id) VALUES (513, 117, 20, 73, 2343);
INSERT INTO studentGrades (studentId, subjectId, classId, score, id) VALUES (513, 118, 20, 82, 2344);
INSERT INTO studentGrades (studentId, subjectId, classId, score, id) VALUES (513, 119, 20, 59, 2345);
INSERT INTO studentGrades (studentId, subjectId, classId, score, id) VALUES (513, 120, 20, 75, 2346);
INSERT INTO user (userName, email, password, role, schoolId, classId, createdAt, id) VALUES ('Student_Class 10-B_12', 'student_class10-b_11@school.com', '$2b$10$Qy3JFAtzk0AAWTOX2w2F0upESHTDjxG37ncd7T7OfOUWERSZMrYzK', 'student', 2, 20, '2025-12-27T01:30:05.686Z', 514);
INSERT INTO studentGrades (studentId, subjectId, classId, score, id) VALUES (514, 115, 20, 69, 2347);
INSERT INTO studentGrades (studentId, subjectId, classId, score, id) VALUES (514, 116, 20, 51, 2348);
INSERT INTO studentGrades (studentId, subjectId, classId, score, id) VALUES (514, 117, 20, 62, 2349);
INSERT INTO studentGrades (studentId, subjectId, classId, score, id) VALUES (514, 118, 20, 65, 2350);
INSERT INTO studentGrades (studentId, subjectId, classId, score, id) VALUES (514, 119, 20, 84, 2351);
INSERT INTO studentGrades (studentId, subjectId, classId, score, id) VALUES (514, 120, 20, 52, 2352);
INSERT INTO user (userName, email, password, role, schoolId, classId, createdAt, id) VALUES ('Student_Class 10-B_13', 'student_class10-b_12@school.com', '$2b$10$Qy3JFAtzk0AAWTOX2w2F0upESHTDjxG37ncd7T7OfOUWERSZMrYzK', 'student', 2, 20, '2025-12-27T01:30:05.686Z', 515);
INSERT INTO studentGrades (studentId, subjectId, classId, score, id) VALUES (515, 115, 20, 98, 2353);
INSERT INTO studentGrades (studentId, subjectId, classId, score, id) VALUES (515, 116, 20, 62, 2354);
INSERT INTO studentGrades (studentId, subjectId, classId, score, id) VALUES (515, 117, 20, 94, 2355);
INSERT INTO studentGrades (studentId, subjectId, classId, score, id) VALUES (515, 118, 20, 52, 2356);
INSERT INTO studentGrades (studentId, subjectId, classId, score, id) VALUES (515, 119, 20, 67, 2357);
INSERT INTO studentGrades (studentId, subjectId, classId, score, id) VALUES (515, 120, 20, 50, 2358);
INSERT INTO user (userName, email, password, role, schoolId, classId, createdAt, id) VALUES ('Student_Class 10-B_14', 'student_class10-b_13@school.com', '$2b$10$Qy3JFAtzk0AAWTOX2w2F0upESHTDjxG37ncd7T7OfOUWERSZMrYzK', 'student', 2, 20, '2025-12-27T01:30:05.686Z', 516);
INSERT INTO studentGrades (studentId, subjectId, classId, score, id) VALUES (516, 115, 20, 66, 2359);
INSERT INTO studentGrades (studentId, subjectId, classId, score, id) VALUES (516, 116, 20, 55, 2360);
INSERT INTO studentGrades (studentId, subjectId, classId, score, id) VALUES (516, 117, 20, 77, 2361);
INSERT INTO studentGrades (studentId, subjectId, classId, score, id) VALUES (516, 118, 20, 90, 2362);
INSERT INTO studentGrades (studentId, subjectId, classId, score, id) VALUES (516, 119, 20, 80, 2363);
INSERT INTO studentGrades (studentId, subjectId, classId, score, id) VALUES (516, 120, 20, 100, 2364);
INSERT INTO user (userName, email, password, role, schoolId, classId, createdAt, id) VALUES ('Student_Class 10-B_15', 'student_class10-b_14@school.com', '$2b$10$Qy3JFAtzk0AAWTOX2w2F0upESHTDjxG37ncd7T7OfOUWERSZMrYzK', 'student', 2, 20, '2025-12-27T01:30:05.686Z', 517);
INSERT INTO studentGrades (studentId, subjectId, classId, score, id) VALUES (517, 115, 20, 46, 2365);
INSERT INTO studentGrades (studentId, subjectId, classId, score, id) VALUES (517, 116, 20, 53, 2366);
INSERT INTO studentGrades (studentId, subjectId, classId, score, id) VALUES (517, 117, 20, 81, 2367);
INSERT INTO studentGrades (studentId, subjectId, classId, score, id) VALUES (517, 118, 20, 95, 2368);
INSERT INTO studentGrades (studentId, subjectId, classId, score, id) VALUES (517, 119, 20, 70, 2369);
INSERT INTO studentGrades (studentId, subjectId, classId, score, id) VALUES (517, 120, 20, 43, 2370);
INSERT INTO user (userName, email, password, role, schoolId, classId, createdAt, id) VALUES ('Student_Class 10-B_16', 'student_class10-b_15@school.com', '$2b$10$Qy3JFAtzk0AAWTOX2w2F0upESHTDjxG37ncd7T7OfOUWERSZMrYzK', 'student', 2, 20, '2025-12-27T01:30:05.686Z', 518);
INSERT INTO studentGrades (studentId, subjectId, classId, score, id) VALUES (518, 115, 20, 53, 2371);
INSERT INTO studentGrades (studentId, subjectId, classId, score, id) VALUES (518, 116, 20, 63, 2372);
INSERT INTO studentGrades (studentId, subjectId, classId, score, id) VALUES (518, 117, 20, 62, 2373);
INSERT INTO studentGrades (studentId, subjectId, classId, score, id) VALUES (518, 118, 20, 72, 2374);
INSERT INTO studentGrades (studentId, subjectId, classId, score, id) VALUES (518, 119, 20, 87, 2375);
INSERT INTO studentGrades (studentId, subjectId, classId, score, id) VALUES (518, 120, 20, 43, 2376);
INSERT INTO user (userName, email, password, role, schoolId, classId, createdAt, id) VALUES ('Student_Class 10-B_17', 'student_class10-b_16@school.com', '$2b$10$Qy3JFAtzk0AAWTOX2w2F0upESHTDjxG37ncd7T7OfOUWERSZMrYzK', 'student', 2, 20, '2025-12-27T01:30:05.687Z', 519);
INSERT INTO studentGrades (studentId, subjectId, classId, score, id) VALUES (519, 115, 20, 61, 2377);
INSERT INTO studentGrades (studentId, subjectId, classId, score, id) VALUES (519, 116, 20, 100, 2378);
INSERT INTO studentGrades (studentId, subjectId, classId, score, id) VALUES (519, 117, 20, 79, 2379);
INSERT INTO studentGrades (studentId, subjectId, classId, score, id) VALUES (519, 118, 20, 86, 2380);
INSERT INTO studentGrades (studentId, subjectId, classId, score, id) VALUES (519, 119, 20, 65, 2381);
INSERT INTO studentGrades (studentId, subjectId, classId, score, id) VALUES (519, 120, 20, 83, 2382);
INSERT INTO user (userName, email, password, role, schoolId, classId, createdAt, id) VALUES ('Student_Class 10-B_18', 'student_class10-b_17@school.com', '$2b$10$Qy3JFAtzk0AAWTOX2w2F0upESHTDjxG37ncd7T7OfOUWERSZMrYzK', 'student', 2, 20, '2025-12-27T01:30:05.687Z', 520);
INSERT INTO studentGrades (studentId, subjectId, classId, score, id) VALUES (520, 115, 20, 86, 2383);
INSERT INTO studentGrades (studentId, subjectId, classId, score, id) VALUES (520, 116, 20, 86, 2384);
INSERT INTO studentGrades (studentId, subjectId, classId, score, id) VALUES (520, 117, 20, 96, 2385);
INSERT INTO studentGrades (studentId, subjectId, classId, score, id) VALUES (520, 118, 20, 44, 2386);
INSERT INTO studentGrades (studentId, subjectId, classId, score, id) VALUES (520, 119, 20, 41, 2387);
INSERT INTO studentGrades (studentId, subjectId, classId, score, id) VALUES (520, 120, 20, 85, 2388);
INSERT INTO user (userName, email, password, role, schoolId, classId, createdAt, id) VALUES ('Student_Class 10-B_19', 'student_class10-b_18@school.com', '$2b$10$Qy3JFAtzk0AAWTOX2w2F0upESHTDjxG37ncd7T7OfOUWERSZMrYzK', 'student', 2, 20, '2025-12-27T01:30:05.687Z', 521);
INSERT INTO studentGrades (studentId, subjectId, classId, score, id) VALUES (521, 115, 20, 44, 2389);
INSERT INTO studentGrades (studentId, subjectId, classId, score, id) VALUES (521, 116, 20, 69, 2390);
INSERT INTO studentGrades (studentId, subjectId, classId, score, id) VALUES (521, 117, 20, 54, 2391);
INSERT INTO studentGrades (studentId, subjectId, classId, score, id) VALUES (521, 118, 20, 86, 2392);
INSERT INTO studentGrades (studentId, subjectId, classId, score, id) VALUES (521, 119, 20, 54, 2393);
INSERT INTO studentGrades (studentId, subjectId, classId, score, id) VALUES (521, 120, 20, 47, 2394);
INSERT INTO user (userName, email, password, role, schoolId, classId, createdAt, id) VALUES ('Student_Class 10-B_20', 'student_class10-b_19@school.com', '$2b$10$Qy3JFAtzk0AAWTOX2w2F0upESHTDjxG37ncd7T7OfOUWERSZMrYzK', 'student', 2, 20, '2025-12-27T01:30:05.687Z', 522);
INSERT INTO studentGrades (studentId, subjectId, classId, score, id) VALUES (522, 115, 20, 52, 2395);
INSERT INTO studentGrades (studentId, subjectId, classId, score, id) VALUES (522, 116, 20, 54, 2396);
INSERT INTO studentGrades (studentId, subjectId, classId, score, id) VALUES (522, 117, 20, 75, 2397);
INSERT INTO studentGrades (studentId, subjectId, classId, score, id) VALUES (522, 118, 20, 56, 2398);
INSERT INTO studentGrades (studentId, subjectId, classId, score, id) VALUES (522, 119, 20, 59, 2399);
INSERT INTO studentGrades (studentId, subjectId, classId, score, id) VALUES (522, 120, 20, 98, 2400);
INSERT INTO schedule (classId, subjectId, day, startTime, endTime, id) VALUES (20, 115, 'Sunday', '08:00', '09:00', 571);
INSERT INTO schedule (classId, subjectId, day, startTime, endTime, id) VALUES (20, 116, 'Sunday', '09:00', '10:00', 572);
INSERT INTO schedule (classId, subjectId, day, startTime, endTime, id) VALUES (20, 117, 'Sunday', '10:00', '11:00', 573);
INSERT INTO schedule (classId, subjectId, day, startTime, endTime, id) VALUES (20, 118, 'Sunday', '11:00', '12:00', 574);
INSERT INTO schedule (classId, subjectId, day, startTime, endTime, id) VALUES (20, 119, 'Sunday', '12:00', '13:00', 575);
INSERT INTO schedule (classId, subjectId, day, startTime, endTime, id) VALUES (20, 120, 'Sunday', '13:00', '14:00', 576);
INSERT INTO schedule (classId, subjectId, day, startTime, endTime, id) VALUES (20, 115, 'Monday', '08:00', '09:00', 577);
INSERT INTO schedule (classId, subjectId, day, startTime, endTime, id) VALUES (20, 116, 'Monday', '09:00', '10:00', 578);
INSERT INTO schedule (classId, subjectId, day, startTime, endTime, id) VALUES (20, 117, 'Monday', '10:00', '11:00', 579);
INSERT INTO schedule (classId, subjectId, day, startTime, endTime, id) VALUES (20, 118, 'Monday', '11:00', '12:00', 580);
INSERT INTO schedule (classId, subjectId, day, startTime, endTime, id) VALUES (20, 119, 'Monday', '12:00', '13:00', 581);
INSERT INTO schedule (classId, subjectId, day, startTime, endTime, id) VALUES (20, 120, 'Monday', '13:00', '14:00', 582);
INSERT INTO schedule (classId, subjectId, day, startTime, endTime, id) VALUES (20, 115, 'Tuesday', '08:00', '09:00', 583);
INSERT INTO schedule (classId, subjectId, day, startTime, endTime, id) VALUES (20, 116, 'Tuesday', '09:00', '10:00', 584);
INSERT INTO schedule (classId, subjectId, day, startTime, endTime, id) VALUES (20, 117, 'Tuesday', '10:00', '11:00', 585);
INSERT INTO schedule (classId, subjectId, day, startTime, endTime, id) VALUES (20, 118, 'Tuesday', '11:00', '12:00', 586);
INSERT INTO schedule (classId, subjectId, day, startTime, endTime, id) VALUES (20, 119, 'Tuesday', '12:00', '13:00', 587);
INSERT INTO schedule (classId, subjectId, day, startTime, endTime, id) VALUES (20, 120, 'Tuesday', '13:00', '14:00', 588);
INSERT INTO schedule (classId, subjectId, day, startTime, endTime, id) VALUES (20, 115, 'Wednesday', '08:00', '09:00', 589);
INSERT INTO schedule (classId, subjectId, day, startTime, endTime, id) VALUES (20, 116, 'Wednesday', '09:00', '10:00', 590);
INSERT INTO schedule (classId, subjectId, day, startTime, endTime, id) VALUES (20, 117, 'Wednesday', '10:00', '11:00', 591);
INSERT INTO schedule (classId, subjectId, day, startTime, endTime, id) VALUES (20, 118, 'Wednesday', '11:00', '12:00', 592);
INSERT INTO schedule (classId, subjectId, day, startTime, endTime, id) VALUES (20, 119, 'Wednesday', '12:00', '13:00', 593);
INSERT INTO schedule (classId, subjectId, day, startTime, endTime, id) VALUES (20, 120, 'Wednesday', '13:00', '14:00', 594);
INSERT INTO schedule (classId, subjectId, day, startTime, endTime, id) VALUES (20, 115, 'Thursday', '08:00', '09:00', 595);
INSERT INTO schedule (classId, subjectId, day, startTime, endTime, id) VALUES (20, 116, 'Thursday', '09:00', '10:00', 596);
INSERT INTO schedule (classId, subjectId, day, startTime, endTime, id) VALUES (20, 117, 'Thursday', '10:00', '11:00', 597);
INSERT INTO schedule (classId, subjectId, day, startTime, endTime, id) VALUES (20, 118, 'Thursday', '11:00', '12:00', 598);
INSERT INTO schedule (classId, subjectId, day, startTime, endTime, id) VALUES (20, 119, 'Thursday', '12:00', '13:00', 599);
INSERT INTO schedule (classId, subjectId, day, startTime, endTime, id) VALUES (20, 120, 'Thursday', '13:00', '14:00', 600);