PRAGMA foreign_keys = OFF;
DELETE FROM examSubmissions;
DELETE FROM questions;
DELETE FROM exams;
DELETE FROM studentGrades;
DELETE FROM schedule;
DELETE FROM subject;
DELETE FROM user;
DELETE FROM classRoom;
DELETE FROM school;
DELETE FROM sqlite_sequence;
PRAGMA foreign_keys = ON;
INSERT INTO school (name, id) VALUES ('EduDash International School', 1);
INSERT INTO user (userName, email, password, role, schoolId, createdAt, id) VALUES ('School Manager', 'admin@edudash.com', '$2b$10$s.PA0yLyULbLz34xWc.3/ube65h6e1DNLNkmnQ2QlOrWSLpMH.KFi', 'admin', 1, '2025-12-28T21:39:29.355Z', 1);
INSERT INTO user (userName, email, password, role, schoolId, createdAt, id) VALUES ('Teacher 1', 'teacher1@edudash.com', '$2b$10$s.PA0yLyULbLz34xWc.3/ube65h6e1DNLNkmnQ2QlOrWSLpMH.KFi', 'teacher', 1, '2025-12-28T21:39:29.355Z', 2);
INSERT INTO user (userName, email, password, role, schoolId, createdAt, id) VALUES ('Teacher 2', 'teacher2@edudash.com', '$2b$10$s.PA0yLyULbLz34xWc.3/ube65h6e1DNLNkmnQ2QlOrWSLpMH.KFi', 'teacher', 1, '2025-12-28T21:39:29.355Z', 3);
INSERT INTO user (userName, email, password, role, schoolId, createdAt, id) VALUES ('Teacher 3', 'teacher3@edudash.com', '$2b$10$s.PA0yLyULbLz34xWc.3/ube65h6e1DNLNkmnQ2QlOrWSLpMH.KFi', 'teacher', 1, '2025-12-28T21:39:29.355Z', 4);
INSERT INTO user (userName, email, password, role, schoolId, createdAt, id) VALUES ('Teacher 4', 'teacher4@edudash.com', '$2b$10$s.PA0yLyULbLz34xWc.3/ube65h6e1DNLNkmnQ2QlOrWSLpMH.KFi', 'teacher', 1, '2025-12-28T21:39:29.355Z', 5);
INSERT INTO user (userName, email, password, role, schoolId, createdAt, id) VALUES ('Teacher 5', 'teacher5@edudash.com', '$2b$10$s.PA0yLyULbLz34xWc.3/ube65h6e1DNLNkmnQ2QlOrWSLpMH.KFi', 'teacher', 1, '2025-12-28T21:39:29.355Z', 6);
INSERT INTO user (userName, email, password, role, schoolId, createdAt, id) VALUES ('Teacher 6', 'teacher6@edudash.com', '$2b$10$s.PA0yLyULbLz34xWc.3/ube65h6e1DNLNkmnQ2QlOrWSLpMH.KFi', 'teacher', 1, '2025-12-28T21:39:29.355Z', 7);
INSERT INTO user (userName, email, password, role, schoolId, createdAt, id) VALUES ('Teacher 7', 'teacher7@edudash.com', '$2b$10$s.PA0yLyULbLz34xWc.3/ube65h6e1DNLNkmnQ2QlOrWSLpMH.KFi', 'teacher', 1, '2025-12-28T21:39:29.355Z', 8);
INSERT INTO user (userName, email, password, role, schoolId, createdAt, id) VALUES ('Teacher 8', 'teacher8@edudash.com', '$2b$10$s.PA0yLyULbLz34xWc.3/ube65h6e1DNLNkmnQ2QlOrWSLpMH.KFi', 'teacher', 1, '2025-12-28T21:39:29.355Z', 9);
INSERT INTO user (userName, email, password, role, schoolId, createdAt, id) VALUES ('Teacher 9', 'teacher9@edudash.com', '$2b$10$s.PA0yLyULbLz34xWc.3/ube65h6e1DNLNkmnQ2QlOrWSLpMH.KFi', 'teacher', 1, '2025-12-28T21:39:29.355Z', 10);
INSERT INTO user (userName, email, password, role, schoolId, createdAt, id) VALUES ('Teacher 10', 'teacher10@edudash.com', '$2b$10$s.PA0yLyULbLz34xWc.3/ube65h6e1DNLNkmnQ2QlOrWSLpMH.KFi', 'teacher', 1, '2025-12-28T21:39:29.355Z', 11);
INSERT INTO classRoom (name, schoolId, id) VALUES ('Grade 1', 1, 1);
INSERT INTO subject (name, classId, teacherId, id) VALUES ('Mathematics', 1, 2, 1);
INSERT INTO exams (title, description, durationInMinutes, subjectId, classId, teacherId, createdAt, id) VALUES ('Mathematics Midterm', 'Midterm examination for Mathematics', 60, 1, 1, 2, '2025-12-28T21:39:29.355Z', 1);
INSERT INTO questions (examId, questionText, options, correctAnswerIndex, points, id) VALUES (1, 'Sample Question 1 for Mathematics?', '["Option A","Option B","Option C","Option D"]', 0, 20, 1);
INSERT INTO questions (examId, questionText, options, correctAnswerIndex, points, id) VALUES (1, 'Sample Question 2 for Mathematics?', '["Option A","Option B","Option C","Option D"]', 0, 20, 2);
INSERT INTO questions (examId, questionText, options, correctAnswerIndex, points, id) VALUES (1, 'Sample Question 3 for Mathematics?', '["Option A","Option B","Option C","Option D"]', 0, 20, 3);
INSERT INTO questions (examId, questionText, options, correctAnswerIndex, points, id) VALUES (1, 'Sample Question 4 for Mathematics?', '["Option A","Option B","Option C","Option D"]', 0, 20, 4);
INSERT INTO questions (examId, questionText, options, correctAnswerIndex, points, id) VALUES (1, 'Sample Question 5 for Mathematics?', '["Option A","Option B","Option C","Option D"]', 0, 20, 5);
INSERT INTO subject (name, classId, teacherId, id) VALUES ('Physics', 1, 3, 2);
INSERT INTO exams (title, description, durationInMinutes, subjectId, classId, teacherId, createdAt, id) VALUES ('Physics Midterm', 'Midterm examination for Physics', 60, 2, 1, 3, '2025-12-28T21:39:29.355Z', 2);
INSERT INTO questions (examId, questionText, options, correctAnswerIndex, points, id) VALUES (2, 'Sample Question 1 for Physics?', '["Option A","Option B","Option C","Option D"]', 0, 20, 6);
INSERT INTO questions (examId, questionText, options, correctAnswerIndex, points, id) VALUES (2, 'Sample Question 2 for Physics?', '["Option A","Option B","Option C","Option D"]', 0, 20, 7);
INSERT INTO questions (examId, questionText, options, correctAnswerIndex, points, id) VALUES (2, 'Sample Question 3 for Physics?', '["Option A","Option B","Option C","Option D"]', 0, 20, 8);
INSERT INTO questions (examId, questionText, options, correctAnswerIndex, points, id) VALUES (2, 'Sample Question 4 for Physics?', '["Option A","Option B","Option C","Option D"]', 0, 20, 9);
INSERT INTO questions (examId, questionText, options, correctAnswerIndex, points, id) VALUES (2, 'Sample Question 5 for Physics?', '["Option A","Option B","Option C","Option D"]', 0, 20, 10);
INSERT INTO subject (name, classId, teacherId, id) VALUES ('Chemistry', 1, 4, 3);
INSERT INTO exams (title, description, durationInMinutes, subjectId, classId, teacherId, createdAt, id) VALUES ('Chemistry Midterm', 'Midterm examination for Chemistry', 60, 3, 1, 4, '2025-12-28T21:39:29.355Z', 3);
INSERT INTO questions (examId, questionText, options, correctAnswerIndex, points, id) VALUES (3, 'Sample Question 1 for Chemistry?', '["Option A","Option B","Option C","Option D"]', 0, 20, 11);
INSERT INTO questions (examId, questionText, options, correctAnswerIndex, points, id) VALUES (3, 'Sample Question 2 for Chemistry?', '["Option A","Option B","Option C","Option D"]', 0, 20, 12);
INSERT INTO questions (examId, questionText, options, correctAnswerIndex, points, id) VALUES (3, 'Sample Question 3 for Chemistry?', '["Option A","Option B","Option C","Option D"]', 0, 20, 13);
INSERT INTO questions (examId, questionText, options, correctAnswerIndex, points, id) VALUES (3, 'Sample Question 4 for Chemistry?', '["Option A","Option B","Option C","Option D"]', 0, 20, 14);
INSERT INTO questions (examId, questionText, options, correctAnswerIndex, points, id) VALUES (3, 'Sample Question 5 for Chemistry?', '["Option A","Option B","Option C","Option D"]', 0, 20, 15);
INSERT INTO subject (name, classId, teacherId, id) VALUES ('Biology', 1, 5, 4);
INSERT INTO exams (title, description, durationInMinutes, subjectId, classId, teacherId, createdAt, id) VALUES ('Biology Midterm', 'Midterm examination for Biology', 60, 4, 1, 5, '2025-12-28T21:39:29.355Z', 4);
INSERT INTO questions (examId, questionText, options, correctAnswerIndex, points, id) VALUES (4, 'Sample Question 1 for Biology?', '["Option A","Option B","Option C","Option D"]', 0, 20, 16);
INSERT INTO questions (examId, questionText, options, correctAnswerIndex, points, id) VALUES (4, 'Sample Question 2 for Biology?', '["Option A","Option B","Option C","Option D"]', 0, 20, 17);
INSERT INTO questions (examId, questionText, options, correctAnswerIndex, points, id) VALUES (4, 'Sample Question 3 for Biology?', '["Option A","Option B","Option C","Option D"]', 0, 20, 18);
INSERT INTO questions (examId, questionText, options, correctAnswerIndex, points, id) VALUES (4, 'Sample Question 4 for Biology?', '["Option A","Option B","Option C","Option D"]', 0, 20, 19);
INSERT INTO questions (examId, questionText, options, correctAnswerIndex, points, id) VALUES (4, 'Sample Question 5 for Biology?', '["Option A","Option B","Option C","Option D"]', 0, 20, 20);
INSERT INTO subject (name, classId, teacherId, id) VALUES ('English', 1, 6, 5);
INSERT INTO exams (title, description, durationInMinutes, subjectId, classId, teacherId, createdAt, id) VALUES ('English Midterm', 'Midterm examination for English', 60, 5, 1, 6, '2025-12-28T21:39:29.355Z', 5);
INSERT INTO questions (examId, questionText, options, correctAnswerIndex, points, id) VALUES (5, 'Sample Question 1 for English?', '["Option A","Option B","Option C","Option D"]', 0, 20, 21);
INSERT INTO questions (examId, questionText, options, correctAnswerIndex, points, id) VALUES (5, 'Sample Question 2 for English?', '["Option A","Option B","Option C","Option D"]', 0, 20, 22);
INSERT INTO questions (examId, questionText, options, correctAnswerIndex, points, id) VALUES (5, 'Sample Question 3 for English?', '["Option A","Option B","Option C","Option D"]', 0, 20, 23);
INSERT INTO questions (examId, questionText, options, correctAnswerIndex, points, id) VALUES (5, 'Sample Question 4 for English?', '["Option A","Option B","Option C","Option D"]', 0, 20, 24);
INSERT INTO questions (examId, questionText, options, correctAnswerIndex, points, id) VALUES (5, 'Sample Question 5 for English?', '["Option A","Option B","Option C","Option D"]', 0, 20, 25);
INSERT INTO subject (name, classId, teacherId, id) VALUES ('History', 1, 7, 6);
INSERT INTO exams (title, description, durationInMinutes, subjectId, classId, teacherId, createdAt, id) VALUES ('History Midterm', 'Midterm examination for History', 60, 6, 1, 7, '2025-12-28T21:39:29.355Z', 6);
INSERT INTO questions (examId, questionText, options, correctAnswerIndex, points, id) VALUES (6, 'Sample Question 1 for History?', '["Option A","Option B","Option C","Option D"]', 0, 20, 26);
INSERT INTO questions (examId, questionText, options, correctAnswerIndex, points, id) VALUES (6, 'Sample Question 2 for History?', '["Option A","Option B","Option C","Option D"]', 0, 20, 27);
INSERT INTO questions (examId, questionText, options, correctAnswerIndex, points, id) VALUES (6, 'Sample Question 3 for History?', '["Option A","Option B","Option C","Option D"]', 0, 20, 28);
INSERT INTO questions (examId, questionText, options, correctAnswerIndex, points, id) VALUES (6, 'Sample Question 4 for History?', '["Option A","Option B","Option C","Option D"]', 0, 20, 29);
INSERT INTO questions (examId, questionText, options, correctAnswerIndex, points, id) VALUES (6, 'Sample Question 5 for History?', '["Option A","Option B","Option C","Option D"]', 0, 20, 30);
INSERT INTO classRoom (name, schoolId, id) VALUES ('Grade 2', 1, 2);
INSERT INTO subject (name, classId, teacherId, id) VALUES ('Mathematics', 2, 3, 7);
INSERT INTO exams (title, description, durationInMinutes, subjectId, classId, teacherId, createdAt, id) VALUES ('Mathematics Midterm', 'Midterm examination for Mathematics', 60, 7, 2, 3, '2025-12-28T21:39:29.355Z', 7);
INSERT INTO questions (examId, questionText, options, correctAnswerIndex, points, id) VALUES (7, 'Sample Question 1 for Mathematics?', '["Option A","Option B","Option C","Option D"]', 0, 20, 31);
INSERT INTO questions (examId, questionText, options, correctAnswerIndex, points, id) VALUES (7, 'Sample Question 2 for Mathematics?', '["Option A","Option B","Option C","Option D"]', 0, 20, 32);
INSERT INTO questions (examId, questionText, options, correctAnswerIndex, points, id) VALUES (7, 'Sample Question 3 for Mathematics?', '["Option A","Option B","Option C","Option D"]', 0, 20, 33);
INSERT INTO questions (examId, questionText, options, correctAnswerIndex, points, id) VALUES (7, 'Sample Question 4 for Mathematics?', '["Option A","Option B","Option C","Option D"]', 0, 20, 34);
INSERT INTO questions (examId, questionText, options, correctAnswerIndex, points, id) VALUES (7, 'Sample Question 5 for Mathematics?', '["Option A","Option B","Option C","Option D"]', 0, 20, 35);
INSERT INTO subject (name, classId, teacherId, id) VALUES ('Physics', 2, 4, 8);
INSERT INTO exams (title, description, durationInMinutes, subjectId, classId, teacherId, createdAt, id) VALUES ('Physics Midterm', 'Midterm examination for Physics', 60, 8, 2, 4, '2025-12-28T21:39:29.355Z', 8);
INSERT INTO questions (examId, questionText, options, correctAnswerIndex, points, id) VALUES (8, 'Sample Question 1 for Physics?', '["Option A","Option B","Option C","Option D"]', 0, 20, 36);
INSERT INTO questions (examId, questionText, options, correctAnswerIndex, points, id) VALUES (8, 'Sample Question 2 for Physics?', '["Option A","Option B","Option C","Option D"]', 0, 20, 37);
INSERT INTO questions (examId, questionText, options, correctAnswerIndex, points, id) VALUES (8, 'Sample Question 3 for Physics?', '["Option A","Option B","Option C","Option D"]', 0, 20, 38);
INSERT INTO questions (examId, questionText, options, correctAnswerIndex, points, id) VALUES (8, 'Sample Question 4 for Physics?', '["Option A","Option B","Option C","Option D"]', 0, 20, 39);
INSERT INTO questions (examId, questionText, options, correctAnswerIndex, points, id) VALUES (8, 'Sample Question 5 for Physics?', '["Option A","Option B","Option C","Option D"]', 0, 20, 40);
INSERT INTO subject (name, classId, teacherId, id) VALUES ('Chemistry', 2, 5, 9);
INSERT INTO exams (title, description, durationInMinutes, subjectId, classId, teacherId, createdAt, id) VALUES ('Chemistry Midterm', 'Midterm examination for Chemistry', 60, 9, 2, 5, '2025-12-28T21:39:29.355Z', 9);
INSERT INTO questions (examId, questionText, options, correctAnswerIndex, points, id) VALUES (9, 'Sample Question 1 for Chemistry?', '["Option A","Option B","Option C","Option D"]', 0, 20, 41);
INSERT INTO questions (examId, questionText, options, correctAnswerIndex, points, id) VALUES (9, 'Sample Question 2 for Chemistry?', '["Option A","Option B","Option C","Option D"]', 0, 20, 42);
INSERT INTO questions (examId, questionText, options, correctAnswerIndex, points, id) VALUES (9, 'Sample Question 3 for Chemistry?', '["Option A","Option B","Option C","Option D"]', 0, 20, 43);
INSERT INTO questions (examId, questionText, options, correctAnswerIndex, points, id) VALUES (9, 'Sample Question 4 for Chemistry?', '["Option A","Option B","Option C","Option D"]', 0, 20, 44);
INSERT INTO questions (examId, questionText, options, correctAnswerIndex, points, id) VALUES (9, 'Sample Question 5 for Chemistry?', '["Option A","Option B","Option C","Option D"]', 0, 20, 45);
INSERT INTO subject (name, classId, teacherId, id) VALUES ('Biology', 2, 6, 10);
INSERT INTO exams (title, description, durationInMinutes, subjectId, classId, teacherId, createdAt, id) VALUES ('Biology Midterm', 'Midterm examination for Biology', 60, 10, 2, 6, '2025-12-28T21:39:29.355Z', 10);
INSERT INTO questions (examId, questionText, options, correctAnswerIndex, points, id) VALUES (10, 'Sample Question 1 for Biology?', '["Option A","Option B","Option C","Option D"]', 0, 20, 46);
INSERT INTO questions (examId, questionText, options, correctAnswerIndex, points, id) VALUES (10, 'Sample Question 2 for Biology?', '["Option A","Option B","Option C","Option D"]', 0, 20, 47);
INSERT INTO questions (examId, questionText, options, correctAnswerIndex, points, id) VALUES (10, 'Sample Question 3 for Biology?', '["Option A","Option B","Option C","Option D"]', 0, 20, 48);
INSERT INTO questions (examId, questionText, options, correctAnswerIndex, points, id) VALUES (10, 'Sample Question 4 for Biology?', '["Option A","Option B","Option C","Option D"]', 0, 20, 49);
INSERT INTO questions (examId, questionText, options, correctAnswerIndex, points, id) VALUES (10, 'Sample Question 5 for Biology?', '["Option A","Option B","Option C","Option D"]', 0, 20, 50);
INSERT INTO subject (name, classId, teacherId, id) VALUES ('English', 2, 7, 11);
INSERT INTO exams (title, description, durationInMinutes, subjectId, classId, teacherId, createdAt, id) VALUES ('English Midterm', 'Midterm examination for English', 60, 11, 2, 7, '2025-12-28T21:39:29.355Z', 11);
INSERT INTO questions (examId, questionText, options, correctAnswerIndex, points, id) VALUES (11, 'Sample Question 1 for English?', '["Option A","Option B","Option C","Option D"]', 0, 20, 51);
INSERT INTO questions (examId, questionText, options, correctAnswerIndex, points, id) VALUES (11, 'Sample Question 2 for English?', '["Option A","Option B","Option C","Option D"]', 0, 20, 52);
INSERT INTO questions (examId, questionText, options, correctAnswerIndex, points, id) VALUES (11, 'Sample Question 3 for English?', '["Option A","Option B","Option C","Option D"]', 0, 20, 53);
INSERT INTO questions (examId, questionText, options, correctAnswerIndex, points, id) VALUES (11, 'Sample Question 4 for English?', '["Option A","Option B","Option C","Option D"]', 0, 20, 54);
INSERT INTO questions (examId, questionText, options, correctAnswerIndex, points, id) VALUES (11, 'Sample Question 5 for English?', '["Option A","Option B","Option C","Option D"]', 0, 20, 55);
INSERT INTO subject (name, classId, teacherId, id) VALUES ('History', 2, 8, 12);
INSERT INTO exams (title, description, durationInMinutes, subjectId, classId, teacherId, createdAt, id) VALUES ('History Midterm', 'Midterm examination for History', 60, 12, 2, 8, '2025-12-28T21:39:29.355Z', 12);
INSERT INTO questions (examId, questionText, options, correctAnswerIndex, points, id) VALUES (12, 'Sample Question 1 for History?', '["Option A","Option B","Option C","Option D"]', 0, 20, 56);
INSERT INTO questions (examId, questionText, options, correctAnswerIndex, points, id) VALUES (12, 'Sample Question 2 for History?', '["Option A","Option B","Option C","Option D"]', 0, 20, 57);
INSERT INTO questions (examId, questionText, options, correctAnswerIndex, points, id) VALUES (12, 'Sample Question 3 for History?', '["Option A","Option B","Option C","Option D"]', 0, 20, 58);
INSERT INTO questions (examId, questionText, options, correctAnswerIndex, points, id) VALUES (12, 'Sample Question 4 for History?', '["Option A","Option B","Option C","Option D"]', 0, 20, 59);
INSERT INTO questions (examId, questionText, options, correctAnswerIndex, points, id) VALUES (12, 'Sample Question 5 for History?', '["Option A","Option B","Option C","Option D"]', 0, 20, 60);
INSERT INTO classRoom (name, schoolId, id) VALUES ('Grade 3', 1, 3);
INSERT INTO subject (name, classId, teacherId, id) VALUES ('Mathematics', 3, 4, 13);
INSERT INTO exams (title, description, durationInMinutes, subjectId, classId, teacherId, createdAt, id) VALUES ('Mathematics Midterm', 'Midterm examination for Mathematics', 60, 13, 3, 4, '2025-12-28T21:39:29.355Z', 13);
INSERT INTO questions (examId, questionText, options, correctAnswerIndex, points, id) VALUES (13, 'Sample Question 1 for Mathematics?', '["Option A","Option B","Option C","Option D"]', 0, 20, 61);
INSERT INTO questions (examId, questionText, options, correctAnswerIndex, points, id) VALUES (13, 'Sample Question 2 for Mathematics?', '["Option A","Option B","Option C","Option D"]', 0, 20, 62);
INSERT INTO questions (examId, questionText, options, correctAnswerIndex, points, id) VALUES (13, 'Sample Question 3 for Mathematics?', '["Option A","Option B","Option C","Option D"]', 0, 20, 63);
INSERT INTO questions (examId, questionText, options, correctAnswerIndex, points, id) VALUES (13, 'Sample Question 4 for Mathematics?', '["Option A","Option B","Option C","Option D"]', 0, 20, 64);
INSERT INTO questions (examId, questionText, options, correctAnswerIndex, points, id) VALUES (13, 'Sample Question 5 for Mathematics?', '["Option A","Option B","Option C","Option D"]', 0, 20, 65);
INSERT INTO subject (name, classId, teacherId, id) VALUES ('Physics', 3, 5, 14);
INSERT INTO exams (title, description, durationInMinutes, subjectId, classId, teacherId, createdAt, id) VALUES ('Physics Midterm', 'Midterm examination for Physics', 60, 14, 3, 5, '2025-12-28T21:39:29.355Z', 14);
INSERT INTO questions (examId, questionText, options, correctAnswerIndex, points, id) VALUES (14, 'Sample Question 1 for Physics?', '["Option A","Option B","Option C","Option D"]', 0, 20, 66);
INSERT INTO questions (examId, questionText, options, correctAnswerIndex, points, id) VALUES (14, 'Sample Question 2 for Physics?', '["Option A","Option B","Option C","Option D"]', 0, 20, 67);
INSERT INTO questions (examId, questionText, options, correctAnswerIndex, points, id) VALUES (14, 'Sample Question 3 for Physics?', '["Option A","Option B","Option C","Option D"]', 0, 20, 68);
INSERT INTO questions (examId, questionText, options, correctAnswerIndex, points, id) VALUES (14, 'Sample Question 4 for Physics?', '["Option A","Option B","Option C","Option D"]', 0, 20, 69);
INSERT INTO questions (examId, questionText, options, correctAnswerIndex, points, id) VALUES (14, 'Sample Question 5 for Physics?', '["Option A","Option B","Option C","Option D"]', 0, 20, 70);
INSERT INTO subject (name, classId, teacherId, id) VALUES ('Chemistry', 3, 6, 15);
INSERT INTO exams (title, description, durationInMinutes, subjectId, classId, teacherId, createdAt, id) VALUES ('Chemistry Midterm', 'Midterm examination for Chemistry', 60, 15, 3, 6, '2025-12-28T21:39:29.355Z', 15);
INSERT INTO questions (examId, questionText, options, correctAnswerIndex, points, id) VALUES (15, 'Sample Question 1 for Chemistry?', '["Option A","Option B","Option C","Option D"]', 0, 20, 71);
INSERT INTO questions (examId, questionText, options, correctAnswerIndex, points, id) VALUES (15, 'Sample Question 2 for Chemistry?', '["Option A","Option B","Option C","Option D"]', 0, 20, 72);
INSERT INTO questions (examId, questionText, options, correctAnswerIndex, points, id) VALUES (15, 'Sample Question 3 for Chemistry?', '["Option A","Option B","Option C","Option D"]', 0, 20, 73);
INSERT INTO questions (examId, questionText, options, correctAnswerIndex, points, id) VALUES (15, 'Sample Question 4 for Chemistry?', '["Option A","Option B","Option C","Option D"]', 0, 20, 74);
INSERT INTO questions (examId, questionText, options, correctAnswerIndex, points, id) VALUES (15, 'Sample Question 5 for Chemistry?', '["Option A","Option B","Option C","Option D"]', 0, 20, 75);
INSERT INTO subject (name, classId, teacherId, id) VALUES ('Biology', 3, 7, 16);
INSERT INTO exams (title, description, durationInMinutes, subjectId, classId, teacherId, createdAt, id) VALUES ('Biology Midterm', 'Midterm examination for Biology', 60, 16, 3, 7, '2025-12-28T21:39:29.355Z', 16);
INSERT INTO questions (examId, questionText, options, correctAnswerIndex, points, id) VALUES (16, 'Sample Question 1 for Biology?', '["Option A","Option B","Option C","Option D"]', 0, 20, 76);
INSERT INTO questions (examId, questionText, options, correctAnswerIndex, points, id) VALUES (16, 'Sample Question 2 for Biology?', '["Option A","Option B","Option C","Option D"]', 0, 20, 77);
INSERT INTO questions (examId, questionText, options, correctAnswerIndex, points, id) VALUES (16, 'Sample Question 3 for Biology?', '["Option A","Option B","Option C","Option D"]', 0, 20, 78);
INSERT INTO questions (examId, questionText, options, correctAnswerIndex, points, id) VALUES (16, 'Sample Question 4 for Biology?', '["Option A","Option B","Option C","Option D"]', 0, 20, 79);
INSERT INTO questions (examId, questionText, options, correctAnswerIndex, points, id) VALUES (16, 'Sample Question 5 for Biology?', '["Option A","Option B","Option C","Option D"]', 0, 20, 80);
INSERT INTO subject (name, classId, teacherId, id) VALUES ('English', 3, 8, 17);
INSERT INTO exams (title, description, durationInMinutes, subjectId, classId, teacherId, createdAt, id) VALUES ('English Midterm', 'Midterm examination for English', 60, 17, 3, 8, '2025-12-28T21:39:29.355Z', 17);
INSERT INTO questions (examId, questionText, options, correctAnswerIndex, points, id) VALUES (17, 'Sample Question 1 for English?', '["Option A","Option B","Option C","Option D"]', 0, 20, 81);
INSERT INTO questions (examId, questionText, options, correctAnswerIndex, points, id) VALUES (17, 'Sample Question 2 for English?', '["Option A","Option B","Option C","Option D"]', 0, 20, 82);
INSERT INTO questions (examId, questionText, options, correctAnswerIndex, points, id) VALUES (17, 'Sample Question 3 for English?', '["Option A","Option B","Option C","Option D"]', 0, 20, 83);
INSERT INTO questions (examId, questionText, options, correctAnswerIndex, points, id) VALUES (17, 'Sample Question 4 for English?', '["Option A","Option B","Option C","Option D"]', 0, 20, 84);
INSERT INTO questions (examId, questionText, options, correctAnswerIndex, points, id) VALUES (17, 'Sample Question 5 for English?', '["Option A","Option B","Option C","Option D"]', 0, 20, 85);
INSERT INTO subject (name, classId, teacherId, id) VALUES ('History', 3, 9, 18);
INSERT INTO exams (title, description, durationInMinutes, subjectId, classId, teacherId, createdAt, id) VALUES ('History Midterm', 'Midterm examination for History', 60, 18, 3, 9, '2025-12-28T21:39:29.355Z', 18);
INSERT INTO questions (examId, questionText, options, correctAnswerIndex, points, id) VALUES (18, 'Sample Question 1 for History?', '["Option A","Option B","Option C","Option D"]', 0, 20, 86);
INSERT INTO questions (examId, questionText, options, correctAnswerIndex, points, id) VALUES (18, 'Sample Question 2 for History?', '["Option A","Option B","Option C","Option D"]', 0, 20, 87);
INSERT INTO questions (examId, questionText, options, correctAnswerIndex, points, id) VALUES (18, 'Sample Question 3 for History?', '["Option A","Option B","Option C","Option D"]', 0, 20, 88);
INSERT INTO questions (examId, questionText, options, correctAnswerIndex, points, id) VALUES (18, 'Sample Question 4 for History?', '["Option A","Option B","Option C","Option D"]', 0, 20, 89);
INSERT INTO questions (examId, questionText, options, correctAnswerIndex, points, id) VALUES (18, 'Sample Question 5 for History?', '["Option A","Option B","Option C","Option D"]', 0, 20, 90);
INSERT INTO classRoom (name, schoolId, id) VALUES ('Grade 4', 1, 4);
INSERT INTO subject (name, classId, teacherId, id) VALUES ('Mathematics', 4, 5, 19);
INSERT INTO exams (title, description, durationInMinutes, subjectId, classId, teacherId, createdAt, id) VALUES ('Mathematics Midterm', 'Midterm examination for Mathematics', 60, 19, 4, 5, '2025-12-28T21:39:29.355Z', 19);
INSERT INTO questions (examId, questionText, options, correctAnswerIndex, points, id) VALUES (19, 'Sample Question 1 for Mathematics?', '["Option A","Option B","Option C","Option D"]', 0, 20, 91);
INSERT INTO questions (examId, questionText, options, correctAnswerIndex, points, id) VALUES (19, 'Sample Question 2 for Mathematics?', '["Option A","Option B","Option C","Option D"]', 0, 20, 92);
INSERT INTO questions (examId, questionText, options, correctAnswerIndex, points, id) VALUES (19, 'Sample Question 3 for Mathematics?', '["Option A","Option B","Option C","Option D"]', 0, 20, 93);
INSERT INTO questions (examId, questionText, options, correctAnswerIndex, points, id) VALUES (19, 'Sample Question 4 for Mathematics?', '["Option A","Option B","Option C","Option D"]', 0, 20, 94);
INSERT INTO questions (examId, questionText, options, correctAnswerIndex, points, id) VALUES (19, 'Sample Question 5 for Mathematics?', '["Option A","Option B","Option C","Option D"]', 0, 20, 95);
INSERT INTO subject (name, classId, teacherId, id) VALUES ('Physics', 4, 6, 20);
INSERT INTO exams (title, description, durationInMinutes, subjectId, classId, teacherId, createdAt, id) VALUES ('Physics Midterm', 'Midterm examination for Physics', 60, 20, 4, 6, '2025-12-28T21:39:29.355Z', 20);
INSERT INTO questions (examId, questionText, options, correctAnswerIndex, points, id) VALUES (20, 'Sample Question 1 for Physics?', '["Option A","Option B","Option C","Option D"]', 0, 20, 96);
INSERT INTO questions (examId, questionText, options, correctAnswerIndex, points, id) VALUES (20, 'Sample Question 2 for Physics?', '["Option A","Option B","Option C","Option D"]', 0, 20, 97);
INSERT INTO questions (examId, questionText, options, correctAnswerIndex, points, id) VALUES (20, 'Sample Question 3 for Physics?', '["Option A","Option B","Option C","Option D"]', 0, 20, 98);
INSERT INTO questions (examId, questionText, options, correctAnswerIndex, points, id) VALUES (20, 'Sample Question 4 for Physics?', '["Option A","Option B","Option C","Option D"]', 0, 20, 99);
INSERT INTO questions (examId, questionText, options, correctAnswerIndex, points, id) VALUES (20, 'Sample Question 5 for Physics?', '["Option A","Option B","Option C","Option D"]', 0, 20, 100);
INSERT INTO subject (name, classId, teacherId, id) VALUES ('Chemistry', 4, 7, 21);
INSERT INTO exams (title, description, durationInMinutes, subjectId, classId, teacherId, createdAt, id) VALUES ('Chemistry Midterm', 'Midterm examination for Chemistry', 60, 21, 4, 7, '2025-12-28T21:39:29.355Z', 21);
INSERT INTO questions (examId, questionText, options, correctAnswerIndex, points, id) VALUES (21, 'Sample Question 1 for Chemistry?', '["Option A","Option B","Option C","Option D"]', 0, 20, 101);
INSERT INTO questions (examId, questionText, options, correctAnswerIndex, points, id) VALUES (21, 'Sample Question 2 for Chemistry?', '["Option A","Option B","Option C","Option D"]', 0, 20, 102);
INSERT INTO questions (examId, questionText, options, correctAnswerIndex, points, id) VALUES (21, 'Sample Question 3 for Chemistry?', '["Option A","Option B","Option C","Option D"]', 0, 20, 103);
INSERT INTO questions (examId, questionText, options, correctAnswerIndex, points, id) VALUES (21, 'Sample Question 4 for Chemistry?', '["Option A","Option B","Option C","Option D"]', 0, 20, 104);
INSERT INTO questions (examId, questionText, options, correctAnswerIndex, points, id) VALUES (21, 'Sample Question 5 for Chemistry?', '["Option A","Option B","Option C","Option D"]', 0, 20, 105);
INSERT INTO subject (name, classId, teacherId, id) VALUES ('Biology', 4, 8, 22);
INSERT INTO exams (title, description, durationInMinutes, subjectId, classId, teacherId, createdAt, id) VALUES ('Biology Midterm', 'Midterm examination for Biology', 60, 22, 4, 8, '2025-12-28T21:39:29.355Z', 22);
INSERT INTO questions (examId, questionText, options, correctAnswerIndex, points, id) VALUES (22, 'Sample Question 1 for Biology?', '["Option A","Option B","Option C","Option D"]', 0, 20, 106);
INSERT INTO questions (examId, questionText, options, correctAnswerIndex, points, id) VALUES (22, 'Sample Question 2 for Biology?', '["Option A","Option B","Option C","Option D"]', 0, 20, 107);
INSERT INTO questions (examId, questionText, options, correctAnswerIndex, points, id) VALUES (22, 'Sample Question 3 for Biology?', '["Option A","Option B","Option C","Option D"]', 0, 20, 108);
INSERT INTO questions (examId, questionText, options, correctAnswerIndex, points, id) VALUES (22, 'Sample Question 4 for Biology?', '["Option A","Option B","Option C","Option D"]', 0, 20, 109);
INSERT INTO questions (examId, questionText, options, correctAnswerIndex, points, id) VALUES (22, 'Sample Question 5 for Biology?', '["Option A","Option B","Option C","Option D"]', 0, 20, 110);
INSERT INTO subject (name, classId, teacherId, id) VALUES ('English', 4, 9, 23);
INSERT INTO exams (title, description, durationInMinutes, subjectId, classId, teacherId, createdAt, id) VALUES ('English Midterm', 'Midterm examination for English', 60, 23, 4, 9, '2025-12-28T21:39:29.355Z', 23);
INSERT INTO questions (examId, questionText, options, correctAnswerIndex, points, id) VALUES (23, 'Sample Question 1 for English?', '["Option A","Option B","Option C","Option D"]', 0, 20, 111);
INSERT INTO questions (examId, questionText, options, correctAnswerIndex, points, id) VALUES (23, 'Sample Question 2 for English?', '["Option A","Option B","Option C","Option D"]', 0, 20, 112);
INSERT INTO questions (examId, questionText, options, correctAnswerIndex, points, id) VALUES (23, 'Sample Question 3 for English?', '["Option A","Option B","Option C","Option D"]', 0, 20, 113);
INSERT INTO questions (examId, questionText, options, correctAnswerIndex, points, id) VALUES (23, 'Sample Question 4 for English?', '["Option A","Option B","Option C","Option D"]', 0, 20, 114);
INSERT INTO questions (examId, questionText, options, correctAnswerIndex, points, id) VALUES (23, 'Sample Question 5 for English?', '["Option A","Option B","Option C","Option D"]', 0, 20, 115);
INSERT INTO subject (name, classId, teacherId, id) VALUES ('History', 4, 10, 24);
INSERT INTO exams (title, description, durationInMinutes, subjectId, classId, teacherId, createdAt, id) VALUES ('History Midterm', 'Midterm examination for History', 60, 24, 4, 10, '2025-12-28T21:39:29.355Z', 24);
INSERT INTO questions (examId, questionText, options, correctAnswerIndex, points, id) VALUES (24, 'Sample Question 1 for History?', '["Option A","Option B","Option C","Option D"]', 0, 20, 116);
INSERT INTO questions (examId, questionText, options, correctAnswerIndex, points, id) VALUES (24, 'Sample Question 2 for History?', '["Option A","Option B","Option C","Option D"]', 0, 20, 117);
INSERT INTO questions (examId, questionText, options, correctAnswerIndex, points, id) VALUES (24, 'Sample Question 3 for History?', '["Option A","Option B","Option C","Option D"]', 0, 20, 118);
INSERT INTO questions (examId, questionText, options, correctAnswerIndex, points, id) VALUES (24, 'Sample Question 4 for History?', '["Option A","Option B","Option C","Option D"]', 0, 20, 119);
INSERT INTO questions (examId, questionText, options, correctAnswerIndex, points, id) VALUES (24, 'Sample Question 5 for History?', '["Option A","Option B","Option C","Option D"]', 0, 20, 120);
INSERT INTO classRoom (name, schoolId, id) VALUES ('Grade 5', 1, 5);
INSERT INTO subject (name, classId, teacherId, id) VALUES ('Mathematics', 5, 6, 25);
INSERT INTO exams (title, description, durationInMinutes, subjectId, classId, teacherId, createdAt, id) VALUES ('Mathematics Midterm', 'Midterm examination for Mathematics', 60, 25, 5, 6, '2025-12-28T21:39:29.355Z', 25);
INSERT INTO questions (examId, questionText, options, correctAnswerIndex, points, id) VALUES (25, 'Sample Question 1 for Mathematics?', '["Option A","Option B","Option C","Option D"]', 0, 20, 121);
INSERT INTO questions (examId, questionText, options, correctAnswerIndex, points, id) VALUES (25, 'Sample Question 2 for Mathematics?', '["Option A","Option B","Option C","Option D"]', 0, 20, 122);
INSERT INTO questions (examId, questionText, options, correctAnswerIndex, points, id) VALUES (25, 'Sample Question 3 for Mathematics?', '["Option A","Option B","Option C","Option D"]', 0, 20, 123);
INSERT INTO questions (examId, questionText, options, correctAnswerIndex, points, id) VALUES (25, 'Sample Question 4 for Mathematics?', '["Option A","Option B","Option C","Option D"]', 0, 20, 124);
INSERT INTO questions (examId, questionText, options, correctAnswerIndex, points, id) VALUES (25, 'Sample Question 5 for Mathematics?', '["Option A","Option B","Option C","Option D"]', 0, 20, 125);
INSERT INTO subject (name, classId, teacherId, id) VALUES ('Physics', 5, 7, 26);
INSERT INTO exams (title, description, durationInMinutes, subjectId, classId, teacherId, createdAt, id) VALUES ('Physics Midterm', 'Midterm examination for Physics', 60, 26, 5, 7, '2025-12-28T21:39:29.355Z', 26);
INSERT INTO questions (examId, questionText, options, correctAnswerIndex, points, id) VALUES (26, 'Sample Question 1 for Physics?', '["Option A","Option B","Option C","Option D"]', 0, 20, 126);
INSERT INTO questions (examId, questionText, options, correctAnswerIndex, points, id) VALUES (26, 'Sample Question 2 for Physics?', '["Option A","Option B","Option C","Option D"]', 0, 20, 127);
INSERT INTO questions (examId, questionText, options, correctAnswerIndex, points, id) VALUES (26, 'Sample Question 3 for Physics?', '["Option A","Option B","Option C","Option D"]', 0, 20, 128);
INSERT INTO questions (examId, questionText, options, correctAnswerIndex, points, id) VALUES (26, 'Sample Question 4 for Physics?', '["Option A","Option B","Option C","Option D"]', 0, 20, 129);
INSERT INTO questions (examId, questionText, options, correctAnswerIndex, points, id) VALUES (26, 'Sample Question 5 for Physics?', '["Option A","Option B","Option C","Option D"]', 0, 20, 130);
INSERT INTO subject (name, classId, teacherId, id) VALUES ('Chemistry', 5, 8, 27);
INSERT INTO exams (title, description, durationInMinutes, subjectId, classId, teacherId, createdAt, id) VALUES ('Chemistry Midterm', 'Midterm examination for Chemistry', 60, 27, 5, 8, '2025-12-28T21:39:29.355Z', 27);
INSERT INTO questions (examId, questionText, options, correctAnswerIndex, points, id) VALUES (27, 'Sample Question 1 for Chemistry?', '["Option A","Option B","Option C","Option D"]', 0, 20, 131);
INSERT INTO questions (examId, questionText, options, correctAnswerIndex, points, id) VALUES (27, 'Sample Question 2 for Chemistry?', '["Option A","Option B","Option C","Option D"]', 0, 20, 132);
INSERT INTO questions (examId, questionText, options, correctAnswerIndex, points, id) VALUES (27, 'Sample Question 3 for Chemistry?', '["Option A","Option B","Option C","Option D"]', 0, 20, 133);
INSERT INTO questions (examId, questionText, options, correctAnswerIndex, points, id) VALUES (27, 'Sample Question 4 for Chemistry?', '["Option A","Option B","Option C","Option D"]', 0, 20, 134);
INSERT INTO questions (examId, questionText, options, correctAnswerIndex, points, id) VALUES (27, 'Sample Question 5 for Chemistry?', '["Option A","Option B","Option C","Option D"]', 0, 20, 135);
INSERT INTO subject (name, classId, teacherId, id) VALUES ('Biology', 5, 9, 28);
INSERT INTO exams (title, description, durationInMinutes, subjectId, classId, teacherId, createdAt, id) VALUES ('Biology Midterm', 'Midterm examination for Biology', 60, 28, 5, 9, '2025-12-28T21:39:29.355Z', 28);
INSERT INTO questions (examId, questionText, options, correctAnswerIndex, points, id) VALUES (28, 'Sample Question 1 for Biology?', '["Option A","Option B","Option C","Option D"]', 0, 20, 136);
INSERT INTO questions (examId, questionText, options, correctAnswerIndex, points, id) VALUES (28, 'Sample Question 2 for Biology?', '["Option A","Option B","Option C","Option D"]', 0, 20, 137);
INSERT INTO questions (examId, questionText, options, correctAnswerIndex, points, id) VALUES (28, 'Sample Question 3 for Biology?', '["Option A","Option B","Option C","Option D"]', 0, 20, 138);
INSERT INTO questions (examId, questionText, options, correctAnswerIndex, points, id) VALUES (28, 'Sample Question 4 for Biology?', '["Option A","Option B","Option C","Option D"]', 0, 20, 139);
INSERT INTO questions (examId, questionText, options, correctAnswerIndex, points, id) VALUES (28, 'Sample Question 5 for Biology?', '["Option A","Option B","Option C","Option D"]', 0, 20, 140);
INSERT INTO subject (name, classId, teacherId, id) VALUES ('English', 5, 10, 29);
INSERT INTO exams (title, description, durationInMinutes, subjectId, classId, teacherId, createdAt, id) VALUES ('English Midterm', 'Midterm examination for English', 60, 29, 5, 10, '2025-12-28T21:39:29.355Z', 29);
INSERT INTO questions (examId, questionText, options, correctAnswerIndex, points, id) VALUES (29, 'Sample Question 1 for English?', '["Option A","Option B","Option C","Option D"]', 0, 20, 141);
INSERT INTO questions (examId, questionText, options, correctAnswerIndex, points, id) VALUES (29, 'Sample Question 2 for English?', '["Option A","Option B","Option C","Option D"]', 0, 20, 142);
INSERT INTO questions (examId, questionText, options, correctAnswerIndex, points, id) VALUES (29, 'Sample Question 3 for English?', '["Option A","Option B","Option C","Option D"]', 0, 20, 143);
INSERT INTO questions (examId, questionText, options, correctAnswerIndex, points, id) VALUES (29, 'Sample Question 4 for English?', '["Option A","Option B","Option C","Option D"]', 0, 20, 144);
INSERT INTO questions (examId, questionText, options, correctAnswerIndex, points, id) VALUES (29, 'Sample Question 5 for English?', '["Option A","Option B","Option C","Option D"]', 0, 20, 145);
INSERT INTO subject (name, classId, teacherId, id) VALUES ('History', 5, 11, 30);
INSERT INTO exams (title, description, durationInMinutes, subjectId, classId, teacherId, createdAt, id) VALUES ('History Midterm', 'Midterm examination for History', 60, 30, 5, 11, '2025-12-28T21:39:29.355Z', 30);
INSERT INTO questions (examId, questionText, options, correctAnswerIndex, points, id) VALUES (30, 'Sample Question 1 for History?', '["Option A","Option B","Option C","Option D"]', 0, 20, 146);
INSERT INTO questions (examId, questionText, options, correctAnswerIndex, points, id) VALUES (30, 'Sample Question 2 for History?', '["Option A","Option B","Option C","Option D"]', 0, 20, 147);
INSERT INTO questions (examId, questionText, options, correctAnswerIndex, points, id) VALUES (30, 'Sample Question 3 for History?', '["Option A","Option B","Option C","Option D"]', 0, 20, 148);
INSERT INTO questions (examId, questionText, options, correctAnswerIndex, points, id) VALUES (30, 'Sample Question 4 for History?', '["Option A","Option B","Option C","Option D"]', 0, 20, 149);
INSERT INTO questions (examId, questionText, options, correctAnswerIndex, points, id) VALUES (30, 'Sample Question 5 for History?', '["Option A","Option B","Option C","Option D"]', 0, 20, 150);
INSERT INTO classRoom (name, schoolId, id) VALUES ('Grade 6', 1, 6);
INSERT INTO subject (name, classId, teacherId, id) VALUES ('Mathematics', 6, 7, 31);
INSERT INTO exams (title, description, durationInMinutes, subjectId, classId, teacherId, createdAt, id) VALUES ('Mathematics Midterm', 'Midterm examination for Mathematics', 60, 31, 6, 7, '2025-12-28T21:39:29.355Z', 31);
INSERT INTO questions (examId, questionText, options, correctAnswerIndex, points, id) VALUES (31, 'Sample Question 1 for Mathematics?', '["Option A","Option B","Option C","Option D"]', 0, 20, 151);
INSERT INTO questions (examId, questionText, options, correctAnswerIndex, points, id) VALUES (31, 'Sample Question 2 for Mathematics?', '["Option A","Option B","Option C","Option D"]', 0, 20, 152);
INSERT INTO questions (examId, questionText, options, correctAnswerIndex, points, id) VALUES (31, 'Sample Question 3 for Mathematics?', '["Option A","Option B","Option C","Option D"]', 0, 20, 153);
INSERT INTO questions (examId, questionText, options, correctAnswerIndex, points, id) VALUES (31, 'Sample Question 4 for Mathematics?', '["Option A","Option B","Option C","Option D"]', 0, 20, 154);
INSERT INTO questions (examId, questionText, options, correctAnswerIndex, points, id) VALUES (31, 'Sample Question 5 for Mathematics?', '["Option A","Option B","Option C","Option D"]', 0, 20, 155);
INSERT INTO subject (name, classId, teacherId, id) VALUES ('Physics', 6, 8, 32);
INSERT INTO exams (title, description, durationInMinutes, subjectId, classId, teacherId, createdAt, id) VALUES ('Physics Midterm', 'Midterm examination for Physics', 60, 32, 6, 8, '2025-12-28T21:39:29.355Z', 32);
INSERT INTO questions (examId, questionText, options, correctAnswerIndex, points, id) VALUES (32, 'Sample Question 1 for Physics?', '["Option A","Option B","Option C","Option D"]', 0, 20, 156);
INSERT INTO questions (examId, questionText, options, correctAnswerIndex, points, id) VALUES (32, 'Sample Question 2 for Physics?', '["Option A","Option B","Option C","Option D"]', 0, 20, 157);
INSERT INTO questions (examId, questionText, options, correctAnswerIndex, points, id) VALUES (32, 'Sample Question 3 for Physics?', '["Option A","Option B","Option C","Option D"]', 0, 20, 158);
INSERT INTO questions (examId, questionText, options, correctAnswerIndex, points, id) VALUES (32, 'Sample Question 4 for Physics?', '["Option A","Option B","Option C","Option D"]', 0, 20, 159);
INSERT INTO questions (examId, questionText, options, correctAnswerIndex, points, id) VALUES (32, 'Sample Question 5 for Physics?', '["Option A","Option B","Option C","Option D"]', 0, 20, 160);
INSERT INTO subject (name, classId, teacherId, id) VALUES ('Chemistry', 6, 9, 33);
INSERT INTO exams (title, description, durationInMinutes, subjectId, classId, teacherId, createdAt, id) VALUES ('Chemistry Midterm', 'Midterm examination for Chemistry', 60, 33, 6, 9, '2025-12-28T21:39:29.355Z', 33);
INSERT INTO questions (examId, questionText, options, correctAnswerIndex, points, id) VALUES (33, 'Sample Question 1 for Chemistry?', '["Option A","Option B","Option C","Option D"]', 0, 20, 161);
INSERT INTO questions (examId, questionText, options, correctAnswerIndex, points, id) VALUES (33, 'Sample Question 2 for Chemistry?', '["Option A","Option B","Option C","Option D"]', 0, 20, 162);
INSERT INTO questions (examId, questionText, options, correctAnswerIndex, points, id) VALUES (33, 'Sample Question 3 for Chemistry?', '["Option A","Option B","Option C","Option D"]', 0, 20, 163);
INSERT INTO questions (examId, questionText, options, correctAnswerIndex, points, id) VALUES (33, 'Sample Question 4 for Chemistry?', '["Option A","Option B","Option C","Option D"]', 0, 20, 164);
INSERT INTO questions (examId, questionText, options, correctAnswerIndex, points, id) VALUES (33, 'Sample Question 5 for Chemistry?', '["Option A","Option B","Option C","Option D"]', 0, 20, 165);
INSERT INTO subject (name, classId, teacherId, id) VALUES ('Biology', 6, 10, 34);
INSERT INTO exams (title, description, durationInMinutes, subjectId, classId, teacherId, createdAt, id) VALUES ('Biology Midterm', 'Midterm examination for Biology', 60, 34, 6, 10, '2025-12-28T21:39:29.355Z', 34);
INSERT INTO questions (examId, questionText, options, correctAnswerIndex, points, id) VALUES (34, 'Sample Question 1 for Biology?', '["Option A","Option B","Option C","Option D"]', 0, 20, 166);
INSERT INTO questions (examId, questionText, options, correctAnswerIndex, points, id) VALUES (34, 'Sample Question 2 for Biology?', '["Option A","Option B","Option C","Option D"]', 0, 20, 167);
INSERT INTO questions (examId, questionText, options, correctAnswerIndex, points, id) VALUES (34, 'Sample Question 3 for Biology?', '["Option A","Option B","Option C","Option D"]', 0, 20, 168);
INSERT INTO questions (examId, questionText, options, correctAnswerIndex, points, id) VALUES (34, 'Sample Question 4 for Biology?', '["Option A","Option B","Option C","Option D"]', 0, 20, 169);
INSERT INTO questions (examId, questionText, options, correctAnswerIndex, points, id) VALUES (34, 'Sample Question 5 for Biology?', '["Option A","Option B","Option C","Option D"]', 0, 20, 170);
INSERT INTO subject (name, classId, teacherId, id) VALUES ('English', 6, 11, 35);
INSERT INTO exams (title, description, durationInMinutes, subjectId, classId, teacherId, createdAt, id) VALUES ('English Midterm', 'Midterm examination for English', 60, 35, 6, 11, '2025-12-28T21:39:29.355Z', 35);
INSERT INTO questions (examId, questionText, options, correctAnswerIndex, points, id) VALUES (35, 'Sample Question 1 for English?', '["Option A","Option B","Option C","Option D"]', 0, 20, 171);
INSERT INTO questions (examId, questionText, options, correctAnswerIndex, points, id) VALUES (35, 'Sample Question 2 for English?', '["Option A","Option B","Option C","Option D"]', 0, 20, 172);
INSERT INTO questions (examId, questionText, options, correctAnswerIndex, points, id) VALUES (35, 'Sample Question 3 for English?', '["Option A","Option B","Option C","Option D"]', 0, 20, 173);
INSERT INTO questions (examId, questionText, options, correctAnswerIndex, points, id) VALUES (35, 'Sample Question 4 for English?', '["Option A","Option B","Option C","Option D"]', 0, 20, 174);
INSERT INTO questions (examId, questionText, options, correctAnswerIndex, points, id) VALUES (35, 'Sample Question 5 for English?', '["Option A","Option B","Option C","Option D"]', 0, 20, 175);
INSERT INTO subject (name, classId, teacherId, id) VALUES ('History', 6, 2, 36);
INSERT INTO exams (title, description, durationInMinutes, subjectId, classId, teacherId, createdAt, id) VALUES ('History Midterm', 'Midterm examination for History', 60, 36, 6, 2, '2025-12-28T21:39:29.355Z', 36);
INSERT INTO questions (examId, questionText, options, correctAnswerIndex, points, id) VALUES (36, 'Sample Question 1 for History?', '["Option A","Option B","Option C","Option D"]', 0, 20, 176);
INSERT INTO questions (examId, questionText, options, correctAnswerIndex, points, id) VALUES (36, 'Sample Question 2 for History?', '["Option A","Option B","Option C","Option D"]', 0, 20, 177);
INSERT INTO questions (examId, questionText, options, correctAnswerIndex, points, id) VALUES (36, 'Sample Question 3 for History?', '["Option A","Option B","Option C","Option D"]', 0, 20, 178);
INSERT INTO questions (examId, questionText, options, correctAnswerIndex, points, id) VALUES (36, 'Sample Question 4 for History?', '["Option A","Option B","Option C","Option D"]', 0, 20, 179);
INSERT INTO questions (examId, questionText, options, correctAnswerIndex, points, id) VALUES (36, 'Sample Question 5 for History?', '["Option A","Option B","Option C","Option D"]', 0, 20, 180);
INSERT INTO classRoom (name, schoolId, id) VALUES ('Grade 7', 1, 7);
INSERT INTO subject (name, classId, teacherId, id) VALUES ('Mathematics', 7, 8, 37);
INSERT INTO exams (title, description, durationInMinutes, subjectId, classId, teacherId, createdAt, id) VALUES ('Mathematics Midterm', 'Midterm examination for Mathematics', 60, 37, 7, 8, '2025-12-28T21:39:29.355Z', 37);
INSERT INTO questions (examId, questionText, options, correctAnswerIndex, points, id) VALUES (37, 'Sample Question 1 for Mathematics?', '["Option A","Option B","Option C","Option D"]', 0, 20, 181);
INSERT INTO questions (examId, questionText, options, correctAnswerIndex, points, id) VALUES (37, 'Sample Question 2 for Mathematics?', '["Option A","Option B","Option C","Option D"]', 0, 20, 182);
INSERT INTO questions (examId, questionText, options, correctAnswerIndex, points, id) VALUES (37, 'Sample Question 3 for Mathematics?', '["Option A","Option B","Option C","Option D"]', 0, 20, 183);
INSERT INTO questions (examId, questionText, options, correctAnswerIndex, points, id) VALUES (37, 'Sample Question 4 for Mathematics?', '["Option A","Option B","Option C","Option D"]', 0, 20, 184);
INSERT INTO questions (examId, questionText, options, correctAnswerIndex, points, id) VALUES (37, 'Sample Question 5 for Mathematics?', '["Option A","Option B","Option C","Option D"]', 0, 20, 185);
INSERT INTO subject (name, classId, teacherId, id) VALUES ('Physics', 7, 9, 38);
INSERT INTO exams (title, description, durationInMinutes, subjectId, classId, teacherId, createdAt, id) VALUES ('Physics Midterm', 'Midterm examination for Physics', 60, 38, 7, 9, '2025-12-28T21:39:29.355Z', 38);
INSERT INTO questions (examId, questionText, options, correctAnswerIndex, points, id) VALUES (38, 'Sample Question 1 for Physics?', '["Option A","Option B","Option C","Option D"]', 0, 20, 186);
INSERT INTO questions (examId, questionText, options, correctAnswerIndex, points, id) VALUES (38, 'Sample Question 2 for Physics?', '["Option A","Option B","Option C","Option D"]', 0, 20, 187);
INSERT INTO questions (examId, questionText, options, correctAnswerIndex, points, id) VALUES (38, 'Sample Question 3 for Physics?', '["Option A","Option B","Option C","Option D"]', 0, 20, 188);
INSERT INTO questions (examId, questionText, options, correctAnswerIndex, points, id) VALUES (38, 'Sample Question 4 for Physics?', '["Option A","Option B","Option C","Option D"]', 0, 20, 189);
INSERT INTO questions (examId, questionText, options, correctAnswerIndex, points, id) VALUES (38, 'Sample Question 5 for Physics?', '["Option A","Option B","Option C","Option D"]', 0, 20, 190);
INSERT INTO subject (name, classId, teacherId, id) VALUES ('Chemistry', 7, 10, 39);
INSERT INTO exams (title, description, durationInMinutes, subjectId, classId, teacherId, createdAt, id) VALUES ('Chemistry Midterm', 'Midterm examination for Chemistry', 60, 39, 7, 10, '2025-12-28T21:39:29.355Z', 39);
INSERT INTO questions (examId, questionText, options, correctAnswerIndex, points, id) VALUES (39, 'Sample Question 1 for Chemistry?', '["Option A","Option B","Option C","Option D"]', 0, 20, 191);
INSERT INTO questions (examId, questionText, options, correctAnswerIndex, points, id) VALUES (39, 'Sample Question 2 for Chemistry?', '["Option A","Option B","Option C","Option D"]', 0, 20, 192);
INSERT INTO questions (examId, questionText, options, correctAnswerIndex, points, id) VALUES (39, 'Sample Question 3 for Chemistry?', '["Option A","Option B","Option C","Option D"]', 0, 20, 193);
INSERT INTO questions (examId, questionText, options, correctAnswerIndex, points, id) VALUES (39, 'Sample Question 4 for Chemistry?', '["Option A","Option B","Option C","Option D"]', 0, 20, 194);
INSERT INTO questions (examId, questionText, options, correctAnswerIndex, points, id) VALUES (39, 'Sample Question 5 for Chemistry?', '["Option A","Option B","Option C","Option D"]', 0, 20, 195);
INSERT INTO subject (name, classId, teacherId, id) VALUES ('Biology', 7, 11, 40);
INSERT INTO exams (title, description, durationInMinutes, subjectId, classId, teacherId, createdAt, id) VALUES ('Biology Midterm', 'Midterm examination for Biology', 60, 40, 7, 11, '2025-12-28T21:39:29.355Z', 40);
INSERT INTO questions (examId, questionText, options, correctAnswerIndex, points, id) VALUES (40, 'Sample Question 1 for Biology?', '["Option A","Option B","Option C","Option D"]', 0, 20, 196);
INSERT INTO questions (examId, questionText, options, correctAnswerIndex, points, id) VALUES (40, 'Sample Question 2 for Biology?', '["Option A","Option B","Option C","Option D"]', 0, 20, 197);
INSERT INTO questions (examId, questionText, options, correctAnswerIndex, points, id) VALUES (40, 'Sample Question 3 for Biology?', '["Option A","Option B","Option C","Option D"]', 0, 20, 198);
INSERT INTO questions (examId, questionText, options, correctAnswerIndex, points, id) VALUES (40, 'Sample Question 4 for Biology?', '["Option A","Option B","Option C","Option D"]', 0, 20, 199);
INSERT INTO questions (examId, questionText, options, correctAnswerIndex, points, id) VALUES (40, 'Sample Question 5 for Biology?', '["Option A","Option B","Option C","Option D"]', 0, 20, 200);
INSERT INTO subject (name, classId, teacherId, id) VALUES ('English', 7, 2, 41);
INSERT INTO exams (title, description, durationInMinutes, subjectId, classId, teacherId, createdAt, id) VALUES ('English Midterm', 'Midterm examination for English', 60, 41, 7, 2, '2025-12-28T21:39:29.355Z', 41);
INSERT INTO questions (examId, questionText, options, correctAnswerIndex, points, id) VALUES (41, 'Sample Question 1 for English?', '["Option A","Option B","Option C","Option D"]', 0, 20, 201);
INSERT INTO questions (examId, questionText, options, correctAnswerIndex, points, id) VALUES (41, 'Sample Question 2 for English?', '["Option A","Option B","Option C","Option D"]', 0, 20, 202);
INSERT INTO questions (examId, questionText, options, correctAnswerIndex, points, id) VALUES (41, 'Sample Question 3 for English?', '["Option A","Option B","Option C","Option D"]', 0, 20, 203);
INSERT INTO questions (examId, questionText, options, correctAnswerIndex, points, id) VALUES (41, 'Sample Question 4 for English?', '["Option A","Option B","Option C","Option D"]', 0, 20, 204);
INSERT INTO questions (examId, questionText, options, correctAnswerIndex, points, id) VALUES (41, 'Sample Question 5 for English?', '["Option A","Option B","Option C","Option D"]', 0, 20, 205);
INSERT INTO subject (name, classId, teacherId, id) VALUES ('History', 7, 3, 42);
INSERT INTO exams (title, description, durationInMinutes, subjectId, classId, teacherId, createdAt, id) VALUES ('History Midterm', 'Midterm examination for History', 60, 42, 7, 3, '2025-12-28T21:39:29.355Z', 42);
INSERT INTO questions (examId, questionText, options, correctAnswerIndex, points, id) VALUES (42, 'Sample Question 1 for History?', '["Option A","Option B","Option C","Option D"]', 0, 20, 206);
INSERT INTO questions (examId, questionText, options, correctAnswerIndex, points, id) VALUES (42, 'Sample Question 2 for History?', '["Option A","Option B","Option C","Option D"]', 0, 20, 207);
INSERT INTO questions (examId, questionText, options, correctAnswerIndex, points, id) VALUES (42, 'Sample Question 3 for History?', '["Option A","Option B","Option C","Option D"]', 0, 20, 208);
INSERT INTO questions (examId, questionText, options, correctAnswerIndex, points, id) VALUES (42, 'Sample Question 4 for History?', '["Option A","Option B","Option C","Option D"]', 0, 20, 209);
INSERT INTO questions (examId, questionText, options, correctAnswerIndex, points, id) VALUES (42, 'Sample Question 5 for History?', '["Option A","Option B","Option C","Option D"]', 0, 20, 210);
INSERT INTO classRoom (name, schoolId, id) VALUES ('Grade 8', 1, 8);
INSERT INTO subject (name, classId, teacherId, id) VALUES ('Mathematics', 8, 9, 43);
INSERT INTO exams (title, description, durationInMinutes, subjectId, classId, teacherId, createdAt, id) VALUES ('Mathematics Midterm', 'Midterm examination for Mathematics', 60, 43, 8, 9, '2025-12-28T21:39:29.355Z', 43);
INSERT INTO questions (examId, questionText, options, correctAnswerIndex, points, id) VALUES (43, 'Sample Question 1 for Mathematics?', '["Option A","Option B","Option C","Option D"]', 0, 20, 211);
INSERT INTO questions (examId, questionText, options, correctAnswerIndex, points, id) VALUES (43, 'Sample Question 2 for Mathematics?', '["Option A","Option B","Option C","Option D"]', 0, 20, 212);
INSERT INTO questions (examId, questionText, options, correctAnswerIndex, points, id) VALUES (43, 'Sample Question 3 for Mathematics?', '["Option A","Option B","Option C","Option D"]', 0, 20, 213);
INSERT INTO questions (examId, questionText, options, correctAnswerIndex, points, id) VALUES (43, 'Sample Question 4 for Mathematics?', '["Option A","Option B","Option C","Option D"]', 0, 20, 214);
INSERT INTO questions (examId, questionText, options, correctAnswerIndex, points, id) VALUES (43, 'Sample Question 5 for Mathematics?', '["Option A","Option B","Option C","Option D"]', 0, 20, 215);
INSERT INTO subject (name, classId, teacherId, id) VALUES ('Physics', 8, 10, 44);
INSERT INTO exams (title, description, durationInMinutes, subjectId, classId, teacherId, createdAt, id) VALUES ('Physics Midterm', 'Midterm examination for Physics', 60, 44, 8, 10, '2025-12-28T21:39:29.355Z', 44);
INSERT INTO questions (examId, questionText, options, correctAnswerIndex, points, id) VALUES (44, 'Sample Question 1 for Physics?', '["Option A","Option B","Option C","Option D"]', 0, 20, 216);
INSERT INTO questions (examId, questionText, options, correctAnswerIndex, points, id) VALUES (44, 'Sample Question 2 for Physics?', '["Option A","Option B","Option C","Option D"]', 0, 20, 217);
INSERT INTO questions (examId, questionText, options, correctAnswerIndex, points, id) VALUES (44, 'Sample Question 3 for Physics?', '["Option A","Option B","Option C","Option D"]', 0, 20, 218);
INSERT INTO questions (examId, questionText, options, correctAnswerIndex, points, id) VALUES (44, 'Sample Question 4 for Physics?', '["Option A","Option B","Option C","Option D"]', 0, 20, 219);
INSERT INTO questions (examId, questionText, options, correctAnswerIndex, points, id) VALUES (44, 'Sample Question 5 for Physics?', '["Option A","Option B","Option C","Option D"]', 0, 20, 220);
INSERT INTO subject (name, classId, teacherId, id) VALUES ('Chemistry', 8, 11, 45);
INSERT INTO exams (title, description, durationInMinutes, subjectId, classId, teacherId, createdAt, id) VALUES ('Chemistry Midterm', 'Midterm examination for Chemistry', 60, 45, 8, 11, '2025-12-28T21:39:29.355Z', 45);
INSERT INTO questions (examId, questionText, options, correctAnswerIndex, points, id) VALUES (45, 'Sample Question 1 for Chemistry?', '["Option A","Option B","Option C","Option D"]', 0, 20, 221);
INSERT INTO questions (examId, questionText, options, correctAnswerIndex, points, id) VALUES (45, 'Sample Question 2 for Chemistry?', '["Option A","Option B","Option C","Option D"]', 0, 20, 222);
INSERT INTO questions (examId, questionText, options, correctAnswerIndex, points, id) VALUES (45, 'Sample Question 3 for Chemistry?', '["Option A","Option B","Option C","Option D"]', 0, 20, 223);
INSERT INTO questions (examId, questionText, options, correctAnswerIndex, points, id) VALUES (45, 'Sample Question 4 for Chemistry?', '["Option A","Option B","Option C","Option D"]', 0, 20, 224);
INSERT INTO questions (examId, questionText, options, correctAnswerIndex, points, id) VALUES (45, 'Sample Question 5 for Chemistry?', '["Option A","Option B","Option C","Option D"]', 0, 20, 225);
INSERT INTO subject (name, classId, teacherId, id) VALUES ('Biology', 8, 2, 46);
INSERT INTO exams (title, description, durationInMinutes, subjectId, classId, teacherId, createdAt, id) VALUES ('Biology Midterm', 'Midterm examination for Biology', 60, 46, 8, 2, '2025-12-28T21:39:29.355Z', 46);
INSERT INTO questions (examId, questionText, options, correctAnswerIndex, points, id) VALUES (46, 'Sample Question 1 for Biology?', '["Option A","Option B","Option C","Option D"]', 0, 20, 226);
INSERT INTO questions (examId, questionText, options, correctAnswerIndex, points, id) VALUES (46, 'Sample Question 2 for Biology?', '["Option A","Option B","Option C","Option D"]', 0, 20, 227);
INSERT INTO questions (examId, questionText, options, correctAnswerIndex, points, id) VALUES (46, 'Sample Question 3 for Biology?', '["Option A","Option B","Option C","Option D"]', 0, 20, 228);
INSERT INTO questions (examId, questionText, options, correctAnswerIndex, points, id) VALUES (46, 'Sample Question 4 for Biology?', '["Option A","Option B","Option C","Option D"]', 0, 20, 229);
INSERT INTO questions (examId, questionText, options, correctAnswerIndex, points, id) VALUES (46, 'Sample Question 5 for Biology?', '["Option A","Option B","Option C","Option D"]', 0, 20, 230);
INSERT INTO subject (name, classId, teacherId, id) VALUES ('English', 8, 3, 47);
INSERT INTO exams (title, description, durationInMinutes, subjectId, classId, teacherId, createdAt, id) VALUES ('English Midterm', 'Midterm examination for English', 60, 47, 8, 3, '2025-12-28T21:39:29.355Z', 47);
INSERT INTO questions (examId, questionText, options, correctAnswerIndex, points, id) VALUES (47, 'Sample Question 1 for English?', '["Option A","Option B","Option C","Option D"]', 0, 20, 231);
INSERT INTO questions (examId, questionText, options, correctAnswerIndex, points, id) VALUES (47, 'Sample Question 2 for English?', '["Option A","Option B","Option C","Option D"]', 0, 20, 232);
INSERT INTO questions (examId, questionText, options, correctAnswerIndex, points, id) VALUES (47, 'Sample Question 3 for English?', '["Option A","Option B","Option C","Option D"]', 0, 20, 233);
INSERT INTO questions (examId, questionText, options, correctAnswerIndex, points, id) VALUES (47, 'Sample Question 4 for English?', '["Option A","Option B","Option C","Option D"]', 0, 20, 234);
INSERT INTO questions (examId, questionText, options, correctAnswerIndex, points, id) VALUES (47, 'Sample Question 5 for English?', '["Option A","Option B","Option C","Option D"]', 0, 20, 235);
INSERT INTO subject (name, classId, teacherId, id) VALUES ('History', 8, 4, 48);
INSERT INTO exams (title, description, durationInMinutes, subjectId, classId, teacherId, createdAt, id) VALUES ('History Midterm', 'Midterm examination for History', 60, 48, 8, 4, '2025-12-28T21:39:29.355Z', 48);
INSERT INTO questions (examId, questionText, options, correctAnswerIndex, points, id) VALUES (48, 'Sample Question 1 for History?', '["Option A","Option B","Option C","Option D"]', 0, 20, 236);
INSERT INTO questions (examId, questionText, options, correctAnswerIndex, points, id) VALUES (48, 'Sample Question 2 for History?', '["Option A","Option B","Option C","Option D"]', 0, 20, 237);
INSERT INTO questions (examId, questionText, options, correctAnswerIndex, points, id) VALUES (48, 'Sample Question 3 for History?', '["Option A","Option B","Option C","Option D"]', 0, 20, 238);
INSERT INTO questions (examId, questionText, options, correctAnswerIndex, points, id) VALUES (48, 'Sample Question 4 for History?', '["Option A","Option B","Option C","Option D"]', 0, 20, 239);
INSERT INTO questions (examId, questionText, options, correctAnswerIndex, points, id) VALUES (48, 'Sample Question 5 for History?', '["Option A","Option B","Option C","Option D"]', 0, 20, 240);
INSERT INTO classRoom (name, schoolId, id) VALUES ('Grade 9', 1, 9);
INSERT INTO subject (name, classId, teacherId, id) VALUES ('Mathematics', 9, 10, 49);
INSERT INTO exams (title, description, durationInMinutes, subjectId, classId, teacherId, createdAt, id) VALUES ('Mathematics Midterm', 'Midterm examination for Mathematics', 60, 49, 9, 10, '2025-12-28T21:39:29.355Z', 49);
INSERT INTO questions (examId, questionText, options, correctAnswerIndex, points, id) VALUES (49, 'Sample Question 1 for Mathematics?', '["Option A","Option B","Option C","Option D"]', 0, 20, 241);
INSERT INTO questions (examId, questionText, options, correctAnswerIndex, points, id) VALUES (49, 'Sample Question 2 for Mathematics?', '["Option A","Option B","Option C","Option D"]', 0, 20, 242);
INSERT INTO questions (examId, questionText, options, correctAnswerIndex, points, id) VALUES (49, 'Sample Question 3 for Mathematics?', '["Option A","Option B","Option C","Option D"]', 0, 20, 243);
INSERT INTO questions (examId, questionText, options, correctAnswerIndex, points, id) VALUES (49, 'Sample Question 4 for Mathematics?', '["Option A","Option B","Option C","Option D"]', 0, 20, 244);
INSERT INTO questions (examId, questionText, options, correctAnswerIndex, points, id) VALUES (49, 'Sample Question 5 for Mathematics?', '["Option A","Option B","Option C","Option D"]', 0, 20, 245);
INSERT INTO subject (name, classId, teacherId, id) VALUES ('Physics', 9, 11, 50);
INSERT INTO exams (title, description, durationInMinutes, subjectId, classId, teacherId, createdAt, id) VALUES ('Physics Midterm', 'Midterm examination for Physics', 60, 50, 9, 11, '2025-12-28T21:39:29.355Z', 50);
INSERT INTO questions (examId, questionText, options, correctAnswerIndex, points, id) VALUES (50, 'Sample Question 1 for Physics?', '["Option A","Option B","Option C","Option D"]', 0, 20, 246);
INSERT INTO questions (examId, questionText, options, correctAnswerIndex, points, id) VALUES (50, 'Sample Question 2 for Physics?', '["Option A","Option B","Option C","Option D"]', 0, 20, 247);
INSERT INTO questions (examId, questionText, options, correctAnswerIndex, points, id) VALUES (50, 'Sample Question 3 for Physics?', '["Option A","Option B","Option C","Option D"]', 0, 20, 248);
INSERT INTO questions (examId, questionText, options, correctAnswerIndex, points, id) VALUES (50, 'Sample Question 4 for Physics?', '["Option A","Option B","Option C","Option D"]', 0, 20, 249);
INSERT INTO questions (examId, questionText, options, correctAnswerIndex, points, id) VALUES (50, 'Sample Question 5 for Physics?', '["Option A","Option B","Option C","Option D"]', 0, 20, 250);
INSERT INTO subject (name, classId, teacherId, id) VALUES ('Chemistry', 9, 2, 51);
INSERT INTO exams (title, description, durationInMinutes, subjectId, classId, teacherId, createdAt, id) VALUES ('Chemistry Midterm', 'Midterm examination for Chemistry', 60, 51, 9, 2, '2025-12-28T21:39:29.355Z', 51);
INSERT INTO questions (examId, questionText, options, correctAnswerIndex, points, id) VALUES (51, 'Sample Question 1 for Chemistry?', '["Option A","Option B","Option C","Option D"]', 0, 20, 251);
INSERT INTO questions (examId, questionText, options, correctAnswerIndex, points, id) VALUES (51, 'Sample Question 2 for Chemistry?', '["Option A","Option B","Option C","Option D"]', 0, 20, 252);
INSERT INTO questions (examId, questionText, options, correctAnswerIndex, points, id) VALUES (51, 'Sample Question 3 for Chemistry?', '["Option A","Option B","Option C","Option D"]', 0, 20, 253);
INSERT INTO questions (examId, questionText, options, correctAnswerIndex, points, id) VALUES (51, 'Sample Question 4 for Chemistry?', '["Option A","Option B","Option C","Option D"]', 0, 20, 254);
INSERT INTO questions (examId, questionText, options, correctAnswerIndex, points, id) VALUES (51, 'Sample Question 5 for Chemistry?', '["Option A","Option B","Option C","Option D"]', 0, 20, 255);
INSERT INTO subject (name, classId, teacherId, id) VALUES ('Biology', 9, 3, 52);
INSERT INTO exams (title, description, durationInMinutes, subjectId, classId, teacherId, createdAt, id) VALUES ('Biology Midterm', 'Midterm examination for Biology', 60, 52, 9, 3, '2025-12-28T21:39:29.355Z', 52);
INSERT INTO questions (examId, questionText, options, correctAnswerIndex, points, id) VALUES (52, 'Sample Question 1 for Biology?', '["Option A","Option B","Option C","Option D"]', 0, 20, 256);
INSERT INTO questions (examId, questionText, options, correctAnswerIndex, points, id) VALUES (52, 'Sample Question 2 for Biology?', '["Option A","Option B","Option C","Option D"]', 0, 20, 257);
INSERT INTO questions (examId, questionText, options, correctAnswerIndex, points, id) VALUES (52, 'Sample Question 3 for Biology?', '["Option A","Option B","Option C","Option D"]', 0, 20, 258);
INSERT INTO questions (examId, questionText, options, correctAnswerIndex, points, id) VALUES (52, 'Sample Question 4 for Biology?', '["Option A","Option B","Option C","Option D"]', 0, 20, 259);
INSERT INTO questions (examId, questionText, options, correctAnswerIndex, points, id) VALUES (52, 'Sample Question 5 for Biology?', '["Option A","Option B","Option C","Option D"]', 0, 20, 260);
INSERT INTO subject (name, classId, teacherId, id) VALUES ('English', 9, 4, 53);
INSERT INTO exams (title, description, durationInMinutes, subjectId, classId, teacherId, createdAt, id) VALUES ('English Midterm', 'Midterm examination for English', 60, 53, 9, 4, '2025-12-28T21:39:29.355Z', 53);
INSERT INTO questions (examId, questionText, options, correctAnswerIndex, points, id) VALUES (53, 'Sample Question 1 for English?', '["Option A","Option B","Option C","Option D"]', 0, 20, 261);
INSERT INTO questions (examId, questionText, options, correctAnswerIndex, points, id) VALUES (53, 'Sample Question 2 for English?', '["Option A","Option B","Option C","Option D"]', 0, 20, 262);
INSERT INTO questions (examId, questionText, options, correctAnswerIndex, points, id) VALUES (53, 'Sample Question 3 for English?', '["Option A","Option B","Option C","Option D"]', 0, 20, 263);
INSERT INTO questions (examId, questionText, options, correctAnswerIndex, points, id) VALUES (53, 'Sample Question 4 for English?', '["Option A","Option B","Option C","Option D"]', 0, 20, 264);
INSERT INTO questions (examId, questionText, options, correctAnswerIndex, points, id) VALUES (53, 'Sample Question 5 for English?', '["Option A","Option B","Option C","Option D"]', 0, 20, 265);
INSERT INTO subject (name, classId, teacherId, id) VALUES ('History', 9, 5, 54);
INSERT INTO exams (title, description, durationInMinutes, subjectId, classId, teacherId, createdAt, id) VALUES ('History Midterm', 'Midterm examination for History', 60, 54, 9, 5, '2025-12-28T21:39:29.355Z', 54);
INSERT INTO questions (examId, questionText, options, correctAnswerIndex, points, id) VALUES (54, 'Sample Question 1 for History?', '["Option A","Option B","Option C","Option D"]', 0, 20, 266);
INSERT INTO questions (examId, questionText, options, correctAnswerIndex, points, id) VALUES (54, 'Sample Question 2 for History?', '["Option A","Option B","Option C","Option D"]', 0, 20, 267);
INSERT INTO questions (examId, questionText, options, correctAnswerIndex, points, id) VALUES (54, 'Sample Question 3 for History?', '["Option A","Option B","Option C","Option D"]', 0, 20, 268);
INSERT INTO questions (examId, questionText, options, correctAnswerIndex, points, id) VALUES (54, 'Sample Question 4 for History?', '["Option A","Option B","Option C","Option D"]', 0, 20, 269);
INSERT INTO questions (examId, questionText, options, correctAnswerIndex, points, id) VALUES (54, 'Sample Question 5 for History?', '["Option A","Option B","Option C","Option D"]', 0, 20, 270);
INSERT INTO classRoom (name, schoolId, id) VALUES ('Grade 10', 1, 10);
INSERT INTO subject (name, classId, teacherId, id) VALUES ('Mathematics', 10, 11, 55);
INSERT INTO exams (title, description, durationInMinutes, subjectId, classId, teacherId, createdAt, id) VALUES ('Mathematics Midterm', 'Midterm examination for Mathematics', 60, 55, 10, 11, '2025-12-28T21:39:29.355Z', 55);
INSERT INTO questions (examId, questionText, options, correctAnswerIndex, points, id) VALUES (55, 'Sample Question 1 for Mathematics?', '["Option A","Option B","Option C","Option D"]', 0, 20, 271);
INSERT INTO questions (examId, questionText, options, correctAnswerIndex, points, id) VALUES (55, 'Sample Question 2 for Mathematics?', '["Option A","Option B","Option C","Option D"]', 0, 20, 272);
INSERT INTO questions (examId, questionText, options, correctAnswerIndex, points, id) VALUES (55, 'Sample Question 3 for Mathematics?', '["Option A","Option B","Option C","Option D"]', 0, 20, 273);
INSERT INTO questions (examId, questionText, options, correctAnswerIndex, points, id) VALUES (55, 'Sample Question 4 for Mathematics?', '["Option A","Option B","Option C","Option D"]', 0, 20, 274);
INSERT INTO questions (examId, questionText, options, correctAnswerIndex, points, id) VALUES (55, 'Sample Question 5 for Mathematics?', '["Option A","Option B","Option C","Option D"]', 0, 20, 275);
INSERT INTO subject (name, classId, teacherId, id) VALUES ('Physics', 10, 2, 56);
INSERT INTO exams (title, description, durationInMinutes, subjectId, classId, teacherId, createdAt, id) VALUES ('Physics Midterm', 'Midterm examination for Physics', 60, 56, 10, 2, '2025-12-28T21:39:29.355Z', 56);
INSERT INTO questions (examId, questionText, options, correctAnswerIndex, points, id) VALUES (56, 'Sample Question 1 for Physics?', '["Option A","Option B","Option C","Option D"]', 0, 20, 276);
INSERT INTO questions (examId, questionText, options, correctAnswerIndex, points, id) VALUES (56, 'Sample Question 2 for Physics?', '["Option A","Option B","Option C","Option D"]', 0, 20, 277);
INSERT INTO questions (examId, questionText, options, correctAnswerIndex, points, id) VALUES (56, 'Sample Question 3 for Physics?', '["Option A","Option B","Option C","Option D"]', 0, 20, 278);
INSERT INTO questions (examId, questionText, options, correctAnswerIndex, points, id) VALUES (56, 'Sample Question 4 for Physics?', '["Option A","Option B","Option C","Option D"]', 0, 20, 279);
INSERT INTO questions (examId, questionText, options, correctAnswerIndex, points, id) VALUES (56, 'Sample Question 5 for Physics?', '["Option A","Option B","Option C","Option D"]', 0, 20, 280);
INSERT INTO subject (name, classId, teacherId, id) VALUES ('Chemistry', 10, 3, 57);
INSERT INTO exams (title, description, durationInMinutes, subjectId, classId, teacherId, createdAt, id) VALUES ('Chemistry Midterm', 'Midterm examination for Chemistry', 60, 57, 10, 3, '2025-12-28T21:39:29.355Z', 57);
INSERT INTO questions (examId, questionText, options, correctAnswerIndex, points, id) VALUES (57, 'Sample Question 1 for Chemistry?', '["Option A","Option B","Option C","Option D"]', 0, 20, 281);
INSERT INTO questions (examId, questionText, options, correctAnswerIndex, points, id) VALUES (57, 'Sample Question 2 for Chemistry?', '["Option A","Option B","Option C","Option D"]', 0, 20, 282);
INSERT INTO questions (examId, questionText, options, correctAnswerIndex, points, id) VALUES (57, 'Sample Question 3 for Chemistry?', '["Option A","Option B","Option C","Option D"]', 0, 20, 283);
INSERT INTO questions (examId, questionText, options, correctAnswerIndex, points, id) VALUES (57, 'Sample Question 4 for Chemistry?', '["Option A","Option B","Option C","Option D"]', 0, 20, 284);
INSERT INTO questions (examId, questionText, options, correctAnswerIndex, points, id) VALUES (57, 'Sample Question 5 for Chemistry?', '["Option A","Option B","Option C","Option D"]', 0, 20, 285);
INSERT INTO subject (name, classId, teacherId, id) VALUES ('Biology', 10, 4, 58);
INSERT INTO exams (title, description, durationInMinutes, subjectId, classId, teacherId, createdAt, id) VALUES ('Biology Midterm', 'Midterm examination for Biology', 60, 58, 10, 4, '2025-12-28T21:39:29.355Z', 58);
INSERT INTO questions (examId, questionText, options, correctAnswerIndex, points, id) VALUES (58, 'Sample Question 1 for Biology?', '["Option A","Option B","Option C","Option D"]', 0, 20, 286);
INSERT INTO questions (examId, questionText, options, correctAnswerIndex, points, id) VALUES (58, 'Sample Question 2 for Biology?', '["Option A","Option B","Option C","Option D"]', 0, 20, 287);
INSERT INTO questions (examId, questionText, options, correctAnswerIndex, points, id) VALUES (58, 'Sample Question 3 for Biology?', '["Option A","Option B","Option C","Option D"]', 0, 20, 288);
INSERT INTO questions (examId, questionText, options, correctAnswerIndex, points, id) VALUES (58, 'Sample Question 4 for Biology?', '["Option A","Option B","Option C","Option D"]', 0, 20, 289);
INSERT INTO questions (examId, questionText, options, correctAnswerIndex, points, id) VALUES (58, 'Sample Question 5 for Biology?', '["Option A","Option B","Option C","Option D"]', 0, 20, 290);
INSERT INTO subject (name, classId, teacherId, id) VALUES ('English', 10, 5, 59);
INSERT INTO exams (title, description, durationInMinutes, subjectId, classId, teacherId, createdAt, id) VALUES ('English Midterm', 'Midterm examination for English', 60, 59, 10, 5, '2025-12-28T21:39:29.355Z', 59);
INSERT INTO questions (examId, questionText, options, correctAnswerIndex, points, id) VALUES (59, 'Sample Question 1 for English?', '["Option A","Option B","Option C","Option D"]', 0, 20, 291);
INSERT INTO questions (examId, questionText, options, correctAnswerIndex, points, id) VALUES (59, 'Sample Question 2 for English?', '["Option A","Option B","Option C","Option D"]', 0, 20, 292);
INSERT INTO questions (examId, questionText, options, correctAnswerIndex, points, id) VALUES (59, 'Sample Question 3 for English?', '["Option A","Option B","Option C","Option D"]', 0, 20, 293);
INSERT INTO questions (examId, questionText, options, correctAnswerIndex, points, id) VALUES (59, 'Sample Question 4 for English?', '["Option A","Option B","Option C","Option D"]', 0, 20, 294);
INSERT INTO questions (examId, questionText, options, correctAnswerIndex, points, id) VALUES (59, 'Sample Question 5 for English?', '["Option A","Option B","Option C","Option D"]', 0, 20, 295);
INSERT INTO subject (name, classId, teacherId, id) VALUES ('History', 10, 6, 60);
INSERT INTO exams (title, description, durationInMinutes, subjectId, classId, teacherId, createdAt, id) VALUES ('History Midterm', 'Midterm examination for History', 60, 60, 10, 6, '2025-12-28T21:39:29.355Z', 60);
INSERT INTO questions (examId, questionText, options, correctAnswerIndex, points, id) VALUES (60, 'Sample Question 1 for History?', '["Option A","Option B","Option C","Option D"]', 0, 20, 296);
INSERT INTO questions (examId, questionText, options, correctAnswerIndex, points, id) VALUES (60, 'Sample Question 2 for History?', '["Option A","Option B","Option C","Option D"]', 0, 20, 297);
INSERT INTO questions (examId, questionText, options, correctAnswerIndex, points, id) VALUES (60, 'Sample Question 3 for History?', '["Option A","Option B","Option C","Option D"]', 0, 20, 298);
INSERT INTO questions (examId, questionText, options, correctAnswerIndex, points, id) VALUES (60, 'Sample Question 4 for History?', '["Option A","Option B","Option C","Option D"]', 0, 20, 299);
INSERT INTO questions (examId, questionText, options, correctAnswerIndex, points, id) VALUES (60, 'Sample Question 5 for History?', '["Option A","Option B","Option C","Option D"]', 0, 20, 300);
INSERT INTO user (userName, email, password, role, schoolId, classId, createdAt, id) VALUES ('Student Grade 1-1', 'student_1_1@edudash.com', '$2b$10$s.PA0yLyULbLz34xWc.3/ube65h6e1DNLNkmnQ2QlOrWSLpMH.KFi', 'student', 1, 1, '2025-12-28T21:39:29.355Z', 12);
INSERT INTO studentGrades (studentId, subjectId, classId, score, id) VALUES (12, 1, 1, 76, 1);
INSERT INTO studentGrades (studentId, subjectId, classId, score, id) VALUES (12, 2, 1, 93, 2);
INSERT INTO studentGrades (studentId, subjectId, classId, score, id) VALUES (12, 3, 1, 51, 3);
INSERT INTO studentGrades (studentId, subjectId, classId, score, id) VALUES (12, 4, 1, 69, 4);
INSERT INTO studentGrades (studentId, subjectId, classId, score, id) VALUES (12, 5, 1, 78, 5);
INSERT INTO studentGrades (studentId, subjectId, classId, score, id) VALUES (12, 6, 1, 94, 6);
INSERT INTO user (userName, email, password, role, schoolId, classId, createdAt, id) VALUES ('Student Grade 1-2', 'student_1_2@edudash.com', '$2b$10$s.PA0yLyULbLz34xWc.3/ube65h6e1DNLNkmnQ2QlOrWSLpMH.KFi', 'student', 1, 1, '2025-12-28T21:39:29.355Z', 13);
INSERT INTO studentGrades (studentId, subjectId, classId, score, id) VALUES (13, 1, 1, 86, 7);
INSERT INTO studentGrades (studentId, subjectId, classId, score, id) VALUES (13, 2, 1, 76, 8);
INSERT INTO studentGrades (studentId, subjectId, classId, score, id) VALUES (13, 3, 1, 55, 9);
INSERT INTO studentGrades (studentId, subjectId, classId, score, id) VALUES (13, 4, 1, 61, 10);
INSERT INTO studentGrades (studentId, subjectId, classId, score, id) VALUES (13, 5, 1, 56, 11);
INSERT INTO studentGrades (studentId, subjectId, classId, score, id) VALUES (13, 6, 1, 51, 12);
INSERT INTO user (userName, email, password, role, schoolId, classId, createdAt, id) VALUES ('Student Grade 1-3', 'student_1_3@edudash.com', '$2b$10$s.PA0yLyULbLz34xWc.3/ube65h6e1DNLNkmnQ2QlOrWSLpMH.KFi', 'student', 1, 1, '2025-12-28T21:39:29.355Z', 14);
INSERT INTO studentGrades (studentId, subjectId, classId, score, id) VALUES (14, 1, 1, 94, 13);
INSERT INTO studentGrades (studentId, subjectId, classId, score, id) VALUES (14, 2, 1, 84, 14);
INSERT INTO studentGrades (studentId, subjectId, classId, score, id) VALUES (14, 3, 1, 84, 15);
INSERT INTO studentGrades (studentId, subjectId, classId, score, id) VALUES (14, 4, 1, 95, 16);
INSERT INTO studentGrades (studentId, subjectId, classId, score, id) VALUES (14, 5, 1, 95, 17);
INSERT INTO studentGrades (studentId, subjectId, classId, score, id) VALUES (14, 6, 1, 84, 18);
INSERT INTO user (userName, email, password, role, schoolId, classId, createdAt, id) VALUES ('Student Grade 1-4', 'student_1_4@edudash.com', '$2b$10$s.PA0yLyULbLz34xWc.3/ube65h6e1DNLNkmnQ2QlOrWSLpMH.KFi', 'student', 1, 1, '2025-12-28T21:39:29.355Z', 15);
INSERT INTO studentGrades (studentId, subjectId, classId, score, id) VALUES (15, 1, 1, 82, 19);
INSERT INTO studentGrades (studentId, subjectId, classId, score, id) VALUES (15, 2, 1, 89, 20);
INSERT INTO studentGrades (studentId, subjectId, classId, score, id) VALUES (15, 3, 1, 67, 21);
INSERT INTO studentGrades (studentId, subjectId, classId, score, id) VALUES (15, 4, 1, 62, 22);
INSERT INTO studentGrades (studentId, subjectId, classId, score, id) VALUES (15, 5, 1, 64, 23);
INSERT INTO studentGrades (studentId, subjectId, classId, score, id) VALUES (15, 6, 1, 72, 24);
INSERT INTO user (userName, email, password, role, schoolId, classId, createdAt, id) VALUES ('Student Grade 1-5', 'student_1_5@edudash.com', '$2b$10$s.PA0yLyULbLz34xWc.3/ube65h6e1DNLNkmnQ2QlOrWSLpMH.KFi', 'student', 1, 1, '2025-12-28T21:39:29.355Z', 16);
INSERT INTO studentGrades (studentId, subjectId, classId, score, id) VALUES (16, 1, 1, 96, 25);
INSERT INTO studentGrades (studentId, subjectId, classId, score, id) VALUES (16, 2, 1, 79, 26);
INSERT INTO studentGrades (studentId, subjectId, classId, score, id) VALUES (16, 3, 1, 98, 27);
INSERT INTO studentGrades (studentId, subjectId, classId, score, id) VALUES (16, 4, 1, 99, 28);
INSERT INTO studentGrades (studentId, subjectId, classId, score, id) VALUES (16, 5, 1, 56, 29);
INSERT INTO studentGrades (studentId, subjectId, classId, score, id) VALUES (16, 6, 1, 77, 30);
INSERT INTO user (userName, email, password, role, schoolId, classId, createdAt, id) VALUES ('Student Grade 1-6', 'student_1_6@edudash.com', '$2b$10$s.PA0yLyULbLz34xWc.3/ube65h6e1DNLNkmnQ2QlOrWSLpMH.KFi', 'student', 1, 1, '2025-12-28T21:39:29.355Z', 17);
INSERT INTO studentGrades (studentId, subjectId, classId, score, id) VALUES (17, 1, 1, 82, 31);
INSERT INTO studentGrades (studentId, subjectId, classId, score, id) VALUES (17, 2, 1, 86, 32);
INSERT INTO studentGrades (studentId, subjectId, classId, score, id) VALUES (17, 3, 1, 58, 33);
INSERT INTO studentGrades (studentId, subjectId, classId, score, id) VALUES (17, 4, 1, 60, 34);
INSERT INTO studentGrades (studentId, subjectId, classId, score, id) VALUES (17, 5, 1, 78, 35);
INSERT INTO studentGrades (studentId, subjectId, classId, score, id) VALUES (17, 6, 1, 69, 36);
INSERT INTO user (userName, email, password, role, schoolId, classId, createdAt, id) VALUES ('Student Grade 1-7', 'student_1_7@edudash.com', '$2b$10$s.PA0yLyULbLz34xWc.3/ube65h6e1DNLNkmnQ2QlOrWSLpMH.KFi', 'student', 1, 1, '2025-12-28T21:39:29.355Z', 18);
INSERT INTO studentGrades (studentId, subjectId, classId, score, id) VALUES (18, 1, 1, 96, 37);
INSERT INTO studentGrades (studentId, subjectId, classId, score, id) VALUES (18, 2, 1, 97, 38);
INSERT INTO studentGrades (studentId, subjectId, classId, score, id) VALUES (18, 3, 1, 81, 39);
INSERT INTO studentGrades (studentId, subjectId, classId, score, id) VALUES (18, 4, 1, 65, 40);
INSERT INTO studentGrades (studentId, subjectId, classId, score, id) VALUES (18, 5, 1, 83, 41);
INSERT INTO studentGrades (studentId, subjectId, classId, score, id) VALUES (18, 6, 1, 90, 42);
INSERT INTO user (userName, email, password, role, schoolId, classId, createdAt, id) VALUES ('Student Grade 1-8', 'student_1_8@edudash.com', '$2b$10$s.PA0yLyULbLz34xWc.3/ube65h6e1DNLNkmnQ2QlOrWSLpMH.KFi', 'student', 1, 1, '2025-12-28T21:39:29.355Z', 19);
INSERT INTO studentGrades (studentId, subjectId, classId, score, id) VALUES (19, 1, 1, 93, 43);
INSERT INTO studentGrades (studentId, subjectId, classId, score, id) VALUES (19, 2, 1, 55, 44);
INSERT INTO studentGrades (studentId, subjectId, classId, score, id) VALUES (19, 3, 1, 69, 45);
INSERT INTO studentGrades (studentId, subjectId, classId, score, id) VALUES (19, 4, 1, 89, 46);
INSERT INTO studentGrades (studentId, subjectId, classId, score, id) VALUES (19, 5, 1, 93, 47);
INSERT INTO studentGrades (studentId, subjectId, classId, score, id) VALUES (19, 6, 1, 99, 48);
INSERT INTO user (userName, email, password, role, schoolId, classId, createdAt, id) VALUES ('Student Grade 1-9', 'student_1_9@edudash.com', '$2b$10$s.PA0yLyULbLz34xWc.3/ube65h6e1DNLNkmnQ2QlOrWSLpMH.KFi', 'student', 1, 1, '2025-12-28T21:39:29.355Z', 20);
INSERT INTO studentGrades (studentId, subjectId, classId, score, id) VALUES (20, 1, 1, 78, 49);
INSERT INTO studentGrades (studentId, subjectId, classId, score, id) VALUES (20, 2, 1, 57, 50);
INSERT INTO studentGrades (studentId, subjectId, classId, score, id) VALUES (20, 3, 1, 88, 51);
INSERT INTO studentGrades (studentId, subjectId, classId, score, id) VALUES (20, 4, 1, 84, 52);
INSERT INTO studentGrades (studentId, subjectId, classId, score, id) VALUES (20, 5, 1, 95, 53);
INSERT INTO studentGrades (studentId, subjectId, classId, score, id) VALUES (20, 6, 1, 87, 54);
INSERT INTO user (userName, email, password, role, schoolId, classId, createdAt, id) VALUES ('Student Grade 1-10', 'student_1_10@edudash.com', '$2b$10$s.PA0yLyULbLz34xWc.3/ube65h6e1DNLNkmnQ2QlOrWSLpMH.KFi', 'student', 1, 1, '2025-12-28T21:39:29.355Z', 21);
INSERT INTO studentGrades (studentId, subjectId, classId, score, id) VALUES (21, 1, 1, 89, 55);
INSERT INTO studentGrades (studentId, subjectId, classId, score, id) VALUES (21, 2, 1, 92, 56);
INSERT INTO studentGrades (studentId, subjectId, classId, score, id) VALUES (21, 3, 1, 91, 57);
INSERT INTO studentGrades (studentId, subjectId, classId, score, id) VALUES (21, 4, 1, 65, 58);
INSERT INTO studentGrades (studentId, subjectId, classId, score, id) VALUES (21, 5, 1, 89, 59);
INSERT INTO studentGrades (studentId, subjectId, classId, score, id) VALUES (21, 6, 1, 61, 60);
INSERT INTO user (userName, email, password, role, schoolId, classId, createdAt, id) VALUES ('Student Grade 1-11', 'student_1_11@edudash.com', '$2b$10$s.PA0yLyULbLz34xWc.3/ube65h6e1DNLNkmnQ2QlOrWSLpMH.KFi', 'student', 1, 1, '2025-12-28T21:39:29.355Z', 22);
INSERT INTO studentGrades (studentId, subjectId, classId, score, id) VALUES (22, 1, 1, 92, 61);
INSERT INTO studentGrades (studentId, subjectId, classId, score, id) VALUES (22, 2, 1, 83, 62);
INSERT INTO studentGrades (studentId, subjectId, classId, score, id) VALUES (22, 3, 1, 90, 63);
INSERT INTO studentGrades (studentId, subjectId, classId, score, id) VALUES (22, 4, 1, 90, 64);
INSERT INTO studentGrades (studentId, subjectId, classId, score, id) VALUES (22, 5, 1, 97, 65);
INSERT INTO studentGrades (studentId, subjectId, classId, score, id) VALUES (22, 6, 1, 88, 66);
INSERT INTO user (userName, email, password, role, schoolId, classId, createdAt, id) VALUES ('Student Grade 1-12', 'student_1_12@edudash.com', '$2b$10$s.PA0yLyULbLz34xWc.3/ube65h6e1DNLNkmnQ2QlOrWSLpMH.KFi', 'student', 1, 1, '2025-12-28T21:39:29.355Z', 23);
INSERT INTO studentGrades (studentId, subjectId, classId, score, id) VALUES (23, 1, 1, 64, 67);
INSERT INTO studentGrades (studentId, subjectId, classId, score, id) VALUES (23, 2, 1, 89, 68);
INSERT INTO studentGrades (studentId, subjectId, classId, score, id) VALUES (23, 3, 1, 60, 69);
INSERT INTO studentGrades (studentId, subjectId, classId, score, id) VALUES (23, 4, 1, 55, 70);
INSERT INTO studentGrades (studentId, subjectId, classId, score, id) VALUES (23, 5, 1, 99, 71);
INSERT INTO studentGrades (studentId, subjectId, classId, score, id) VALUES (23, 6, 1, 97, 72);
INSERT INTO user (userName, email, password, role, schoolId, classId, createdAt, id) VALUES ('Student Grade 1-13', 'student_1_13@edudash.com', '$2b$10$s.PA0yLyULbLz34xWc.3/ube65h6e1DNLNkmnQ2QlOrWSLpMH.KFi', 'student', 1, 1, '2025-12-28T21:39:29.355Z', 24);
INSERT INTO studentGrades (studentId, subjectId, classId, score, id) VALUES (24, 1, 1, 92, 73);
INSERT INTO studentGrades (studentId, subjectId, classId, score, id) VALUES (24, 2, 1, 75, 74);
INSERT INTO studentGrades (studentId, subjectId, classId, score, id) VALUES (24, 3, 1, 60, 75);
INSERT INTO studentGrades (studentId, subjectId, classId, score, id) VALUES (24, 4, 1, 62, 76);
INSERT INTO studentGrades (studentId, subjectId, classId, score, id) VALUES (24, 5, 1, 68, 77);
INSERT INTO studentGrades (studentId, subjectId, classId, score, id) VALUES (24, 6, 1, 52, 78);
INSERT INTO user (userName, email, password, role, schoolId, classId, createdAt, id) VALUES ('Student Grade 1-14', 'student_1_14@edudash.com', '$2b$10$s.PA0yLyULbLz34xWc.3/ube65h6e1DNLNkmnQ2QlOrWSLpMH.KFi', 'student', 1, 1, '2025-12-28T21:39:29.355Z', 25);
INSERT INTO studentGrades (studentId, subjectId, classId, score, id) VALUES (25, 1, 1, 84, 79);
INSERT INTO studentGrades (studentId, subjectId, classId, score, id) VALUES (25, 2, 1, 66, 80);
INSERT INTO studentGrades (studentId, subjectId, classId, score, id) VALUES (25, 3, 1, 57, 81);
INSERT INTO studentGrades (studentId, subjectId, classId, score, id) VALUES (25, 4, 1, 94, 82);
INSERT INTO studentGrades (studentId, subjectId, classId, score, id) VALUES (25, 5, 1, 94, 83);
INSERT INTO studentGrades (studentId, subjectId, classId, score, id) VALUES (25, 6, 1, 95, 84);
INSERT INTO user (userName, email, password, role, schoolId, classId, createdAt, id) VALUES ('Student Grade 1-15', 'student_1_15@edudash.com', '$2b$10$s.PA0yLyULbLz34xWc.3/ube65h6e1DNLNkmnQ2QlOrWSLpMH.KFi', 'student', 1, 1, '2025-12-28T21:39:29.355Z', 26);
INSERT INTO studentGrades (studentId, subjectId, classId, score, id) VALUES (26, 1, 1, 88, 85);
INSERT INTO studentGrades (studentId, subjectId, classId, score, id) VALUES (26, 2, 1, 64, 86);
INSERT INTO studentGrades (studentId, subjectId, classId, score, id) VALUES (26, 3, 1, 73, 87);
INSERT INTO studentGrades (studentId, subjectId, classId, score, id) VALUES (26, 4, 1, 68, 88);
INSERT INTO studentGrades (studentId, subjectId, classId, score, id) VALUES (26, 5, 1, 100, 89);
INSERT INTO studentGrades (studentId, subjectId, classId, score, id) VALUES (26, 6, 1, 60, 90);
INSERT INTO user (userName, email, password, role, schoolId, classId, createdAt, id) VALUES ('Student Grade 1-16', 'student_1_16@edudash.com', '$2b$10$s.PA0yLyULbLz34xWc.3/ube65h6e1DNLNkmnQ2QlOrWSLpMH.KFi', 'student', 1, 1, '2025-12-28T21:39:29.355Z', 27);
INSERT INTO studentGrades (studentId, subjectId, classId, score, id) VALUES (27, 1, 1, 92, 91);
INSERT INTO studentGrades (studentId, subjectId, classId, score, id) VALUES (27, 2, 1, 60, 92);
INSERT INTO studentGrades (studentId, subjectId, classId, score, id) VALUES (27, 3, 1, 91, 93);
INSERT INTO studentGrades (studentId, subjectId, classId, score, id) VALUES (27, 4, 1, 87, 94);
INSERT INTO studentGrades (studentId, subjectId, classId, score, id) VALUES (27, 5, 1, 89, 95);
INSERT INTO studentGrades (studentId, subjectId, classId, score, id) VALUES (27, 6, 1, 76, 96);
INSERT INTO user (userName, email, password, role, schoolId, classId, createdAt, id) VALUES ('Student Grade 1-17', 'student_1_17@edudash.com', '$2b$10$s.PA0yLyULbLz34xWc.3/ube65h6e1DNLNkmnQ2QlOrWSLpMH.KFi', 'student', 1, 1, '2025-12-28T21:39:29.355Z', 28);
INSERT INTO studentGrades (studentId, subjectId, classId, score, id) VALUES (28, 1, 1, 98, 97);
INSERT INTO studentGrades (studentId, subjectId, classId, score, id) VALUES (28, 2, 1, 56, 98);
INSERT INTO studentGrades (studentId, subjectId, classId, score, id) VALUES (28, 3, 1, 75, 99);
INSERT INTO studentGrades (studentId, subjectId, classId, score, id) VALUES (28, 4, 1, 76, 100);
INSERT INTO studentGrades (studentId, subjectId, classId, score, id) VALUES (28, 5, 1, 52, 101);
INSERT INTO studentGrades (studentId, subjectId, classId, score, id) VALUES (28, 6, 1, 66, 102);
INSERT INTO user (userName, email, password, role, schoolId, classId, createdAt, id) VALUES ('Student Grade 1-18', 'student_1_18@edudash.com', '$2b$10$s.PA0yLyULbLz34xWc.3/ube65h6e1DNLNkmnQ2QlOrWSLpMH.KFi', 'student', 1, 1, '2025-12-28T21:39:29.355Z', 29);
INSERT INTO studentGrades (studentId, subjectId, classId, score, id) VALUES (29, 1, 1, 58, 103);
INSERT INTO studentGrades (studentId, subjectId, classId, score, id) VALUES (29, 2, 1, 99, 104);
INSERT INTO studentGrades (studentId, subjectId, classId, score, id) VALUES (29, 3, 1, 56, 105);
INSERT INTO studentGrades (studentId, subjectId, classId, score, id) VALUES (29, 4, 1, 91, 106);
INSERT INTO studentGrades (studentId, subjectId, classId, score, id) VALUES (29, 5, 1, 74, 107);
INSERT INTO studentGrades (studentId, subjectId, classId, score, id) VALUES (29, 6, 1, 97, 108);
INSERT INTO user (userName, email, password, role, schoolId, classId, createdAt, id) VALUES ('Student Grade 1-19', 'student_1_19@edudash.com', '$2b$10$s.PA0yLyULbLz34xWc.3/ube65h6e1DNLNkmnQ2QlOrWSLpMH.KFi', 'student', 1, 1, '2025-12-28T21:39:29.355Z', 30);
INSERT INTO studentGrades (studentId, subjectId, classId, score, id) VALUES (30, 1, 1, 84, 109);
INSERT INTO studentGrades (studentId, subjectId, classId, score, id) VALUES (30, 2, 1, 88, 110);
INSERT INTO studentGrades (studentId, subjectId, classId, score, id) VALUES (30, 3, 1, 96, 111);
INSERT INTO studentGrades (studentId, subjectId, classId, score, id) VALUES (30, 4, 1, 53, 112);
INSERT INTO studentGrades (studentId, subjectId, classId, score, id) VALUES (30, 5, 1, 86, 113);
INSERT INTO studentGrades (studentId, subjectId, classId, score, id) VALUES (30, 6, 1, 97, 114);
INSERT INTO user (userName, email, password, role, schoolId, classId, createdAt, id) VALUES ('Student Grade 1-20', 'student_1_20@edudash.com', '$2b$10$s.PA0yLyULbLz34xWc.3/ube65h6e1DNLNkmnQ2QlOrWSLpMH.KFi', 'student', 1, 1, '2025-12-28T21:39:29.355Z', 31);
INSERT INTO studentGrades (studentId, subjectId, classId, score, id) VALUES (31, 1, 1, 67, 115);
INSERT INTO studentGrades (studentId, subjectId, classId, score, id) VALUES (31, 2, 1, 63, 116);
INSERT INTO studentGrades (studentId, subjectId, classId, score, id) VALUES (31, 3, 1, 64, 117);
INSERT INTO studentGrades (studentId, subjectId, classId, score, id) VALUES (31, 4, 1, 70, 118);
INSERT INTO studentGrades (studentId, subjectId, classId, score, id) VALUES (31, 5, 1, 75, 119);
INSERT INTO studentGrades (studentId, subjectId, classId, score, id) VALUES (31, 6, 1, 59, 120);
INSERT INTO user (userName, email, password, role, schoolId, classId, createdAt, id) VALUES ('Student Grade 2-1', 'student_2_1@edudash.com', '$2b$10$s.PA0yLyULbLz34xWc.3/ube65h6e1DNLNkmnQ2QlOrWSLpMH.KFi', 'student', 1, 2, '2025-12-28T21:39:29.355Z', 32);
INSERT INTO studentGrades (studentId, subjectId, classId, score, id) VALUES (32, 7, 2, 99, 121);
INSERT INTO studentGrades (studentId, subjectId, classId, score, id) VALUES (32, 8, 2, 60, 122);
INSERT INTO studentGrades (studentId, subjectId, classId, score, id) VALUES (32, 9, 2, 86, 123);
INSERT INTO studentGrades (studentId, subjectId, classId, score, id) VALUES (32, 10, 2, 71, 124);
INSERT INTO studentGrades (studentId, subjectId, classId, score, id) VALUES (32, 11, 2, 54, 125);
INSERT INTO studentGrades (studentId, subjectId, classId, score, id) VALUES (32, 12, 2, 54, 126);
INSERT INTO user (userName, email, password, role, schoolId, classId, createdAt, id) VALUES ('Student Grade 2-2', 'student_2_2@edudash.com', '$2b$10$s.PA0yLyULbLz34xWc.3/ube65h6e1DNLNkmnQ2QlOrWSLpMH.KFi', 'student', 1, 2, '2025-12-28T21:39:29.355Z', 33);
INSERT INTO studentGrades (studentId, subjectId, classId, score, id) VALUES (33, 7, 2, 81, 127);
INSERT INTO studentGrades (studentId, subjectId, classId, score, id) VALUES (33, 8, 2, 58, 128);
INSERT INTO studentGrades (studentId, subjectId, classId, score, id) VALUES (33, 9, 2, 59, 129);
INSERT INTO studentGrades (studentId, subjectId, classId, score, id) VALUES (33, 10, 2, 59, 130);
INSERT INTO studentGrades (studentId, subjectId, classId, score, id) VALUES (33, 11, 2, 99, 131);
INSERT INTO studentGrades (studentId, subjectId, classId, score, id) VALUES (33, 12, 2, 74, 132);
INSERT INTO user (userName, email, password, role, schoolId, classId, createdAt, id) VALUES ('Student Grade 2-3', 'student_2_3@edudash.com', '$2b$10$s.PA0yLyULbLz34xWc.3/ube65h6e1DNLNkmnQ2QlOrWSLpMH.KFi', 'student', 1, 2, '2025-12-28T21:39:29.355Z', 34);
INSERT INTO studentGrades (studentId, subjectId, classId, score, id) VALUES (34, 7, 2, 80, 133);
INSERT INTO studentGrades (studentId, subjectId, classId, score, id) VALUES (34, 8, 2, 96, 134);
INSERT INTO studentGrades (studentId, subjectId, classId, score, id) VALUES (34, 9, 2, 77, 135);
INSERT INTO studentGrades (studentId, subjectId, classId, score, id) VALUES (34, 10, 2, 75, 136);
INSERT INTO studentGrades (studentId, subjectId, classId, score, id) VALUES (34, 11, 2, 93, 137);
INSERT INTO studentGrades (studentId, subjectId, classId, score, id) VALUES (34, 12, 2, 64, 138);
INSERT INTO user (userName, email, password, role, schoolId, classId, createdAt, id) VALUES ('Student Grade 2-4', 'student_2_4@edudash.com', '$2b$10$s.PA0yLyULbLz34xWc.3/ube65h6e1DNLNkmnQ2QlOrWSLpMH.KFi', 'student', 1, 2, '2025-12-28T21:39:29.355Z', 35);
INSERT INTO studentGrades (studentId, subjectId, classId, score, id) VALUES (35, 7, 2, 98, 139);
INSERT INTO studentGrades (studentId, subjectId, classId, score, id) VALUES (35, 8, 2, 54, 140);
INSERT INTO studentGrades (studentId, subjectId, classId, score, id) VALUES (35, 9, 2, 71, 141);
INSERT INTO studentGrades (studentId, subjectId, classId, score, id) VALUES (35, 10, 2, 86, 142);
INSERT INTO studentGrades (studentId, subjectId, classId, score, id) VALUES (35, 11, 2, 75, 143);
INSERT INTO studentGrades (studentId, subjectId, classId, score, id) VALUES (35, 12, 2, 88, 144);
INSERT INTO user (userName, email, password, role, schoolId, classId, createdAt, id) VALUES ('Student Grade 2-5', 'student_2_5@edudash.com', '$2b$10$s.PA0yLyULbLz34xWc.3/ube65h6e1DNLNkmnQ2QlOrWSLpMH.KFi', 'student', 1, 2, '2025-12-28T21:39:29.355Z', 36);
INSERT INTO studentGrades (studentId, subjectId, classId, score, id) VALUES (36, 7, 2, 77, 145);
INSERT INTO studentGrades (studentId, subjectId, classId, score, id) VALUES (36, 8, 2, 81, 146);
INSERT INTO studentGrades (studentId, subjectId, classId, score, id) VALUES (36, 9, 2, 85, 147);
INSERT INTO studentGrades (studentId, subjectId, classId, score, id) VALUES (36, 10, 2, 93, 148);
INSERT INTO studentGrades (studentId, subjectId, classId, score, id) VALUES (36, 11, 2, 56, 149);
INSERT INTO studentGrades (studentId, subjectId, classId, score, id) VALUES (36, 12, 2, 69, 150);
INSERT INTO user (userName, email, password, role, schoolId, classId, createdAt, id) VALUES ('Student Grade 2-6', 'student_2_6@edudash.com', '$2b$10$s.PA0yLyULbLz34xWc.3/ube65h6e1DNLNkmnQ2QlOrWSLpMH.KFi', 'student', 1, 2, '2025-12-28T21:39:29.355Z', 37);
INSERT INTO studentGrades (studentId, subjectId, classId, score, id) VALUES (37, 7, 2, 74, 151);
INSERT INTO studentGrades (studentId, subjectId, classId, score, id) VALUES (37, 8, 2, 68, 152);
INSERT INTO studentGrades (studentId, subjectId, classId, score, id) VALUES (37, 9, 2, 62, 153);
INSERT INTO studentGrades (studentId, subjectId, classId, score, id) VALUES (37, 10, 2, 98, 154);
INSERT INTO studentGrades (studentId, subjectId, classId, score, id) VALUES (37, 11, 2, 72, 155);
INSERT INTO studentGrades (studentId, subjectId, classId, score, id) VALUES (37, 12, 2, 70, 156);
INSERT INTO user (userName, email, password, role, schoolId, classId, createdAt, id) VALUES ('Student Grade 2-7', 'student_2_7@edudash.com', '$2b$10$s.PA0yLyULbLz34xWc.3/ube65h6e1DNLNkmnQ2QlOrWSLpMH.KFi', 'student', 1, 2, '2025-12-28T21:39:29.355Z', 38);
INSERT INTO studentGrades (studentId, subjectId, classId, score, id) VALUES (38, 7, 2, 70, 157);
INSERT INTO studentGrades (studentId, subjectId, classId, score, id) VALUES (38, 8, 2, 79, 158);
INSERT INTO studentGrades (studentId, subjectId, classId, score, id) VALUES (38, 9, 2, 86, 159);
INSERT INTO studentGrades (studentId, subjectId, classId, score, id) VALUES (38, 10, 2, 81, 160);
INSERT INTO studentGrades (studentId, subjectId, classId, score, id) VALUES (38, 11, 2, 84, 161);
INSERT INTO studentGrades (studentId, subjectId, classId, score, id) VALUES (38, 12, 2, 92, 162);
INSERT INTO user (userName, email, password, role, schoolId, classId, createdAt, id) VALUES ('Student Grade 2-8', 'student_2_8@edudash.com', '$2b$10$s.PA0yLyULbLz34xWc.3/ube65h6e1DNLNkmnQ2QlOrWSLpMH.KFi', 'student', 1, 2, '2025-12-28T21:39:29.355Z', 39);
INSERT INTO studentGrades (studentId, subjectId, classId, score, id) VALUES (39, 7, 2, 75, 163);
INSERT INTO studentGrades (studentId, subjectId, classId, score, id) VALUES (39, 8, 2, 80, 164);
INSERT INTO studentGrades (studentId, subjectId, classId, score, id) VALUES (39, 9, 2, 73, 165);
INSERT INTO studentGrades (studentId, subjectId, classId, score, id) VALUES (39, 10, 2, 50, 166);
INSERT INTO studentGrades (studentId, subjectId, classId, score, id) VALUES (39, 11, 2, 93, 167);
INSERT INTO studentGrades (studentId, subjectId, classId, score, id) VALUES (39, 12, 2, 62, 168);
INSERT INTO user (userName, email, password, role, schoolId, classId, createdAt, id) VALUES ('Student Grade 2-9', 'student_2_9@edudash.com', '$2b$10$s.PA0yLyULbLz34xWc.3/ube65h6e1DNLNkmnQ2QlOrWSLpMH.KFi', 'student', 1, 2, '2025-12-28T21:39:29.355Z', 40);
INSERT INTO studentGrades (studentId, subjectId, classId, score, id) VALUES (40, 7, 2, 51, 169);
INSERT INTO studentGrades (studentId, subjectId, classId, score, id) VALUES (40, 8, 2, 69, 170);
INSERT INTO studentGrades (studentId, subjectId, classId, score, id) VALUES (40, 9, 2, 56, 171);
INSERT INTO studentGrades (studentId, subjectId, classId, score, id) VALUES (40, 10, 2, 60, 172);
INSERT INTO studentGrades (studentId, subjectId, classId, score, id) VALUES (40, 11, 2, 75, 173);
INSERT INTO studentGrades (studentId, subjectId, classId, score, id) VALUES (40, 12, 2, 76, 174);
INSERT INTO user (userName, email, password, role, schoolId, classId, createdAt, id) VALUES ('Student Grade 2-10', 'student_2_10@edudash.com', '$2b$10$s.PA0yLyULbLz34xWc.3/ube65h6e1DNLNkmnQ2QlOrWSLpMH.KFi', 'student', 1, 2, '2025-12-28T21:39:29.355Z', 41);
INSERT INTO studentGrades (studentId, subjectId, classId, score, id) VALUES (41, 7, 2, 64, 175);
INSERT INTO studentGrades (studentId, subjectId, classId, score, id) VALUES (41, 8, 2, 79, 176);
INSERT INTO studentGrades (studentId, subjectId, classId, score, id) VALUES (41, 9, 2, 94, 177);
INSERT INTO studentGrades (studentId, subjectId, classId, score, id) VALUES (41, 10, 2, 87, 178);
INSERT INTO studentGrades (studentId, subjectId, classId, score, id) VALUES (41, 11, 2, 79, 179);
INSERT INTO studentGrades (studentId, subjectId, classId, score, id) VALUES (41, 12, 2, 68, 180);
INSERT INTO user (userName, email, password, role, schoolId, classId, createdAt, id) VALUES ('Student Grade 2-11', 'student_2_11@edudash.com', '$2b$10$s.PA0yLyULbLz34xWc.3/ube65h6e1DNLNkmnQ2QlOrWSLpMH.KFi', 'student', 1, 2, '2025-12-28T21:39:29.355Z', 42);
INSERT INTO studentGrades (studentId, subjectId, classId, score, id) VALUES (42, 7, 2, 69, 181);
INSERT INTO studentGrades (studentId, subjectId, classId, score, id) VALUES (42, 8, 2, 80, 182);
INSERT INTO studentGrades (studentId, subjectId, classId, score, id) VALUES (42, 9, 2, 98, 183);
INSERT INTO studentGrades (studentId, subjectId, classId, score, id) VALUES (42, 10, 2, 52, 184);
INSERT INTO studentGrades (studentId, subjectId, classId, score, id) VALUES (42, 11, 2, 77, 185);
INSERT INTO studentGrades (studentId, subjectId, classId, score, id) VALUES (42, 12, 2, 83, 186);
INSERT INTO user (userName, email, password, role, schoolId, classId, createdAt, id) VALUES ('Student Grade 2-12', 'student_2_12@edudash.com', '$2b$10$s.PA0yLyULbLz34xWc.3/ube65h6e1DNLNkmnQ2QlOrWSLpMH.KFi', 'student', 1, 2, '2025-12-28T21:39:29.355Z', 43);
INSERT INTO studentGrades (studentId, subjectId, classId, score, id) VALUES (43, 7, 2, 60, 187);
INSERT INTO studentGrades (studentId, subjectId, classId, score, id) VALUES (43, 8, 2, 88, 188);
INSERT INTO studentGrades (studentId, subjectId, classId, score, id) VALUES (43, 9, 2, 94, 189);
INSERT INTO studentGrades (studentId, subjectId, classId, score, id) VALUES (43, 10, 2, 86, 190);
INSERT INTO studentGrades (studentId, subjectId, classId, score, id) VALUES (43, 11, 2, 57, 191);
INSERT INTO studentGrades (studentId, subjectId, classId, score, id) VALUES (43, 12, 2, 66, 192);
INSERT INTO user (userName, email, password, role, schoolId, classId, createdAt, id) VALUES ('Student Grade 2-13', 'student_2_13@edudash.com', '$2b$10$s.PA0yLyULbLz34xWc.3/ube65h6e1DNLNkmnQ2QlOrWSLpMH.KFi', 'student', 1, 2, '2025-12-28T21:39:29.355Z', 44);
INSERT INTO studentGrades (studentId, subjectId, classId, score, id) VALUES (44, 7, 2, 94, 193);
INSERT INTO studentGrades (studentId, subjectId, classId, score, id) VALUES (44, 8, 2, 85, 194);
INSERT INTO studentGrades (studentId, subjectId, classId, score, id) VALUES (44, 9, 2, 74, 195);
INSERT INTO studentGrades (studentId, subjectId, classId, score, id) VALUES (44, 10, 2, 52, 196);
INSERT INTO studentGrades (studentId, subjectId, classId, score, id) VALUES (44, 11, 2, 79, 197);
INSERT INTO studentGrades (studentId, subjectId, classId, score, id) VALUES (44, 12, 2, 50, 198);
INSERT INTO user (userName, email, password, role, schoolId, classId, createdAt, id) VALUES ('Student Grade 2-14', 'student_2_14@edudash.com', '$2b$10$s.PA0yLyULbLz34xWc.3/ube65h6e1DNLNkmnQ2QlOrWSLpMH.KFi', 'student', 1, 2, '2025-12-28T21:39:29.355Z', 45);
INSERT INTO studentGrades (studentId, subjectId, classId, score, id) VALUES (45, 7, 2, 99, 199);
INSERT INTO studentGrades (studentId, subjectId, classId, score, id) VALUES (45, 8, 2, 75, 200);
INSERT INTO studentGrades (studentId, subjectId, classId, score, id) VALUES (45, 9, 2, 74, 201);
INSERT INTO studentGrades (studentId, subjectId, classId, score, id) VALUES (45, 10, 2, 92, 202);
INSERT INTO studentGrades (studentId, subjectId, classId, score, id) VALUES (45, 11, 2, 71, 203);
INSERT INTO studentGrades (studentId, subjectId, classId, score, id) VALUES (45, 12, 2, 97, 204);
INSERT INTO user (userName, email, password, role, schoolId, classId, createdAt, id) VALUES ('Student Grade 2-15', 'student_2_15@edudash.com', '$2b$10$s.PA0yLyULbLz34xWc.3/ube65h6e1DNLNkmnQ2QlOrWSLpMH.KFi', 'student', 1, 2, '2025-12-28T21:39:29.355Z', 46);
INSERT INTO studentGrades (studentId, subjectId, classId, score, id) VALUES (46, 7, 2, 63, 205);
INSERT INTO studentGrades (studentId, subjectId, classId, score, id) VALUES (46, 8, 2, 63, 206);
INSERT INTO studentGrades (studentId, subjectId, classId, score, id) VALUES (46, 9, 2, 61, 207);
INSERT INTO studentGrades (studentId, subjectId, classId, score, id) VALUES (46, 10, 2, 63, 208);
INSERT INTO studentGrades (studentId, subjectId, classId, score, id) VALUES (46, 11, 2, 60, 209);
INSERT INTO studentGrades (studentId, subjectId, classId, score, id) VALUES (46, 12, 2, 95, 210);
INSERT INTO user (userName, email, password, role, schoolId, classId, createdAt, id) VALUES ('Student Grade 2-16', 'student_2_16@edudash.com', '$2b$10$s.PA0yLyULbLz34xWc.3/ube65h6e1DNLNkmnQ2QlOrWSLpMH.KFi', 'student', 1, 2, '2025-12-28T21:39:29.355Z', 47);
INSERT INTO studentGrades (studentId, subjectId, classId, score, id) VALUES (47, 7, 2, 72, 211);
INSERT INTO studentGrades (studentId, subjectId, classId, score, id) VALUES (47, 8, 2, 66, 212);
INSERT INTO studentGrades (studentId, subjectId, classId, score, id) VALUES (47, 9, 2, 70, 213);
INSERT INTO studentGrades (studentId, subjectId, classId, score, id) VALUES (47, 10, 2, 64, 214);
INSERT INTO studentGrades (studentId, subjectId, classId, score, id) VALUES (47, 11, 2, 74, 215);
INSERT INTO studentGrades (studentId, subjectId, classId, score, id) VALUES (47, 12, 2, 97, 216);
INSERT INTO user (userName, email, password, role, schoolId, classId, createdAt, id) VALUES ('Student Grade 2-17', 'student_2_17@edudash.com', '$2b$10$s.PA0yLyULbLz34xWc.3/ube65h6e1DNLNkmnQ2QlOrWSLpMH.KFi', 'student', 1, 2, '2025-12-28T21:39:29.355Z', 48);
INSERT INTO studentGrades (studentId, subjectId, classId, score, id) VALUES (48, 7, 2, 73, 217);
INSERT INTO studentGrades (studentId, subjectId, classId, score, id) VALUES (48, 8, 2, 98, 218);
INSERT INTO studentGrades (studentId, subjectId, classId, score, id) VALUES (48, 9, 2, 88, 219);
INSERT INTO studentGrades (studentId, subjectId, classId, score, id) VALUES (48, 10, 2, 84, 220);
INSERT INTO studentGrades (studentId, subjectId, classId, score, id) VALUES (48, 11, 2, 94, 221);
INSERT INTO studentGrades (studentId, subjectId, classId, score, id) VALUES (48, 12, 2, 84, 222);
INSERT INTO user (userName, email, password, role, schoolId, classId, createdAt, id) VALUES ('Student Grade 2-18', 'student_2_18@edudash.com', '$2b$10$s.PA0yLyULbLz34xWc.3/ube65h6e1DNLNkmnQ2QlOrWSLpMH.KFi', 'student', 1, 2, '2025-12-28T21:39:29.355Z', 49);
INSERT INTO studentGrades (studentId, subjectId, classId, score, id) VALUES (49, 7, 2, 89, 223);
INSERT INTO studentGrades (studentId, subjectId, classId, score, id) VALUES (49, 8, 2, 100, 224);
INSERT INTO studentGrades (studentId, subjectId, classId, score, id) VALUES (49, 9, 2, 97, 225);
INSERT INTO studentGrades (studentId, subjectId, classId, score, id) VALUES (49, 10, 2, 80, 226);
INSERT INTO studentGrades (studentId, subjectId, classId, score, id) VALUES (49, 11, 2, 83, 227);
INSERT INTO studentGrades (studentId, subjectId, classId, score, id) VALUES (49, 12, 2, 75, 228);
INSERT INTO user (userName, email, password, role, schoolId, classId, createdAt, id) VALUES ('Student Grade 2-19', 'student_2_19@edudash.com', '$2b$10$s.PA0yLyULbLz34xWc.3/ube65h6e1DNLNkmnQ2QlOrWSLpMH.KFi', 'student', 1, 2, '2025-12-28T21:39:29.355Z', 50);
INSERT INTO studentGrades (studentId, subjectId, classId, score, id) VALUES (50, 7, 2, 76, 229);
INSERT INTO studentGrades (studentId, subjectId, classId, score, id) VALUES (50, 8, 2, 81, 230);
INSERT INTO studentGrades (studentId, subjectId, classId, score, id) VALUES (50, 9, 2, 77, 231);
INSERT INTO studentGrades (studentId, subjectId, classId, score, id) VALUES (50, 10, 2, 79, 232);
INSERT INTO studentGrades (studentId, subjectId, classId, score, id) VALUES (50, 11, 2, 64, 233);
INSERT INTO studentGrades (studentId, subjectId, classId, score, id) VALUES (50, 12, 2, 79, 234);
INSERT INTO user (userName, email, password, role, schoolId, classId, createdAt, id) VALUES ('Student Grade 2-20', 'student_2_20@edudash.com', '$2b$10$s.PA0yLyULbLz34xWc.3/ube65h6e1DNLNkmnQ2QlOrWSLpMH.KFi', 'student', 1, 2, '2025-12-28T21:39:29.355Z', 51);
INSERT INTO studentGrades (studentId, subjectId, classId, score, id) VALUES (51, 7, 2, 59, 235);
INSERT INTO studentGrades (studentId, subjectId, classId, score, id) VALUES (51, 8, 2, 68, 236);
INSERT INTO studentGrades (studentId, subjectId, classId, score, id) VALUES (51, 9, 2, 73, 237);
INSERT INTO studentGrades (studentId, subjectId, classId, score, id) VALUES (51, 10, 2, 61, 238);
INSERT INTO studentGrades (studentId, subjectId, classId, score, id) VALUES (51, 11, 2, 100, 239);
INSERT INTO studentGrades (studentId, subjectId, classId, score, id) VALUES (51, 12, 2, 60, 240);
INSERT INTO user (userName, email, password, role, schoolId, classId, createdAt, id) VALUES ('Student Grade 3-1', 'student_3_1@edudash.com', '$2b$10$s.PA0yLyULbLz34xWc.3/ube65h6e1DNLNkmnQ2QlOrWSLpMH.KFi', 'student', 1, 3, '2025-12-28T21:39:29.355Z', 52);
INSERT INTO studentGrades (studentId, subjectId, classId, score, id) VALUES (52, 13, 3, 86, 241);
INSERT INTO studentGrades (studentId, subjectId, classId, score, id) VALUES (52, 14, 3, 82, 242);
INSERT INTO studentGrades (studentId, subjectId, classId, score, id) VALUES (52, 15, 3, 87, 243);
INSERT INTO studentGrades (studentId, subjectId, classId, score, id) VALUES (52, 16, 3, 83, 244);
INSERT INTO studentGrades (studentId, subjectId, classId, score, id) VALUES (52, 17, 3, 67, 245);
INSERT INTO studentGrades (studentId, subjectId, classId, score, id) VALUES (52, 18, 3, 81, 246);
INSERT INTO user (userName, email, password, role, schoolId, classId, createdAt, id) VALUES ('Student Grade 3-2', 'student_3_2@edudash.com', '$2b$10$s.PA0yLyULbLz34xWc.3/ube65h6e1DNLNkmnQ2QlOrWSLpMH.KFi', 'student', 1, 3, '2025-12-28T21:39:29.355Z', 53);
INSERT INTO studentGrades (studentId, subjectId, classId, score, id) VALUES (53, 13, 3, 56, 247);
INSERT INTO studentGrades (studentId, subjectId, classId, score, id) VALUES (53, 14, 3, 56, 248);
INSERT INTO studentGrades (studentId, subjectId, classId, score, id) VALUES (53, 15, 3, 96, 249);
INSERT INTO studentGrades (studentId, subjectId, classId, score, id) VALUES (53, 16, 3, 70, 250);
INSERT INTO studentGrades (studentId, subjectId, classId, score, id) VALUES (53, 17, 3, 96, 251);
INSERT INTO studentGrades (studentId, subjectId, classId, score, id) VALUES (53, 18, 3, 52, 252);
INSERT INTO user (userName, email, password, role, schoolId, classId, createdAt, id) VALUES ('Student Grade 3-3', 'student_3_3@edudash.com', '$2b$10$s.PA0yLyULbLz34xWc.3/ube65h6e1DNLNkmnQ2QlOrWSLpMH.KFi', 'student', 1, 3, '2025-12-28T21:39:29.355Z', 54);
INSERT INTO studentGrades (studentId, subjectId, classId, score, id) VALUES (54, 13, 3, 89, 253);
INSERT INTO studentGrades (studentId, subjectId, classId, score, id) VALUES (54, 14, 3, 63, 254);
INSERT INTO studentGrades (studentId, subjectId, classId, score, id) VALUES (54, 15, 3, 74, 255);
INSERT INTO studentGrades (studentId, subjectId, classId, score, id) VALUES (54, 16, 3, 66, 256);
INSERT INTO studentGrades (studentId, subjectId, classId, score, id) VALUES (54, 17, 3, 87, 257);
INSERT INTO studentGrades (studentId, subjectId, classId, score, id) VALUES (54, 18, 3, 100, 258);
INSERT INTO user (userName, email, password, role, schoolId, classId, createdAt, id) VALUES ('Student Grade 3-4', 'student_3_4@edudash.com', '$2b$10$s.PA0yLyULbLz34xWc.3/ube65h6e1DNLNkmnQ2QlOrWSLpMH.KFi', 'student', 1, 3, '2025-12-28T21:39:29.355Z', 55);
INSERT INTO studentGrades (studentId, subjectId, classId, score, id) VALUES (55, 13, 3, 94, 259);
INSERT INTO studentGrades (studentId, subjectId, classId, score, id) VALUES (55, 14, 3, 68, 260);
INSERT INTO studentGrades (studentId, subjectId, classId, score, id) VALUES (55, 15, 3, 61, 261);
INSERT INTO studentGrades (studentId, subjectId, classId, score, id) VALUES (55, 16, 3, 89, 262);
INSERT INTO studentGrades (studentId, subjectId, classId, score, id) VALUES (55, 17, 3, 70, 263);
INSERT INTO studentGrades (studentId, subjectId, classId, score, id) VALUES (55, 18, 3, 74, 264);
INSERT INTO user (userName, email, password, role, schoolId, classId, createdAt, id) VALUES ('Student Grade 3-5', 'student_3_5@edudash.com', '$2b$10$s.PA0yLyULbLz34xWc.3/ube65h6e1DNLNkmnQ2QlOrWSLpMH.KFi', 'student', 1, 3, '2025-12-28T21:39:29.355Z', 56);
INSERT INTO studentGrades (studentId, subjectId, classId, score, id) VALUES (56, 13, 3, 58, 265);
INSERT INTO studentGrades (studentId, subjectId, classId, score, id) VALUES (56, 14, 3, 95, 266);
INSERT INTO studentGrades (studentId, subjectId, classId, score, id) VALUES (56, 15, 3, 66, 267);
INSERT INTO studentGrades (studentId, subjectId, classId, score, id) VALUES (56, 16, 3, 75, 268);
INSERT INTO studentGrades (studentId, subjectId, classId, score, id) VALUES (56, 17, 3, 78, 269);
INSERT INTO studentGrades (studentId, subjectId, classId, score, id) VALUES (56, 18, 3, 77, 270);
INSERT INTO user (userName, email, password, role, schoolId, classId, createdAt, id) VALUES ('Student Grade 3-6', 'student_3_6@edudash.com', '$2b$10$s.PA0yLyULbLz34xWc.3/ube65h6e1DNLNkmnQ2QlOrWSLpMH.KFi', 'student', 1, 3, '2025-12-28T21:39:29.355Z', 57);
INSERT INTO studentGrades (studentId, subjectId, classId, score, id) VALUES (57, 13, 3, 58, 271);
INSERT INTO studentGrades (studentId, subjectId, classId, score, id) VALUES (57, 14, 3, 58, 272);
INSERT INTO studentGrades (studentId, subjectId, classId, score, id) VALUES (57, 15, 3, 77, 273);
INSERT INTO studentGrades (studentId, subjectId, classId, score, id) VALUES (57, 16, 3, 83, 274);
INSERT INTO studentGrades (studentId, subjectId, classId, score, id) VALUES (57, 17, 3, 69, 275);
INSERT INTO studentGrades (studentId, subjectId, classId, score, id) VALUES (57, 18, 3, 67, 276);
INSERT INTO user (userName, email, password, role, schoolId, classId, createdAt, id) VALUES ('Student Grade 3-7', 'student_3_7@edudash.com', '$2b$10$s.PA0yLyULbLz34xWc.3/ube65h6e1DNLNkmnQ2QlOrWSLpMH.KFi', 'student', 1, 3, '2025-12-28T21:39:29.355Z', 58);
INSERT INTO studentGrades (studentId, subjectId, classId, score, id) VALUES (58, 13, 3, 53, 277);
INSERT INTO studentGrades (studentId, subjectId, classId, score, id) VALUES (58, 14, 3, 79, 278);
INSERT INTO studentGrades (studentId, subjectId, classId, score, id) VALUES (58, 15, 3, 67, 279);
INSERT INTO studentGrades (studentId, subjectId, classId, score, id) VALUES (58, 16, 3, 57, 280);
INSERT INTO studentGrades (studentId, subjectId, classId, score, id) VALUES (58, 17, 3, 94, 281);
INSERT INTO studentGrades (studentId, subjectId, classId, score, id) VALUES (58, 18, 3, 56, 282);
INSERT INTO user (userName, email, password, role, schoolId, classId, createdAt, id) VALUES ('Student Grade 3-8', 'student_3_8@edudash.com', '$2b$10$s.PA0yLyULbLz34xWc.3/ube65h6e1DNLNkmnQ2QlOrWSLpMH.KFi', 'student', 1, 3, '2025-12-28T21:39:29.355Z', 59);
INSERT INTO studentGrades (studentId, subjectId, classId, score, id) VALUES (59, 13, 3, 76, 283);
INSERT INTO studentGrades (studentId, subjectId, classId, score, id) VALUES (59, 14, 3, 68, 284);
INSERT INTO studentGrades (studentId, subjectId, classId, score, id) VALUES (59, 15, 3, 90, 285);
INSERT INTO studentGrades (studentId, subjectId, classId, score, id) VALUES (59, 16, 3, 75, 286);
INSERT INTO studentGrades (studentId, subjectId, classId, score, id) VALUES (59, 17, 3, 53, 287);
INSERT INTO studentGrades (studentId, subjectId, classId, score, id) VALUES (59, 18, 3, 77, 288);
INSERT INTO user (userName, email, password, role, schoolId, classId, createdAt, id) VALUES ('Student Grade 3-9', 'student_3_9@edudash.com', '$2b$10$s.PA0yLyULbLz34xWc.3/ube65h6e1DNLNkmnQ2QlOrWSLpMH.KFi', 'student', 1, 3, '2025-12-28T21:39:29.355Z', 60);
INSERT INTO studentGrades (studentId, subjectId, classId, score, id) VALUES (60, 13, 3, 72, 289);
INSERT INTO studentGrades (studentId, subjectId, classId, score, id) VALUES (60, 14, 3, 74, 290);
INSERT INTO studentGrades (studentId, subjectId, classId, score, id) VALUES (60, 15, 3, 82, 291);
INSERT INTO studentGrades (studentId, subjectId, classId, score, id) VALUES (60, 16, 3, 53, 292);
INSERT INTO studentGrades (studentId, subjectId, classId, score, id) VALUES (60, 17, 3, 72, 293);
INSERT INTO studentGrades (studentId, subjectId, classId, score, id) VALUES (60, 18, 3, 92, 294);
INSERT INTO user (userName, email, password, role, schoolId, classId, createdAt, id) VALUES ('Student Grade 3-10', 'student_3_10@edudash.com', '$2b$10$s.PA0yLyULbLz34xWc.3/ube65h6e1DNLNkmnQ2QlOrWSLpMH.KFi', 'student', 1, 3, '2025-12-28T21:39:29.355Z', 61);
INSERT INTO studentGrades (studentId, subjectId, classId, score, id) VALUES (61, 13, 3, 78, 295);
INSERT INTO studentGrades (studentId, subjectId, classId, score, id) VALUES (61, 14, 3, 66, 296);
INSERT INTO studentGrades (studentId, subjectId, classId, score, id) VALUES (61, 15, 3, 96, 297);
INSERT INTO studentGrades (studentId, subjectId, classId, score, id) VALUES (61, 16, 3, 66, 298);
INSERT INTO studentGrades (studentId, subjectId, classId, score, id) VALUES (61, 17, 3, 74, 299);
INSERT INTO studentGrades (studentId, subjectId, classId, score, id) VALUES (61, 18, 3, 62, 300);
INSERT INTO user (userName, email, password, role, schoolId, classId, createdAt, id) VALUES ('Student Grade 3-11', 'student_3_11@edudash.com', '$2b$10$s.PA0yLyULbLz34xWc.3/ube65h6e1DNLNkmnQ2QlOrWSLpMH.KFi', 'student', 1, 3, '2025-12-28T21:39:29.355Z', 62);
INSERT INTO studentGrades (studentId, subjectId, classId, score, id) VALUES (62, 13, 3, 59, 301);
INSERT INTO studentGrades (studentId, subjectId, classId, score, id) VALUES (62, 14, 3, 77, 302);
INSERT INTO studentGrades (studentId, subjectId, classId, score, id) VALUES (62, 15, 3, 64, 303);
INSERT INTO studentGrades (studentId, subjectId, classId, score, id) VALUES (62, 16, 3, 75, 304);
INSERT INTO studentGrades (studentId, subjectId, classId, score, id) VALUES (62, 17, 3, 76, 305);
INSERT INTO studentGrades (studentId, subjectId, classId, score, id) VALUES (62, 18, 3, 57, 306);
INSERT INTO user (userName, email, password, role, schoolId, classId, createdAt, id) VALUES ('Student Grade 3-12', 'student_3_12@edudash.com', '$2b$10$s.PA0yLyULbLz34xWc.3/ube65h6e1DNLNkmnQ2QlOrWSLpMH.KFi', 'student', 1, 3, '2025-12-28T21:39:29.355Z', 63);
INSERT INTO studentGrades (studentId, subjectId, classId, score, id) VALUES (63, 13, 3, 55, 307);
INSERT INTO studentGrades (studentId, subjectId, classId, score, id) VALUES (63, 14, 3, 82, 308);
INSERT INTO studentGrades (studentId, subjectId, classId, score, id) VALUES (63, 15, 3, 98, 309);
INSERT INTO studentGrades (studentId, subjectId, classId, score, id) VALUES (63, 16, 3, 95, 310);
INSERT INTO studentGrades (studentId, subjectId, classId, score, id) VALUES (63, 17, 3, 93, 311);
INSERT INTO studentGrades (studentId, subjectId, classId, score, id) VALUES (63, 18, 3, 93, 312);
INSERT INTO user (userName, email, password, role, schoolId, classId, createdAt, id) VALUES ('Student Grade 3-13', 'student_3_13@edudash.com', '$2b$10$s.PA0yLyULbLz34xWc.3/ube65h6e1DNLNkmnQ2QlOrWSLpMH.KFi', 'student', 1, 3, '2025-12-28T21:39:29.355Z', 64);
INSERT INTO studentGrades (studentId, subjectId, classId, score, id) VALUES (64, 13, 3, 84, 313);
INSERT INTO studentGrades (studentId, subjectId, classId, score, id) VALUES (64, 14, 3, 51, 314);
INSERT INTO studentGrades (studentId, subjectId, classId, score, id) VALUES (64, 15, 3, 71, 315);
INSERT INTO studentGrades (studentId, subjectId, classId, score, id) VALUES (64, 16, 3, 100, 316);
INSERT INTO studentGrades (studentId, subjectId, classId, score, id) VALUES (64, 17, 3, 83, 317);
INSERT INTO studentGrades (studentId, subjectId, classId, score, id) VALUES (64, 18, 3, 71, 318);
INSERT INTO user (userName, email, password, role, schoolId, classId, createdAt, id) VALUES ('Student Grade 3-14', 'student_3_14@edudash.com', '$2b$10$s.PA0yLyULbLz34xWc.3/ube65h6e1DNLNkmnQ2QlOrWSLpMH.KFi', 'student', 1, 3, '2025-12-28T21:39:29.355Z', 65);
INSERT INTO studentGrades (studentId, subjectId, classId, score, id) VALUES (65, 13, 3, 61, 319);
INSERT INTO studentGrades (studentId, subjectId, classId, score, id) VALUES (65, 14, 3, 99, 320);
INSERT INTO studentGrades (studentId, subjectId, classId, score, id) VALUES (65, 15, 3, 89, 321);
INSERT INTO studentGrades (studentId, subjectId, classId, score, id) VALUES (65, 16, 3, 59, 322);
INSERT INTO studentGrades (studentId, subjectId, classId, score, id) VALUES (65, 17, 3, 52, 323);
INSERT INTO studentGrades (studentId, subjectId, classId, score, id) VALUES (65, 18, 3, 53, 324);
INSERT INTO user (userName, email, password, role, schoolId, classId, createdAt, id) VALUES ('Student Grade 3-15', 'student_3_15@edudash.com', '$2b$10$s.PA0yLyULbLz34xWc.3/ube65h6e1DNLNkmnQ2QlOrWSLpMH.KFi', 'student', 1, 3, '2025-12-28T21:39:29.355Z', 66);
INSERT INTO studentGrades (studentId, subjectId, classId, score, id) VALUES (66, 13, 3, 57, 325);
INSERT INTO studentGrades (studentId, subjectId, classId, score, id) VALUES (66, 14, 3, 85, 326);
INSERT INTO studentGrades (studentId, subjectId, classId, score, id) VALUES (66, 15, 3, 59, 327);
INSERT INTO studentGrades (studentId, subjectId, classId, score, id) VALUES (66, 16, 3, 50, 328);
INSERT INTO studentGrades (studentId, subjectId, classId, score, id) VALUES (66, 17, 3, 67, 329);
INSERT INTO studentGrades (studentId, subjectId, classId, score, id) VALUES (66, 18, 3, 50, 330);
INSERT INTO user (userName, email, password, role, schoolId, classId, createdAt, id) VALUES ('Student Grade 3-16', 'student_3_16@edudash.com', '$2b$10$s.PA0yLyULbLz34xWc.3/ube65h6e1DNLNkmnQ2QlOrWSLpMH.KFi', 'student', 1, 3, '2025-12-28T21:39:29.355Z', 67);
INSERT INTO studentGrades (studentId, subjectId, classId, score, id) VALUES (67, 13, 3, 71, 331);
INSERT INTO studentGrades (studentId, subjectId, classId, score, id) VALUES (67, 14, 3, 70, 332);
INSERT INTO studentGrades (studentId, subjectId, classId, score, id) VALUES (67, 15, 3, 85, 333);
INSERT INTO studentGrades (studentId, subjectId, classId, score, id) VALUES (67, 16, 3, 78, 334);
INSERT INTO studentGrades (studentId, subjectId, classId, score, id) VALUES (67, 17, 3, 64, 335);
INSERT INTO studentGrades (studentId, subjectId, classId, score, id) VALUES (67, 18, 3, 72, 336);
INSERT INTO user (userName, email, password, role, schoolId, classId, createdAt, id) VALUES ('Student Grade 3-17', 'student_3_17@edudash.com', '$2b$10$s.PA0yLyULbLz34xWc.3/ube65h6e1DNLNkmnQ2QlOrWSLpMH.KFi', 'student', 1, 3, '2025-12-28T21:39:29.355Z', 68);
INSERT INTO studentGrades (studentId, subjectId, classId, score, id) VALUES (68, 13, 3, 93, 337);
INSERT INTO studentGrades (studentId, subjectId, classId, score, id) VALUES (68, 14, 3, 59, 338);
INSERT INTO studentGrades (studentId, subjectId, classId, score, id) VALUES (68, 15, 3, 57, 339);
INSERT INTO studentGrades (studentId, subjectId, classId, score, id) VALUES (68, 16, 3, 86, 340);
INSERT INTO studentGrades (studentId, subjectId, classId, score, id) VALUES (68, 17, 3, 99, 341);
INSERT INTO studentGrades (studentId, subjectId, classId, score, id) VALUES (68, 18, 3, 68, 342);
INSERT INTO user (userName, email, password, role, schoolId, classId, createdAt, id) VALUES ('Student Grade 3-18', 'student_3_18@edudash.com', '$2b$10$s.PA0yLyULbLz34xWc.3/ube65h6e1DNLNkmnQ2QlOrWSLpMH.KFi', 'student', 1, 3, '2025-12-28T21:39:29.355Z', 69);
INSERT INTO studentGrades (studentId, subjectId, classId, score, id) VALUES (69, 13, 3, 67, 343);
INSERT INTO studentGrades (studentId, subjectId, classId, score, id) VALUES (69, 14, 3, 71, 344);
INSERT INTO studentGrades (studentId, subjectId, classId, score, id) VALUES (69, 15, 3, 56, 345);
INSERT INTO studentGrades (studentId, subjectId, classId, score, id) VALUES (69, 16, 3, 91, 346);
INSERT INTO studentGrades (studentId, subjectId, classId, score, id) VALUES (69, 17, 3, 51, 347);
INSERT INTO studentGrades (studentId, subjectId, classId, score, id) VALUES (69, 18, 3, 52, 348);
INSERT INTO user (userName, email, password, role, schoolId, classId, createdAt, id) VALUES ('Student Grade 3-19', 'student_3_19@edudash.com', '$2b$10$s.PA0yLyULbLz34xWc.3/ube65h6e1DNLNkmnQ2QlOrWSLpMH.KFi', 'student', 1, 3, '2025-12-28T21:39:29.355Z', 70);
INSERT INTO studentGrades (studentId, subjectId, classId, score, id) VALUES (70, 13, 3, 100, 349);
INSERT INTO studentGrades (studentId, subjectId, classId, score, id) VALUES (70, 14, 3, 72, 350);
INSERT INTO studentGrades (studentId, subjectId, classId, score, id) VALUES (70, 15, 3, 80, 351);
INSERT INTO studentGrades (studentId, subjectId, classId, score, id) VALUES (70, 16, 3, 97, 352);
INSERT INTO studentGrades (studentId, subjectId, classId, score, id) VALUES (70, 17, 3, 74, 353);
INSERT INTO studentGrades (studentId, subjectId, classId, score, id) VALUES (70, 18, 3, 70, 354);
INSERT INTO user (userName, email, password, role, schoolId, classId, createdAt, id) VALUES ('Student Grade 3-20', 'student_3_20@edudash.com', '$2b$10$s.PA0yLyULbLz34xWc.3/ube65h6e1DNLNkmnQ2QlOrWSLpMH.KFi', 'student', 1, 3, '2025-12-28T21:39:29.355Z', 71);
INSERT INTO studentGrades (studentId, subjectId, classId, score, id) VALUES (71, 13, 3, 68, 355);
INSERT INTO studentGrades (studentId, subjectId, classId, score, id) VALUES (71, 14, 3, 74, 356);
INSERT INTO studentGrades (studentId, subjectId, classId, score, id) VALUES (71, 15, 3, 100, 357);
INSERT INTO studentGrades (studentId, subjectId, classId, score, id) VALUES (71, 16, 3, 88, 358);
INSERT INTO studentGrades (studentId, subjectId, classId, score, id) VALUES (71, 17, 3, 64, 359);
INSERT INTO studentGrades (studentId, subjectId, classId, score, id) VALUES (71, 18, 3, 71, 360);
INSERT INTO user (userName, email, password, role, schoolId, classId, createdAt, id) VALUES ('Student Grade 4-1', 'student_4_1@edudash.com', '$2b$10$s.PA0yLyULbLz34xWc.3/ube65h6e1DNLNkmnQ2QlOrWSLpMH.KFi', 'student', 1, 4, '2025-12-28T21:39:29.355Z', 72);
INSERT INTO studentGrades (studentId, subjectId, classId, score, id) VALUES (72, 19, 4, 84, 361);
INSERT INTO studentGrades (studentId, subjectId, classId, score, id) VALUES (72, 20, 4, 73, 362);
INSERT INTO studentGrades (studentId, subjectId, classId, score, id) VALUES (72, 21, 4, 67, 363);
INSERT INTO studentGrades (studentId, subjectId, classId, score, id) VALUES (72, 22, 4, 51, 364);
INSERT INTO studentGrades (studentId, subjectId, classId, score, id) VALUES (72, 23, 4, 63, 365);
INSERT INTO studentGrades (studentId, subjectId, classId, score, id) VALUES (72, 24, 4, 74, 366);
INSERT INTO user (userName, email, password, role, schoolId, classId, createdAt, id) VALUES ('Student Grade 4-2', 'student_4_2@edudash.com', '$2b$10$s.PA0yLyULbLz34xWc.3/ube65h6e1DNLNkmnQ2QlOrWSLpMH.KFi', 'student', 1, 4, '2025-12-28T21:39:29.355Z', 73);
INSERT INTO studentGrades (studentId, subjectId, classId, score, id) VALUES (73, 19, 4, 78, 367);
INSERT INTO studentGrades (studentId, subjectId, classId, score, id) VALUES (73, 20, 4, 52, 368);
INSERT INTO studentGrades (studentId, subjectId, classId, score, id) VALUES (73, 21, 4, 90, 369);
INSERT INTO studentGrades (studentId, subjectId, classId, score, id) VALUES (73, 22, 4, 61, 370);
INSERT INTO studentGrades (studentId, subjectId, classId, score, id) VALUES (73, 23, 4, 77, 371);
INSERT INTO studentGrades (studentId, subjectId, classId, score, id) VALUES (73, 24, 4, 95, 372);
INSERT INTO user (userName, email, password, role, schoolId, classId, createdAt, id) VALUES ('Student Grade 4-3', 'student_4_3@edudash.com', '$2b$10$s.PA0yLyULbLz34xWc.3/ube65h6e1DNLNkmnQ2QlOrWSLpMH.KFi', 'student', 1, 4, '2025-12-28T21:39:29.355Z', 74);
INSERT INTO studentGrades (studentId, subjectId, classId, score, id) VALUES (74, 19, 4, 82, 373);
INSERT INTO studentGrades (studentId, subjectId, classId, score, id) VALUES (74, 20, 4, 89, 374);
INSERT INTO studentGrades (studentId, subjectId, classId, score, id) VALUES (74, 21, 4, 51, 375);
INSERT INTO studentGrades (studentId, subjectId, classId, score, id) VALUES (74, 22, 4, 52, 376);
INSERT INTO studentGrades (studentId, subjectId, classId, score, id) VALUES (74, 23, 4, 84, 377);
INSERT INTO studentGrades (studentId, subjectId, classId, score, id) VALUES (74, 24, 4, 60, 378);
INSERT INTO user (userName, email, password, role, schoolId, classId, createdAt, id) VALUES ('Student Grade 4-4', 'student_4_4@edudash.com', '$2b$10$s.PA0yLyULbLz34xWc.3/ube65h6e1DNLNkmnQ2QlOrWSLpMH.KFi', 'student', 1, 4, '2025-12-28T21:39:29.355Z', 75);
INSERT INTO studentGrades (studentId, subjectId, classId, score, id) VALUES (75, 19, 4, 61, 379);
INSERT INTO studentGrades (studentId, subjectId, classId, score, id) VALUES (75, 20, 4, 94, 380);
INSERT INTO studentGrades (studentId, subjectId, classId, score, id) VALUES (75, 21, 4, 76, 381);
INSERT INTO studentGrades (studentId, subjectId, classId, score, id) VALUES (75, 22, 4, 92, 382);
INSERT INTO studentGrades (studentId, subjectId, classId, score, id) VALUES (75, 23, 4, 85, 383);
INSERT INTO studentGrades (studentId, subjectId, classId, score, id) VALUES (75, 24, 4, 97, 384);
INSERT INTO user (userName, email, password, role, schoolId, classId, createdAt, id) VALUES ('Student Grade 4-5', 'student_4_5@edudash.com', '$2b$10$s.PA0yLyULbLz34xWc.3/ube65h6e1DNLNkmnQ2QlOrWSLpMH.KFi', 'student', 1, 4, '2025-12-28T21:39:29.355Z', 76);
INSERT INTO studentGrades (studentId, subjectId, classId, score, id) VALUES (76, 19, 4, 89, 385);
INSERT INTO studentGrades (studentId, subjectId, classId, score, id) VALUES (76, 20, 4, 91, 386);
INSERT INTO studentGrades (studentId, subjectId, classId, score, id) VALUES (76, 21, 4, 84, 387);
INSERT INTO studentGrades (studentId, subjectId, classId, score, id) VALUES (76, 22, 4, 80, 388);
INSERT INTO studentGrades (studentId, subjectId, classId, score, id) VALUES (76, 23, 4, 95, 389);
INSERT INTO studentGrades (studentId, subjectId, classId, score, id) VALUES (76, 24, 4, 55, 390);
INSERT INTO user (userName, email, password, role, schoolId, classId, createdAt, id) VALUES ('Student Grade 4-6', 'student_4_6@edudash.com', '$2b$10$s.PA0yLyULbLz34xWc.3/ube65h6e1DNLNkmnQ2QlOrWSLpMH.KFi', 'student', 1, 4, '2025-12-28T21:39:29.355Z', 77);
INSERT INTO studentGrades (studentId, subjectId, classId, score, id) VALUES (77, 19, 4, 69, 391);
INSERT INTO studentGrades (studentId, subjectId, classId, score, id) VALUES (77, 20, 4, 55, 392);
INSERT INTO studentGrades (studentId, subjectId, classId, score, id) VALUES (77, 21, 4, 89, 393);
INSERT INTO studentGrades (studentId, subjectId, classId, score, id) VALUES (77, 22, 4, 79, 394);
INSERT INTO studentGrades (studentId, subjectId, classId, score, id) VALUES (77, 23, 4, 73, 395);
INSERT INTO studentGrades (studentId, subjectId, classId, score, id) VALUES (77, 24, 4, 66, 396);
INSERT INTO user (userName, email, password, role, schoolId, classId, createdAt, id) VALUES ('Student Grade 4-7', 'student_4_7@edudash.com', '$2b$10$s.PA0yLyULbLz34xWc.3/ube65h6e1DNLNkmnQ2QlOrWSLpMH.KFi', 'student', 1, 4, '2025-12-28T21:39:29.355Z', 78);
INSERT INTO studentGrades (studentId, subjectId, classId, score, id) VALUES (78, 19, 4, 69, 397);
INSERT INTO studentGrades (studentId, subjectId, classId, score, id) VALUES (78, 20, 4, 94, 398);
INSERT INTO studentGrades (studentId, subjectId, classId, score, id) VALUES (78, 21, 4, 77, 399);
INSERT INTO studentGrades (studentId, subjectId, classId, score, id) VALUES (78, 22, 4, 96, 400);
INSERT INTO studentGrades (studentId, subjectId, classId, score, id) VALUES (78, 23, 4, 96, 401);
INSERT INTO studentGrades (studentId, subjectId, classId, score, id) VALUES (78, 24, 4, 56, 402);
INSERT INTO user (userName, email, password, role, schoolId, classId, createdAt, id) VALUES ('Student Grade 4-8', 'student_4_8@edudash.com', '$2b$10$s.PA0yLyULbLz34xWc.3/ube65h6e1DNLNkmnQ2QlOrWSLpMH.KFi', 'student', 1, 4, '2025-12-28T21:39:29.355Z', 79);
INSERT INTO studentGrades (studentId, subjectId, classId, score, id) VALUES (79, 19, 4, 59, 403);
INSERT INTO studentGrades (studentId, subjectId, classId, score, id) VALUES (79, 20, 4, 84, 404);
INSERT INTO studentGrades (studentId, subjectId, classId, score, id) VALUES (79, 21, 4, 99, 405);
INSERT INTO studentGrades (studentId, subjectId, classId, score, id) VALUES (79, 22, 4, 65, 406);
INSERT INTO studentGrades (studentId, subjectId, classId, score, id) VALUES (79, 23, 4, 71, 407);
INSERT INTO studentGrades (studentId, subjectId, classId, score, id) VALUES (79, 24, 4, 74, 408);
INSERT INTO user (userName, email, password, role, schoolId, classId, createdAt, id) VALUES ('Student Grade 4-9', 'student_4_9@edudash.com', '$2b$10$s.PA0yLyULbLz34xWc.3/ube65h6e1DNLNkmnQ2QlOrWSLpMH.KFi', 'student', 1, 4, '2025-12-28T21:39:29.355Z', 80);
INSERT INTO studentGrades (studentId, subjectId, classId, score, id) VALUES (80, 19, 4, 85, 409);
INSERT INTO studentGrades (studentId, subjectId, classId, score, id) VALUES (80, 20, 4, 74, 410);
INSERT INTO studentGrades (studentId, subjectId, classId, score, id) VALUES (80, 21, 4, 94, 411);
INSERT INTO studentGrades (studentId, subjectId, classId, score, id) VALUES (80, 22, 4, 96, 412);
INSERT INTO studentGrades (studentId, subjectId, classId, score, id) VALUES (80, 23, 4, 71, 413);
INSERT INTO studentGrades (studentId, subjectId, classId, score, id) VALUES (80, 24, 4, 87, 414);
INSERT INTO user (userName, email, password, role, schoolId, classId, createdAt, id) VALUES ('Student Grade 4-10', 'student_4_10@edudash.com', '$2b$10$s.PA0yLyULbLz34xWc.3/ube65h6e1DNLNkmnQ2QlOrWSLpMH.KFi', 'student', 1, 4, '2025-12-28T21:39:29.355Z', 81);
INSERT INTO studentGrades (studentId, subjectId, classId, score, id) VALUES (81, 19, 4, 67, 415);
INSERT INTO studentGrades (studentId, subjectId, classId, score, id) VALUES (81, 20, 4, 72, 416);
INSERT INTO studentGrades (studentId, subjectId, classId, score, id) VALUES (81, 21, 4, 52, 417);
INSERT INTO studentGrades (studentId, subjectId, classId, score, id) VALUES (81, 22, 4, 94, 418);
INSERT INTO studentGrades (studentId, subjectId, classId, score, id) VALUES (81, 23, 4, 54, 419);
INSERT INTO studentGrades (studentId, subjectId, classId, score, id) VALUES (81, 24, 4, 75, 420);
INSERT INTO user (userName, email, password, role, schoolId, classId, createdAt, id) VALUES ('Student Grade 4-11', 'student_4_11@edudash.com', '$2b$10$s.PA0yLyULbLz34xWc.3/ube65h6e1DNLNkmnQ2QlOrWSLpMH.KFi', 'student', 1, 4, '2025-12-28T21:39:29.355Z', 82);
INSERT INTO studentGrades (studentId, subjectId, classId, score, id) VALUES (82, 19, 4, 51, 421);
INSERT INTO studentGrades (studentId, subjectId, classId, score, id) VALUES (82, 20, 4, 77, 422);
INSERT INTO studentGrades (studentId, subjectId, classId, score, id) VALUES (82, 21, 4, 56, 423);
INSERT INTO studentGrades (studentId, subjectId, classId, score, id) VALUES (82, 22, 4, 58, 424);
INSERT INTO studentGrades (studentId, subjectId, classId, score, id) VALUES (82, 23, 4, 72, 425);
INSERT INTO studentGrades (studentId, subjectId, classId, score, id) VALUES (82, 24, 4, 83, 426);
INSERT INTO user (userName, email, password, role, schoolId, classId, createdAt, id) VALUES ('Student Grade 4-12', 'student_4_12@edudash.com', '$2b$10$s.PA0yLyULbLz34xWc.3/ube65h6e1DNLNkmnQ2QlOrWSLpMH.KFi', 'student', 1, 4, '2025-12-28T21:39:29.355Z', 83);
INSERT INTO studentGrades (studentId, subjectId, classId, score, id) VALUES (83, 19, 4, 72, 427);
INSERT INTO studentGrades (studentId, subjectId, classId, score, id) VALUES (83, 20, 4, 62, 428);
INSERT INTO studentGrades (studentId, subjectId, classId, score, id) VALUES (83, 21, 4, 73, 429);
INSERT INTO studentGrades (studentId, subjectId, classId, score, id) VALUES (83, 22, 4, 78, 430);
INSERT INTO studentGrades (studentId, subjectId, classId, score, id) VALUES (83, 23, 4, 64, 431);
INSERT INTO studentGrades (studentId, subjectId, classId, score, id) VALUES (83, 24, 4, 96, 432);
INSERT INTO user (userName, email, password, role, schoolId, classId, createdAt, id) VALUES ('Student Grade 4-13', 'student_4_13@edudash.com', '$2b$10$s.PA0yLyULbLz34xWc.3/ube65h6e1DNLNkmnQ2QlOrWSLpMH.KFi', 'student', 1, 4, '2025-12-28T21:39:29.355Z', 84);
INSERT INTO studentGrades (studentId, subjectId, classId, score, id) VALUES (84, 19, 4, 56, 433);
INSERT INTO studentGrades (studentId, subjectId, classId, score, id) VALUES (84, 20, 4, 80, 434);
INSERT INTO studentGrades (studentId, subjectId, classId, score, id) VALUES (84, 21, 4, 90, 435);
INSERT INTO studentGrades (studentId, subjectId, classId, score, id) VALUES (84, 22, 4, 99, 436);
INSERT INTO studentGrades (studentId, subjectId, classId, score, id) VALUES (84, 23, 4, 100, 437);
INSERT INTO studentGrades (studentId, subjectId, classId, score, id) VALUES (84, 24, 4, 67, 438);
INSERT INTO user (userName, email, password, role, schoolId, classId, createdAt, id) VALUES ('Student Grade 4-14', 'student_4_14@edudash.com', '$2b$10$s.PA0yLyULbLz34xWc.3/ube65h6e1DNLNkmnQ2QlOrWSLpMH.KFi', 'student', 1, 4, '2025-12-28T21:39:29.355Z', 85);
INSERT INTO studentGrades (studentId, subjectId, classId, score, id) VALUES (85, 19, 4, 51, 439);
INSERT INTO studentGrades (studentId, subjectId, classId, score, id) VALUES (85, 20, 4, 100, 440);
INSERT INTO studentGrades (studentId, subjectId, classId, score, id) VALUES (85, 21, 4, 51, 441);
INSERT INTO studentGrades (studentId, subjectId, classId, score, id) VALUES (85, 22, 4, 61, 442);
INSERT INTO studentGrades (studentId, subjectId, classId, score, id) VALUES (85, 23, 4, 68, 443);
INSERT INTO studentGrades (studentId, subjectId, classId, score, id) VALUES (85, 24, 4, 69, 444);
INSERT INTO user (userName, email, password, role, schoolId, classId, createdAt, id) VALUES ('Student Grade 4-15', 'student_4_15@edudash.com', '$2b$10$s.PA0yLyULbLz34xWc.3/ube65h6e1DNLNkmnQ2QlOrWSLpMH.KFi', 'student', 1, 4, '2025-12-28T21:39:29.355Z', 86);
INSERT INTO studentGrades (studentId, subjectId, classId, score, id) VALUES (86, 19, 4, 97, 445);
INSERT INTO studentGrades (studentId, subjectId, classId, score, id) VALUES (86, 20, 4, 65, 446);
INSERT INTO studentGrades (studentId, subjectId, classId, score, id) VALUES (86, 21, 4, 80, 447);
INSERT INTO studentGrades (studentId, subjectId, classId, score, id) VALUES (86, 22, 4, 56, 448);
INSERT INTO studentGrades (studentId, subjectId, classId, score, id) VALUES (86, 23, 4, 74, 449);
INSERT INTO studentGrades (studentId, subjectId, classId, score, id) VALUES (86, 24, 4, 62, 450);
INSERT INTO user (userName, email, password, role, schoolId, classId, createdAt, id) VALUES ('Student Grade 4-16', 'student_4_16@edudash.com', '$2b$10$s.PA0yLyULbLz34xWc.3/ube65h6e1DNLNkmnQ2QlOrWSLpMH.KFi', 'student', 1, 4, '2025-12-28T21:39:29.355Z', 87);
INSERT INTO studentGrades (studentId, subjectId, classId, score, id) VALUES (87, 19, 4, 61, 451);
INSERT INTO studentGrades (studentId, subjectId, classId, score, id) VALUES (87, 20, 4, 58, 452);
INSERT INTO studentGrades (studentId, subjectId, classId, score, id) VALUES (87, 21, 4, 61, 453);
INSERT INTO studentGrades (studentId, subjectId, classId, score, id) VALUES (87, 22, 4, 83, 454);
INSERT INTO studentGrades (studentId, subjectId, classId, score, id) VALUES (87, 23, 4, 97, 455);
INSERT INTO studentGrades (studentId, subjectId, classId, score, id) VALUES (87, 24, 4, 98, 456);
INSERT INTO user (userName, email, password, role, schoolId, classId, createdAt, id) VALUES ('Student Grade 4-17', 'student_4_17@edudash.com', '$2b$10$s.PA0yLyULbLz34xWc.3/ube65h6e1DNLNkmnQ2QlOrWSLpMH.KFi', 'student', 1, 4, '2025-12-28T21:39:29.355Z', 88);
INSERT INTO studentGrades (studentId, subjectId, classId, score, id) VALUES (88, 19, 4, 76, 457);
INSERT INTO studentGrades (studentId, subjectId, classId, score, id) VALUES (88, 20, 4, 83, 458);
INSERT INTO studentGrades (studentId, subjectId, classId, score, id) VALUES (88, 21, 4, 93, 459);
INSERT INTO studentGrades (studentId, subjectId, classId, score, id) VALUES (88, 22, 4, 86, 460);
INSERT INTO studentGrades (studentId, subjectId, classId, score, id) VALUES (88, 23, 4, 51, 461);
INSERT INTO studentGrades (studentId, subjectId, classId, score, id) VALUES (88, 24, 4, 98, 462);
INSERT INTO user (userName, email, password, role, schoolId, classId, createdAt, id) VALUES ('Student Grade 4-18', 'student_4_18@edudash.com', '$2b$10$s.PA0yLyULbLz34xWc.3/ube65h6e1DNLNkmnQ2QlOrWSLpMH.KFi', 'student', 1, 4, '2025-12-28T21:39:29.355Z', 89);
INSERT INTO studentGrades (studentId, subjectId, classId, score, id) VALUES (89, 19, 4, 74, 463);
INSERT INTO studentGrades (studentId, subjectId, classId, score, id) VALUES (89, 20, 4, 71, 464);
INSERT INTO studentGrades (studentId, subjectId, classId, score, id) VALUES (89, 21, 4, 67, 465);
INSERT INTO studentGrades (studentId, subjectId, classId, score, id) VALUES (89, 22, 4, 93, 466);
INSERT INTO studentGrades (studentId, subjectId, classId, score, id) VALUES (89, 23, 4, 66, 467);
INSERT INTO studentGrades (studentId, subjectId, classId, score, id) VALUES (89, 24, 4, 96, 468);
INSERT INTO user (userName, email, password, role, schoolId, classId, createdAt, id) VALUES ('Student Grade 4-19', 'student_4_19@edudash.com', '$2b$10$s.PA0yLyULbLz34xWc.3/ube65h6e1DNLNkmnQ2QlOrWSLpMH.KFi', 'student', 1, 4, '2025-12-28T21:39:29.355Z', 90);
INSERT INTO studentGrades (studentId, subjectId, classId, score, id) VALUES (90, 19, 4, 88, 469);
INSERT INTO studentGrades (studentId, subjectId, classId, score, id) VALUES (90, 20, 4, 80, 470);
INSERT INTO studentGrades (studentId, subjectId, classId, score, id) VALUES (90, 21, 4, 62, 471);
INSERT INTO studentGrades (studentId, subjectId, classId, score, id) VALUES (90, 22, 4, 55, 472);
INSERT INTO studentGrades (studentId, subjectId, classId, score, id) VALUES (90, 23, 4, 70, 473);
INSERT INTO studentGrades (studentId, subjectId, classId, score, id) VALUES (90, 24, 4, 80, 474);
INSERT INTO user (userName, email, password, role, schoolId, classId, createdAt, id) VALUES ('Student Grade 4-20', 'student_4_20@edudash.com', '$2b$10$s.PA0yLyULbLz34xWc.3/ube65h6e1DNLNkmnQ2QlOrWSLpMH.KFi', 'student', 1, 4, '2025-12-28T21:39:29.355Z', 91);
INSERT INTO studentGrades (studentId, subjectId, classId, score, id) VALUES (91, 19, 4, 84, 475);
INSERT INTO studentGrades (studentId, subjectId, classId, score, id) VALUES (91, 20, 4, 69, 476);
INSERT INTO studentGrades (studentId, subjectId, classId, score, id) VALUES (91, 21, 4, 85, 477);
INSERT INTO studentGrades (studentId, subjectId, classId, score, id) VALUES (91, 22, 4, 70, 478);
INSERT INTO studentGrades (studentId, subjectId, classId, score, id) VALUES (91, 23, 4, 61, 479);
INSERT INTO studentGrades (studentId, subjectId, classId, score, id) VALUES (91, 24, 4, 79, 480);
INSERT INTO user (userName, email, password, role, schoolId, classId, createdAt, id) VALUES ('Student Grade 5-1', 'student_5_1@edudash.com', '$2b$10$s.PA0yLyULbLz34xWc.3/ube65h6e1DNLNkmnQ2QlOrWSLpMH.KFi', 'student', 1, 5, '2025-12-28T21:39:29.355Z', 92);
INSERT INTO studentGrades (studentId, subjectId, classId, score, id) VALUES (92, 25, 5, 54, 481);
INSERT INTO studentGrades (studentId, subjectId, classId, score, id) VALUES (92, 26, 5, 89, 482);
INSERT INTO studentGrades (studentId, subjectId, classId, score, id) VALUES (92, 27, 5, 92, 483);
INSERT INTO studentGrades (studentId, subjectId, classId, score, id) VALUES (92, 28, 5, 73, 484);
INSERT INTO studentGrades (studentId, subjectId, classId, score, id) VALUES (92, 29, 5, 91, 485);
INSERT INTO studentGrades (studentId, subjectId, classId, score, id) VALUES (92, 30, 5, 78, 486);
INSERT INTO user (userName, email, password, role, schoolId, classId, createdAt, id) VALUES ('Student Grade 5-2', 'student_5_2@edudash.com', '$2b$10$s.PA0yLyULbLz34xWc.3/ube65h6e1DNLNkmnQ2QlOrWSLpMH.KFi', 'student', 1, 5, '2025-12-28T21:39:29.355Z', 93);
INSERT INTO studentGrades (studentId, subjectId, classId, score, id) VALUES (93, 25, 5, 74, 487);
INSERT INTO studentGrades (studentId, subjectId, classId, score, id) VALUES (93, 26, 5, 95, 488);
INSERT INTO studentGrades (studentId, subjectId, classId, score, id) VALUES (93, 27, 5, 63, 489);
INSERT INTO studentGrades (studentId, subjectId, classId, score, id) VALUES (93, 28, 5, 86, 490);
INSERT INTO studentGrades (studentId, subjectId, classId, score, id) VALUES (93, 29, 5, 92, 491);
INSERT INTO studentGrades (studentId, subjectId, classId, score, id) VALUES (93, 30, 5, 58, 492);
INSERT INTO user (userName, email, password, role, schoolId, classId, createdAt, id) VALUES ('Student Grade 5-3', 'student_5_3@edudash.com', '$2b$10$s.PA0yLyULbLz34xWc.3/ube65h6e1DNLNkmnQ2QlOrWSLpMH.KFi', 'student', 1, 5, '2025-12-28T21:39:29.355Z', 94);
INSERT INTO studentGrades (studentId, subjectId, classId, score, id) VALUES (94, 25, 5, 86, 493);
INSERT INTO studentGrades (studentId, subjectId, classId, score, id) VALUES (94, 26, 5, 74, 494);
INSERT INTO studentGrades (studentId, subjectId, classId, score, id) VALUES (94, 27, 5, 91, 495);
INSERT INTO studentGrades (studentId, subjectId, classId, score, id) VALUES (94, 28, 5, 83, 496);
INSERT INTO studentGrades (studentId, subjectId, classId, score, id) VALUES (94, 29, 5, 91, 497);
INSERT INTO studentGrades (studentId, subjectId, classId, score, id) VALUES (94, 30, 5, 50, 498);
INSERT INTO user (userName, email, password, role, schoolId, classId, createdAt, id) VALUES ('Student Grade 5-4', 'student_5_4@edudash.com', '$2b$10$s.PA0yLyULbLz34xWc.3/ube65h6e1DNLNkmnQ2QlOrWSLpMH.KFi', 'student', 1, 5, '2025-12-28T21:39:29.355Z', 95);
INSERT INTO studentGrades (studentId, subjectId, classId, score, id) VALUES (95, 25, 5, 68, 499);
INSERT INTO studentGrades (studentId, subjectId, classId, score, id) VALUES (95, 26, 5, 72, 500);
INSERT INTO studentGrades (studentId, subjectId, classId, score, id) VALUES (95, 27, 5, 50, 501);
INSERT INTO studentGrades (studentId, subjectId, classId, score, id) VALUES (95, 28, 5, 60, 502);
INSERT INTO studentGrades (studentId, subjectId, classId, score, id) VALUES (95, 29, 5, 54, 503);
INSERT INTO studentGrades (studentId, subjectId, classId, score, id) VALUES (95, 30, 5, 70, 504);
INSERT INTO user (userName, email, password, role, schoolId, classId, createdAt, id) VALUES ('Student Grade 5-5', 'student_5_5@edudash.com', '$2b$10$s.PA0yLyULbLz34xWc.3/ube65h6e1DNLNkmnQ2QlOrWSLpMH.KFi', 'student', 1, 5, '2025-12-28T21:39:29.355Z', 96);
INSERT INTO studentGrades (studentId, subjectId, classId, score, id) VALUES (96, 25, 5, 76, 505);
INSERT INTO studentGrades (studentId, subjectId, classId, score, id) VALUES (96, 26, 5, 99, 506);
INSERT INTO studentGrades (studentId, subjectId, classId, score, id) VALUES (96, 27, 5, 97, 507);
INSERT INTO studentGrades (studentId, subjectId, classId, score, id) VALUES (96, 28, 5, 73, 508);
INSERT INTO studentGrades (studentId, subjectId, classId, score, id) VALUES (96, 29, 5, 73, 509);
INSERT INTO studentGrades (studentId, subjectId, classId, score, id) VALUES (96, 30, 5, 90, 510);
INSERT INTO user (userName, email, password, role, schoolId, classId, createdAt, id) VALUES ('Student Grade 5-6', 'student_5_6@edudash.com', '$2b$10$s.PA0yLyULbLz34xWc.3/ube65h6e1DNLNkmnQ2QlOrWSLpMH.KFi', 'student', 1, 5, '2025-12-28T21:39:29.355Z', 97);
INSERT INTO studentGrades (studentId, subjectId, classId, score, id) VALUES (97, 25, 5, 61, 511);
INSERT INTO studentGrades (studentId, subjectId, classId, score, id) VALUES (97, 26, 5, 77, 512);
INSERT INTO studentGrades (studentId, subjectId, classId, score, id) VALUES (97, 27, 5, 83, 513);
INSERT INTO studentGrades (studentId, subjectId, classId, score, id) VALUES (97, 28, 5, 78, 514);
INSERT INTO studentGrades (studentId, subjectId, classId, score, id) VALUES (97, 29, 5, 84, 515);
INSERT INTO studentGrades (studentId, subjectId, classId, score, id) VALUES (97, 30, 5, 88, 516);
INSERT INTO user (userName, email, password, role, schoolId, classId, createdAt, id) VALUES ('Student Grade 5-7', 'student_5_7@edudash.com', '$2b$10$s.PA0yLyULbLz34xWc.3/ube65h6e1DNLNkmnQ2QlOrWSLpMH.KFi', 'student', 1, 5, '2025-12-28T21:39:29.355Z', 98);
INSERT INTO studentGrades (studentId, subjectId, classId, score, id) VALUES (98, 25, 5, 95, 517);
INSERT INTO studentGrades (studentId, subjectId, classId, score, id) VALUES (98, 26, 5, 80, 518);
INSERT INTO studentGrades (studentId, subjectId, classId, score, id) VALUES (98, 27, 5, 94, 519);
INSERT INTO studentGrades (studentId, subjectId, classId, score, id) VALUES (98, 28, 5, 83, 520);
INSERT INTO studentGrades (studentId, subjectId, classId, score, id) VALUES (98, 29, 5, 54, 521);
INSERT INTO studentGrades (studentId, subjectId, classId, score, id) VALUES (98, 30, 5, 99, 522);
INSERT INTO user (userName, email, password, role, schoolId, classId, createdAt, id) VALUES ('Student Grade 5-8', 'student_5_8@edudash.com', '$2b$10$s.PA0yLyULbLz34xWc.3/ube65h6e1DNLNkmnQ2QlOrWSLpMH.KFi', 'student', 1, 5, '2025-12-28T21:39:29.355Z', 99);
INSERT INTO studentGrades (studentId, subjectId, classId, score, id) VALUES (99, 25, 5, 84, 523);
INSERT INTO studentGrades (studentId, subjectId, classId, score, id) VALUES (99, 26, 5, 81, 524);
INSERT INTO studentGrades (studentId, subjectId, classId, score, id) VALUES (99, 27, 5, 89, 525);
INSERT INTO studentGrades (studentId, subjectId, classId, score, id) VALUES (99, 28, 5, 80, 526);
INSERT INTO studentGrades (studentId, subjectId, classId, score, id) VALUES (99, 29, 5, 69, 527);
INSERT INTO studentGrades (studentId, subjectId, classId, score, id) VALUES (99, 30, 5, 56, 528);
INSERT INTO user (userName, email, password, role, schoolId, classId, createdAt, id) VALUES ('Student Grade 5-9', 'student_5_9@edudash.com', '$2b$10$s.PA0yLyULbLz34xWc.3/ube65h6e1DNLNkmnQ2QlOrWSLpMH.KFi', 'student', 1, 5, '2025-12-28T21:39:29.355Z', 100);
INSERT INTO studentGrades (studentId, subjectId, classId, score, id) VALUES (100, 25, 5, 59, 529);
INSERT INTO studentGrades (studentId, subjectId, classId, score, id) VALUES (100, 26, 5, 68, 530);
INSERT INTO studentGrades (studentId, subjectId, classId, score, id) VALUES (100, 27, 5, 99, 531);
INSERT INTO studentGrades (studentId, subjectId, classId, score, id) VALUES (100, 28, 5, 69, 532);
INSERT INTO studentGrades (studentId, subjectId, classId, score, id) VALUES (100, 29, 5, 67, 533);
INSERT INTO studentGrades (studentId, subjectId, classId, score, id) VALUES (100, 30, 5, 94, 534);
INSERT INTO user (userName, email, password, role, schoolId, classId, createdAt, id) VALUES ('Student Grade 5-10', 'student_5_10@edudash.com', '$2b$10$s.PA0yLyULbLz34xWc.3/ube65h6e1DNLNkmnQ2QlOrWSLpMH.KFi', 'student', 1, 5, '2025-12-28T21:39:29.355Z', 101);
INSERT INTO studentGrades (studentId, subjectId, classId, score, id) VALUES (101, 25, 5, 88, 535);
INSERT INTO studentGrades (studentId, subjectId, classId, score, id) VALUES (101, 26, 5, 70, 536);
INSERT INTO studentGrades (studentId, subjectId, classId, score, id) VALUES (101, 27, 5, 59, 537);
INSERT INTO studentGrades (studentId, subjectId, classId, score, id) VALUES (101, 28, 5, 73, 538);
INSERT INTO studentGrades (studentId, subjectId, classId, score, id) VALUES (101, 29, 5, 99, 539);
INSERT INTO studentGrades (studentId, subjectId, classId, score, id) VALUES (101, 30, 5, 69, 540);
INSERT INTO user (userName, email, password, role, schoolId, classId, createdAt, id) VALUES ('Student Grade 5-11', 'student_5_11@edudash.com', '$2b$10$s.PA0yLyULbLz34xWc.3/ube65h6e1DNLNkmnQ2QlOrWSLpMH.KFi', 'student', 1, 5, '2025-12-28T21:39:29.355Z', 102);
INSERT INTO studentGrades (studentId, subjectId, classId, score, id) VALUES (102, 25, 5, 77, 541);
INSERT INTO studentGrades (studentId, subjectId, classId, score, id) VALUES (102, 26, 5, 74, 542);
INSERT INTO studentGrades (studentId, subjectId, classId, score, id) VALUES (102, 27, 5, 60, 543);
INSERT INTO studentGrades (studentId, subjectId, classId, score, id) VALUES (102, 28, 5, 97, 544);
INSERT INTO studentGrades (studentId, subjectId, classId, score, id) VALUES (102, 29, 5, 57, 545);
INSERT INTO studentGrades (studentId, subjectId, classId, score, id) VALUES (102, 30, 5, 72, 546);
INSERT INTO user (userName, email, password, role, schoolId, classId, createdAt, id) VALUES ('Student Grade 5-12', 'student_5_12@edudash.com', '$2b$10$s.PA0yLyULbLz34xWc.3/ube65h6e1DNLNkmnQ2QlOrWSLpMH.KFi', 'student', 1, 5, '2025-12-28T21:39:29.355Z', 103);
INSERT INTO studentGrades (studentId, subjectId, classId, score, id) VALUES (103, 25, 5, 69, 547);
INSERT INTO studentGrades (studentId, subjectId, classId, score, id) VALUES (103, 26, 5, 87, 548);
INSERT INTO studentGrades (studentId, subjectId, classId, score, id) VALUES (103, 27, 5, 84, 549);
INSERT INTO studentGrades (studentId, subjectId, classId, score, id) VALUES (103, 28, 5, 52, 550);
INSERT INTO studentGrades (studentId, subjectId, classId, score, id) VALUES (103, 29, 5, 94, 551);
INSERT INTO studentGrades (studentId, subjectId, classId, score, id) VALUES (103, 30, 5, 71, 552);
INSERT INTO user (userName, email, password, role, schoolId, classId, createdAt, id) VALUES ('Student Grade 5-13', 'student_5_13@edudash.com', '$2b$10$s.PA0yLyULbLz34xWc.3/ube65h6e1DNLNkmnQ2QlOrWSLpMH.KFi', 'student', 1, 5, '2025-12-28T21:39:29.355Z', 104);
INSERT INTO studentGrades (studentId, subjectId, classId, score, id) VALUES (104, 25, 5, 55, 553);
INSERT INTO studentGrades (studentId, subjectId, classId, score, id) VALUES (104, 26, 5, 55, 554);
INSERT INTO studentGrades (studentId, subjectId, classId, score, id) VALUES (104, 27, 5, 64, 555);
INSERT INTO studentGrades (studentId, subjectId, classId, score, id) VALUES (104, 28, 5, 79, 556);
INSERT INTO studentGrades (studentId, subjectId, classId, score, id) VALUES (104, 29, 5, 72, 557);
INSERT INTO studentGrades (studentId, subjectId, classId, score, id) VALUES (104, 30, 5, 89, 558);
INSERT INTO user (userName, email, password, role, schoolId, classId, createdAt, id) VALUES ('Student Grade 5-14', 'student_5_14@edudash.com', '$2b$10$s.PA0yLyULbLz34xWc.3/ube65h6e1DNLNkmnQ2QlOrWSLpMH.KFi', 'student', 1, 5, '2025-12-28T21:39:29.355Z', 105);
INSERT INTO studentGrades (studentId, subjectId, classId, score, id) VALUES (105, 25, 5, 89, 559);
INSERT INTO studentGrades (studentId, subjectId, classId, score, id) VALUES (105, 26, 5, 86, 560);
INSERT INTO studentGrades (studentId, subjectId, classId, score, id) VALUES (105, 27, 5, 65, 561);
INSERT INTO studentGrades (studentId, subjectId, classId, score, id) VALUES (105, 28, 5, 68, 562);
INSERT INTO studentGrades (studentId, subjectId, classId, score, id) VALUES (105, 29, 5, 62, 563);
INSERT INTO studentGrades (studentId, subjectId, classId, score, id) VALUES (105, 30, 5, 89, 564);
INSERT INTO user (userName, email, password, role, schoolId, classId, createdAt, id) VALUES ('Student Grade 5-15', 'student_5_15@edudash.com', '$2b$10$s.PA0yLyULbLz34xWc.3/ube65h6e1DNLNkmnQ2QlOrWSLpMH.KFi', 'student', 1, 5, '2025-12-28T21:39:29.355Z', 106);
INSERT INTO studentGrades (studentId, subjectId, classId, score, id) VALUES (106, 25, 5, 93, 565);
INSERT INTO studentGrades (studentId, subjectId, classId, score, id) VALUES (106, 26, 5, 56, 566);
INSERT INTO studentGrades (studentId, subjectId, classId, score, id) VALUES (106, 27, 5, 63, 567);
INSERT INTO studentGrades (studentId, subjectId, classId, score, id) VALUES (106, 28, 5, 61, 568);
INSERT INTO studentGrades (studentId, subjectId, classId, score, id) VALUES (106, 29, 5, 58, 569);
INSERT INTO studentGrades (studentId, subjectId, classId, score, id) VALUES (106, 30, 5, 95, 570);
INSERT INTO user (userName, email, password, role, schoolId, classId, createdAt, id) VALUES ('Student Grade 5-16', 'student_5_16@edudash.com', '$2b$10$s.PA0yLyULbLz34xWc.3/ube65h6e1DNLNkmnQ2QlOrWSLpMH.KFi', 'student', 1, 5, '2025-12-28T21:39:29.355Z', 107);
INSERT INTO studentGrades (studentId, subjectId, classId, score, id) VALUES (107, 25, 5, 78, 571);
INSERT INTO studentGrades (studentId, subjectId, classId, score, id) VALUES (107, 26, 5, 64, 572);
INSERT INTO studentGrades (studentId, subjectId, classId, score, id) VALUES (107, 27, 5, 68, 573);
INSERT INTO studentGrades (studentId, subjectId, classId, score, id) VALUES (107, 28, 5, 73, 574);
INSERT INTO studentGrades (studentId, subjectId, classId, score, id) VALUES (107, 29, 5, 50, 575);
INSERT INTO studentGrades (studentId, subjectId, classId, score, id) VALUES (107, 30, 5, 62, 576);
INSERT INTO user (userName, email, password, role, schoolId, classId, createdAt, id) VALUES ('Student Grade 5-17', 'student_5_17@edudash.com', '$2b$10$s.PA0yLyULbLz34xWc.3/ube65h6e1DNLNkmnQ2QlOrWSLpMH.KFi', 'student', 1, 5, '2025-12-28T21:39:29.355Z', 108);
INSERT INTO studentGrades (studentId, subjectId, classId, score, id) VALUES (108, 25, 5, 93, 577);
INSERT INTO studentGrades (studentId, subjectId, classId, score, id) VALUES (108, 26, 5, 69, 578);
INSERT INTO studentGrades (studentId, subjectId, classId, score, id) VALUES (108, 27, 5, 89, 579);
INSERT INTO studentGrades (studentId, subjectId, classId, score, id) VALUES (108, 28, 5, 89, 580);
INSERT INTO studentGrades (studentId, subjectId, classId, score, id) VALUES (108, 29, 5, 76, 581);
INSERT INTO studentGrades (studentId, subjectId, classId, score, id) VALUES (108, 30, 5, 50, 582);
INSERT INTO user (userName, email, password, role, schoolId, classId, createdAt, id) VALUES ('Student Grade 5-18', 'student_5_18@edudash.com', '$2b$10$s.PA0yLyULbLz34xWc.3/ube65h6e1DNLNkmnQ2QlOrWSLpMH.KFi', 'student', 1, 5, '2025-12-28T21:39:29.355Z', 109);
INSERT INTO studentGrades (studentId, subjectId, classId, score, id) VALUES (109, 25, 5, 73, 583);
INSERT INTO studentGrades (studentId, subjectId, classId, score, id) VALUES (109, 26, 5, 60, 584);
INSERT INTO studentGrades (studentId, subjectId, classId, score, id) VALUES (109, 27, 5, 64, 585);
INSERT INTO studentGrades (studentId, subjectId, classId, score, id) VALUES (109, 28, 5, 94, 586);
INSERT INTO studentGrades (studentId, subjectId, classId, score, id) VALUES (109, 29, 5, 63, 587);
INSERT INTO studentGrades (studentId, subjectId, classId, score, id) VALUES (109, 30, 5, 87, 588);
INSERT INTO user (userName, email, password, role, schoolId, classId, createdAt, id) VALUES ('Student Grade 5-19', 'student_5_19@edudash.com', '$2b$10$s.PA0yLyULbLz34xWc.3/ube65h6e1DNLNkmnQ2QlOrWSLpMH.KFi', 'student', 1, 5, '2025-12-28T21:39:29.355Z', 110);
INSERT INTO studentGrades (studentId, subjectId, classId, score, id) VALUES (110, 25, 5, 54, 589);
INSERT INTO studentGrades (studentId, subjectId, classId, score, id) VALUES (110, 26, 5, 82, 590);
INSERT INTO studentGrades (studentId, subjectId, classId, score, id) VALUES (110, 27, 5, 84, 591);
INSERT INTO studentGrades (studentId, subjectId, classId, score, id) VALUES (110, 28, 5, 93, 592);
INSERT INTO studentGrades (studentId, subjectId, classId, score, id) VALUES (110, 29, 5, 98, 593);
INSERT INTO studentGrades (studentId, subjectId, classId, score, id) VALUES (110, 30, 5, 56, 594);
INSERT INTO user (userName, email, password, role, schoolId, classId, createdAt, id) VALUES ('Student Grade 5-20', 'student_5_20@edudash.com', '$2b$10$s.PA0yLyULbLz34xWc.3/ube65h6e1DNLNkmnQ2QlOrWSLpMH.KFi', 'student', 1, 5, '2025-12-28T21:39:29.355Z', 111);
INSERT INTO studentGrades (studentId, subjectId, classId, score, id) VALUES (111, 25, 5, 73, 595);
INSERT INTO studentGrades (studentId, subjectId, classId, score, id) VALUES (111, 26, 5, 84, 596);
INSERT INTO studentGrades (studentId, subjectId, classId, score, id) VALUES (111, 27, 5, 90, 597);
INSERT INTO studentGrades (studentId, subjectId, classId, score, id) VALUES (111, 28, 5, 99, 598);
INSERT INTO studentGrades (studentId, subjectId, classId, score, id) VALUES (111, 29, 5, 73, 599);
INSERT INTO studentGrades (studentId, subjectId, classId, score, id) VALUES (111, 30, 5, 84, 600);
INSERT INTO user (userName, email, password, role, schoolId, classId, createdAt, id) VALUES ('Student Grade 6-1', 'student_6_1@edudash.com', '$2b$10$s.PA0yLyULbLz34xWc.3/ube65h6e1DNLNkmnQ2QlOrWSLpMH.KFi', 'student', 1, 6, '2025-12-28T21:39:29.355Z', 112);
INSERT INTO studentGrades (studentId, subjectId, classId, score, id) VALUES (112, 31, 6, 88, 601);
INSERT INTO studentGrades (studentId, subjectId, classId, score, id) VALUES (112, 32, 6, 67, 602);
INSERT INTO studentGrades (studentId, subjectId, classId, score, id) VALUES (112, 33, 6, 70, 603);
INSERT INTO studentGrades (studentId, subjectId, classId, score, id) VALUES (112, 34, 6, 73, 604);
INSERT INTO studentGrades (studentId, subjectId, classId, score, id) VALUES (112, 35, 6, 98, 605);
INSERT INTO studentGrades (studentId, subjectId, classId, score, id) VALUES (112, 36, 6, 56, 606);
INSERT INTO user (userName, email, password, role, schoolId, classId, createdAt, id) VALUES ('Student Grade 6-2', 'student_6_2@edudash.com', '$2b$10$s.PA0yLyULbLz34xWc.3/ube65h6e1DNLNkmnQ2QlOrWSLpMH.KFi', 'student', 1, 6, '2025-12-28T21:39:29.355Z', 113);
INSERT INTO studentGrades (studentId, subjectId, classId, score, id) VALUES (113, 31, 6, 52, 607);
INSERT INTO studentGrades (studentId, subjectId, classId, score, id) VALUES (113, 32, 6, 96, 608);
INSERT INTO studentGrades (studentId, subjectId, classId, score, id) VALUES (113, 33, 6, 55, 609);
INSERT INTO studentGrades (studentId, subjectId, classId, score, id) VALUES (113, 34, 6, 76, 610);
INSERT INTO studentGrades (studentId, subjectId, classId, score, id) VALUES (113, 35, 6, 67, 611);
INSERT INTO studentGrades (studentId, subjectId, classId, score, id) VALUES (113, 36, 6, 71, 612);
INSERT INTO user (userName, email, password, role, schoolId, classId, createdAt, id) VALUES ('Student Grade 6-3', 'student_6_3@edudash.com', '$2b$10$s.PA0yLyULbLz34xWc.3/ube65h6e1DNLNkmnQ2QlOrWSLpMH.KFi', 'student', 1, 6, '2025-12-28T21:39:29.355Z', 114);
INSERT INTO studentGrades (studentId, subjectId, classId, score, id) VALUES (114, 31, 6, 70, 613);
INSERT INTO studentGrades (studentId, subjectId, classId, score, id) VALUES (114, 32, 6, 72, 614);
INSERT INTO studentGrades (studentId, subjectId, classId, score, id) VALUES (114, 33, 6, 98, 615);
INSERT INTO studentGrades (studentId, subjectId, classId, score, id) VALUES (114, 34, 6, 62, 616);
INSERT INTO studentGrades (studentId, subjectId, classId, score, id) VALUES (114, 35, 6, 81, 617);
INSERT INTO studentGrades (studentId, subjectId, classId, score, id) VALUES (114, 36, 6, 56, 618);
INSERT INTO user (userName, email, password, role, schoolId, classId, createdAt, id) VALUES ('Student Grade 6-4', 'student_6_4@edudash.com', '$2b$10$s.PA0yLyULbLz34xWc.3/ube65h6e1DNLNkmnQ2QlOrWSLpMH.KFi', 'student', 1, 6, '2025-12-28T21:39:29.355Z', 115);
INSERT INTO studentGrades (studentId, subjectId, classId, score, id) VALUES (115, 31, 6, 71, 619);
INSERT INTO studentGrades (studentId, subjectId, classId, score, id) VALUES (115, 32, 6, 95, 620);
INSERT INTO studentGrades (studentId, subjectId, classId, score, id) VALUES (115, 33, 6, 81, 621);
INSERT INTO studentGrades (studentId, subjectId, classId, score, id) VALUES (115, 34, 6, 77, 622);
INSERT INTO studentGrades (studentId, subjectId, classId, score, id) VALUES (115, 35, 6, 73, 623);
INSERT INTO studentGrades (studentId, subjectId, classId, score, id) VALUES (115, 36, 6, 82, 624);
INSERT INTO user (userName, email, password, role, schoolId, classId, createdAt, id) VALUES ('Student Grade 6-5', 'student_6_5@edudash.com', '$2b$10$s.PA0yLyULbLz34xWc.3/ube65h6e1DNLNkmnQ2QlOrWSLpMH.KFi', 'student', 1, 6, '2025-12-28T21:39:29.355Z', 116);
INSERT INTO studentGrades (studentId, subjectId, classId, score, id) VALUES (116, 31, 6, 90, 625);
INSERT INTO studentGrades (studentId, subjectId, classId, score, id) VALUES (116, 32, 6, 81, 626);
INSERT INTO studentGrades (studentId, subjectId, classId, score, id) VALUES (116, 33, 6, 64, 627);
INSERT INTO studentGrades (studentId, subjectId, classId, score, id) VALUES (116, 34, 6, 91, 628);
INSERT INTO studentGrades (studentId, subjectId, classId, score, id) VALUES (116, 35, 6, 98, 629);
INSERT INTO studentGrades (studentId, subjectId, classId, score, id) VALUES (116, 36, 6, 92, 630);
INSERT INTO user (userName, email, password, role, schoolId, classId, createdAt, id) VALUES ('Student Grade 6-6', 'student_6_6@edudash.com', '$2b$10$s.PA0yLyULbLz34xWc.3/ube65h6e1DNLNkmnQ2QlOrWSLpMH.KFi', 'student', 1, 6, '2025-12-28T21:39:29.355Z', 117);
INSERT INTO studentGrades (studentId, subjectId, classId, score, id) VALUES (117, 31, 6, 81, 631);
INSERT INTO studentGrades (studentId, subjectId, classId, score, id) VALUES (117, 32, 6, 84, 632);
INSERT INTO studentGrades (studentId, subjectId, classId, score, id) VALUES (117, 33, 6, 75, 633);
INSERT INTO studentGrades (studentId, subjectId, classId, score, id) VALUES (117, 34, 6, 79, 634);
INSERT INTO studentGrades (studentId, subjectId, classId, score, id) VALUES (117, 35, 6, 94, 635);
INSERT INTO studentGrades (studentId, subjectId, classId, score, id) VALUES (117, 36, 6, 50, 636);
INSERT INTO user (userName, email, password, role, schoolId, classId, createdAt, id) VALUES ('Student Grade 6-7', 'student_6_7@edudash.com', '$2b$10$s.PA0yLyULbLz34xWc.3/ube65h6e1DNLNkmnQ2QlOrWSLpMH.KFi', 'student', 1, 6, '2025-12-28T21:39:29.355Z', 118);
INSERT INTO studentGrades (studentId, subjectId, classId, score, id) VALUES (118, 31, 6, 53, 637);
INSERT INTO studentGrades (studentId, subjectId, classId, score, id) VALUES (118, 32, 6, 60, 638);
INSERT INTO studentGrades (studentId, subjectId, classId, score, id) VALUES (118, 33, 6, 91, 639);
INSERT INTO studentGrades (studentId, subjectId, classId, score, id) VALUES (118, 34, 6, 70, 640);
INSERT INTO studentGrades (studentId, subjectId, classId, score, id) VALUES (118, 35, 6, 56, 641);
INSERT INTO studentGrades (studentId, subjectId, classId, score, id) VALUES (118, 36, 6, 67, 642);
INSERT INTO user (userName, email, password, role, schoolId, classId, createdAt, id) VALUES ('Student Grade 6-8', 'student_6_8@edudash.com', '$2b$10$s.PA0yLyULbLz34xWc.3/ube65h6e1DNLNkmnQ2QlOrWSLpMH.KFi', 'student', 1, 6, '2025-12-28T21:39:29.355Z', 119);
INSERT INTO studentGrades (studentId, subjectId, classId, score, id) VALUES (119, 31, 6, 82, 643);
INSERT INTO studentGrades (studentId, subjectId, classId, score, id) VALUES (119, 32, 6, 51, 644);
INSERT INTO studentGrades (studentId, subjectId, classId, score, id) VALUES (119, 33, 6, 56, 645);
INSERT INTO studentGrades (studentId, subjectId, classId, score, id) VALUES (119, 34, 6, 99, 646);
INSERT INTO studentGrades (studentId, subjectId, classId, score, id) VALUES (119, 35, 6, 100, 647);
INSERT INTO studentGrades (studentId, subjectId, classId, score, id) VALUES (119, 36, 6, 95, 648);
INSERT INTO user (userName, email, password, role, schoolId, classId, createdAt, id) VALUES ('Student Grade 6-9', 'student_6_9@edudash.com', '$2b$10$s.PA0yLyULbLz34xWc.3/ube65h6e1DNLNkmnQ2QlOrWSLpMH.KFi', 'student', 1, 6, '2025-12-28T21:39:29.355Z', 120);
INSERT INTO studentGrades (studentId, subjectId, classId, score, id) VALUES (120, 31, 6, 54, 649);
INSERT INTO studentGrades (studentId, subjectId, classId, score, id) VALUES (120, 32, 6, 90, 650);
INSERT INTO studentGrades (studentId, subjectId, classId, score, id) VALUES (120, 33, 6, 71, 651);
INSERT INTO studentGrades (studentId, subjectId, classId, score, id) VALUES (120, 34, 6, 82, 652);
INSERT INTO studentGrades (studentId, subjectId, classId, score, id) VALUES (120, 35, 6, 52, 653);
INSERT INTO studentGrades (studentId, subjectId, classId, score, id) VALUES (120, 36, 6, 81, 654);
INSERT INTO user (userName, email, password, role, schoolId, classId, createdAt, id) VALUES ('Student Grade 6-10', 'student_6_10@edudash.com', '$2b$10$s.PA0yLyULbLz34xWc.3/ube65h6e1DNLNkmnQ2QlOrWSLpMH.KFi', 'student', 1, 6, '2025-12-28T21:39:29.355Z', 121);
INSERT INTO studentGrades (studentId, subjectId, classId, score, id) VALUES (121, 31, 6, 83, 655);
INSERT INTO studentGrades (studentId, subjectId, classId, score, id) VALUES (121, 32, 6, 64, 656);
INSERT INTO studentGrades (studentId, subjectId, classId, score, id) VALUES (121, 33, 6, 59, 657);
INSERT INTO studentGrades (studentId, subjectId, classId, score, id) VALUES (121, 34, 6, 57, 658);
INSERT INTO studentGrades (studentId, subjectId, classId, score, id) VALUES (121, 35, 6, 71, 659);
INSERT INTO studentGrades (studentId, subjectId, classId, score, id) VALUES (121, 36, 6, 89, 660);
INSERT INTO user (userName, email, password, role, schoolId, classId, createdAt, id) VALUES ('Student Grade 6-11', 'student_6_11@edudash.com', '$2b$10$s.PA0yLyULbLz34xWc.3/ube65h6e1DNLNkmnQ2QlOrWSLpMH.KFi', 'student', 1, 6, '2025-12-28T21:39:29.355Z', 122);
INSERT INTO studentGrades (studentId, subjectId, classId, score, id) VALUES (122, 31, 6, 84, 661);
INSERT INTO studentGrades (studentId, subjectId, classId, score, id) VALUES (122, 32, 6, 70, 662);
INSERT INTO studentGrades (studentId, subjectId, classId, score, id) VALUES (122, 33, 6, 79, 663);
INSERT INTO studentGrades (studentId, subjectId, classId, score, id) VALUES (122, 34, 6, 99, 664);
INSERT INTO studentGrades (studentId, subjectId, classId, score, id) VALUES (122, 35, 6, 100, 665);
INSERT INTO studentGrades (studentId, subjectId, classId, score, id) VALUES (122, 36, 6, 75, 666);
INSERT INTO user (userName, email, password, role, schoolId, classId, createdAt, id) VALUES ('Student Grade 6-12', 'student_6_12@edudash.com', '$2b$10$s.PA0yLyULbLz34xWc.3/ube65h6e1DNLNkmnQ2QlOrWSLpMH.KFi', 'student', 1, 6, '2025-12-28T21:39:29.355Z', 123);
INSERT INTO studentGrades (studentId, subjectId, classId, score, id) VALUES (123, 31, 6, 57, 667);
INSERT INTO studentGrades (studentId, subjectId, classId, score, id) VALUES (123, 32, 6, 73, 668);
INSERT INTO studentGrades (studentId, subjectId, classId, score, id) VALUES (123, 33, 6, 74, 669);
INSERT INTO studentGrades (studentId, subjectId, classId, score, id) VALUES (123, 34, 6, 62, 670);
INSERT INTO studentGrades (studentId, subjectId, classId, score, id) VALUES (123, 35, 6, 84, 671);
INSERT INTO studentGrades (studentId, subjectId, classId, score, id) VALUES (123, 36, 6, 91, 672);
INSERT INTO user (userName, email, password, role, schoolId, classId, createdAt, id) VALUES ('Student Grade 6-13', 'student_6_13@edudash.com', '$2b$10$s.PA0yLyULbLz34xWc.3/ube65h6e1DNLNkmnQ2QlOrWSLpMH.KFi', 'student', 1, 6, '2025-12-28T21:39:29.355Z', 124);
INSERT INTO studentGrades (studentId, subjectId, classId, score, id) VALUES (124, 31, 6, 90, 673);
INSERT INTO studentGrades (studentId, subjectId, classId, score, id) VALUES (124, 32, 6, 81, 674);
INSERT INTO studentGrades (studentId, subjectId, classId, score, id) VALUES (124, 33, 6, 64, 675);
INSERT INTO studentGrades (studentId, subjectId, classId, score, id) VALUES (124, 34, 6, 97, 676);
INSERT INTO studentGrades (studentId, subjectId, classId, score, id) VALUES (124, 35, 6, 98, 677);
INSERT INTO studentGrades (studentId, subjectId, classId, score, id) VALUES (124, 36, 6, 78, 678);
INSERT INTO user (userName, email, password, role, schoolId, classId, createdAt, id) VALUES ('Student Grade 6-14', 'student_6_14@edudash.com', '$2b$10$s.PA0yLyULbLz34xWc.3/ube65h6e1DNLNkmnQ2QlOrWSLpMH.KFi', 'student', 1, 6, '2025-12-28T21:39:29.355Z', 125);
INSERT INTO studentGrades (studentId, subjectId, classId, score, id) VALUES (125, 31, 6, 60, 679);
INSERT INTO studentGrades (studentId, subjectId, classId, score, id) VALUES (125, 32, 6, 70, 680);
INSERT INTO studentGrades (studentId, subjectId, classId, score, id) VALUES (125, 33, 6, 92, 681);
INSERT INTO studentGrades (studentId, subjectId, classId, score, id) VALUES (125, 34, 6, 95, 682);
INSERT INTO studentGrades (studentId, subjectId, classId, score, id) VALUES (125, 35, 6, 89, 683);
INSERT INTO studentGrades (studentId, subjectId, classId, score, id) VALUES (125, 36, 6, 98, 684);
INSERT INTO user (userName, email, password, role, schoolId, classId, createdAt, id) VALUES ('Student Grade 6-15', 'student_6_15@edudash.com', '$2b$10$s.PA0yLyULbLz34xWc.3/ube65h6e1DNLNkmnQ2QlOrWSLpMH.KFi', 'student', 1, 6, '2025-12-28T21:39:29.355Z', 126);
INSERT INTO studentGrades (studentId, subjectId, classId, score, id) VALUES (126, 31, 6, 81, 685);
INSERT INTO studentGrades (studentId, subjectId, classId, score, id) VALUES (126, 32, 6, 80, 686);
INSERT INTO studentGrades (studentId, subjectId, classId, score, id) VALUES (126, 33, 6, 60, 687);
INSERT INTO studentGrades (studentId, subjectId, classId, score, id) VALUES (126, 34, 6, 88, 688);
INSERT INTO studentGrades (studentId, subjectId, classId, score, id) VALUES (126, 35, 6, 60, 689);
INSERT INTO studentGrades (studentId, subjectId, classId, score, id) VALUES (126, 36, 6, 64, 690);
INSERT INTO user (userName, email, password, role, schoolId, classId, createdAt, id) VALUES ('Student Grade 6-16', 'student_6_16@edudash.com', '$2b$10$s.PA0yLyULbLz34xWc.3/ube65h6e1DNLNkmnQ2QlOrWSLpMH.KFi', 'student', 1, 6, '2025-12-28T21:39:29.355Z', 127);
INSERT INTO studentGrades (studentId, subjectId, classId, score, id) VALUES (127, 31, 6, 57, 691);
INSERT INTO studentGrades (studentId, subjectId, classId, score, id) VALUES (127, 32, 6, 74, 692);
INSERT INTO studentGrades (studentId, subjectId, classId, score, id) VALUES (127, 33, 6, 63, 693);
INSERT INTO studentGrades (studentId, subjectId, classId, score, id) VALUES (127, 34, 6, 99, 694);
INSERT INTO studentGrades (studentId, subjectId, classId, score, id) VALUES (127, 35, 6, 78, 695);
INSERT INTO studentGrades (studentId, subjectId, classId, score, id) VALUES (127, 36, 6, 75, 696);
INSERT INTO user (userName, email, password, role, schoolId, classId, createdAt, id) VALUES ('Student Grade 6-17', 'student_6_17@edudash.com', '$2b$10$s.PA0yLyULbLz34xWc.3/ube65h6e1DNLNkmnQ2QlOrWSLpMH.KFi', 'student', 1, 6, '2025-12-28T21:39:29.355Z', 128);
INSERT INTO studentGrades (studentId, subjectId, classId, score, id) VALUES (128, 31, 6, 81, 697);
INSERT INTO studentGrades (studentId, subjectId, classId, score, id) VALUES (128, 32, 6, 69, 698);
INSERT INTO studentGrades (studentId, subjectId, classId, score, id) VALUES (128, 33, 6, 55, 699);
INSERT INTO studentGrades (studentId, subjectId, classId, score, id) VALUES (128, 34, 6, 85, 700);
INSERT INTO studentGrades (studentId, subjectId, classId, score, id) VALUES (128, 35, 6, 61, 701);
INSERT INTO studentGrades (studentId, subjectId, classId, score, id) VALUES (128, 36, 6, 97, 702);
INSERT INTO user (userName, email, password, role, schoolId, classId, createdAt, id) VALUES ('Student Grade 6-18', 'student_6_18@edudash.com', '$2b$10$s.PA0yLyULbLz34xWc.3/ube65h6e1DNLNkmnQ2QlOrWSLpMH.KFi', 'student', 1, 6, '2025-12-28T21:39:29.355Z', 129);
INSERT INTO studentGrades (studentId, subjectId, classId, score, id) VALUES (129, 31, 6, 82, 703);
INSERT INTO studentGrades (studentId, subjectId, classId, score, id) VALUES (129, 32, 6, 99, 704);
INSERT INTO studentGrades (studentId, subjectId, classId, score, id) VALUES (129, 33, 6, 57, 705);
INSERT INTO studentGrades (studentId, subjectId, classId, score, id) VALUES (129, 34, 6, 72, 706);
INSERT INTO studentGrades (studentId, subjectId, classId, score, id) VALUES (129, 35, 6, 74, 707);
INSERT INTO studentGrades (studentId, subjectId, classId, score, id) VALUES (129, 36, 6, 79, 708);
INSERT INTO user (userName, email, password, role, schoolId, classId, createdAt, id) VALUES ('Student Grade 6-19', 'student_6_19@edudash.com', '$2b$10$s.PA0yLyULbLz34xWc.3/ube65h6e1DNLNkmnQ2QlOrWSLpMH.KFi', 'student', 1, 6, '2025-12-28T21:39:29.355Z', 130);
INSERT INTO studentGrades (studentId, subjectId, classId, score, id) VALUES (130, 31, 6, 57, 709);
INSERT INTO studentGrades (studentId, subjectId, classId, score, id) VALUES (130, 32, 6, 63, 710);
INSERT INTO studentGrades (studentId, subjectId, classId, score, id) VALUES (130, 33, 6, 78, 711);
INSERT INTO studentGrades (studentId, subjectId, classId, score, id) VALUES (130, 34, 6, 79, 712);
INSERT INTO studentGrades (studentId, subjectId, classId, score, id) VALUES (130, 35, 6, 86, 713);
INSERT INTO studentGrades (studentId, subjectId, classId, score, id) VALUES (130, 36, 6, 95, 714);
INSERT INTO user (userName, email, password, role, schoolId, classId, createdAt, id) VALUES ('Student Grade 6-20', 'student_6_20@edudash.com', '$2b$10$s.PA0yLyULbLz34xWc.3/ube65h6e1DNLNkmnQ2QlOrWSLpMH.KFi', 'student', 1, 6, '2025-12-28T21:39:29.355Z', 131);
INSERT INTO studentGrades (studentId, subjectId, classId, score, id) VALUES (131, 31, 6, 94, 715);
INSERT INTO studentGrades (studentId, subjectId, classId, score, id) VALUES (131, 32, 6, 63, 716);
INSERT INTO studentGrades (studentId, subjectId, classId, score, id) VALUES (131, 33, 6, 84, 717);
INSERT INTO studentGrades (studentId, subjectId, classId, score, id) VALUES (131, 34, 6, 79, 718);
INSERT INTO studentGrades (studentId, subjectId, classId, score, id) VALUES (131, 35, 6, 94, 719);
INSERT INTO studentGrades (studentId, subjectId, classId, score, id) VALUES (131, 36, 6, 75, 720);
INSERT INTO user (userName, email, password, role, schoolId, classId, createdAt, id) VALUES ('Student Grade 7-1', 'student_7_1@edudash.com', '$2b$10$s.PA0yLyULbLz34xWc.3/ube65h6e1DNLNkmnQ2QlOrWSLpMH.KFi', 'student', 1, 7, '2025-12-28T21:39:29.355Z', 132);
INSERT INTO studentGrades (studentId, subjectId, classId, score, id) VALUES (132, 37, 7, 82, 721);
INSERT INTO studentGrades (studentId, subjectId, classId, score, id) VALUES (132, 38, 7, 72, 722);
INSERT INTO studentGrades (studentId, subjectId, classId, score, id) VALUES (132, 39, 7, 98, 723);
INSERT INTO studentGrades (studentId, subjectId, classId, score, id) VALUES (132, 40, 7, 61, 724);
INSERT INTO studentGrades (studentId, subjectId, classId, score, id) VALUES (132, 41, 7, 84, 725);
INSERT INTO studentGrades (studentId, subjectId, classId, score, id) VALUES (132, 42, 7, 72, 726);
INSERT INTO user (userName, email, password, role, schoolId, classId, createdAt, id) VALUES ('Student Grade 7-2', 'student_7_2@edudash.com', '$2b$10$s.PA0yLyULbLz34xWc.3/ube65h6e1DNLNkmnQ2QlOrWSLpMH.KFi', 'student', 1, 7, '2025-12-28T21:39:29.355Z', 133);
INSERT INTO studentGrades (studentId, subjectId, classId, score, id) VALUES (133, 37, 7, 70, 727);
INSERT INTO studentGrades (studentId, subjectId, classId, score, id) VALUES (133, 38, 7, 83, 728);
INSERT INTO studentGrades (studentId, subjectId, classId, score, id) VALUES (133, 39, 7, 93, 729);
INSERT INTO studentGrades (studentId, subjectId, classId, score, id) VALUES (133, 40, 7, 86, 730);
INSERT INTO studentGrades (studentId, subjectId, classId, score, id) VALUES (133, 41, 7, 57, 731);
INSERT INTO studentGrades (studentId, subjectId, classId, score, id) VALUES (133, 42, 7, 100, 732);
INSERT INTO user (userName, email, password, role, schoolId, classId, createdAt, id) VALUES ('Student Grade 7-3', 'student_7_3@edudash.com', '$2b$10$s.PA0yLyULbLz34xWc.3/ube65h6e1DNLNkmnQ2QlOrWSLpMH.KFi', 'student', 1, 7, '2025-12-28T21:39:29.355Z', 134);
INSERT INTO studentGrades (studentId, subjectId, classId, score, id) VALUES (134, 37, 7, 80, 733);
INSERT INTO studentGrades (studentId, subjectId, classId, score, id) VALUES (134, 38, 7, 57, 734);
INSERT INTO studentGrades (studentId, subjectId, classId, score, id) VALUES (134, 39, 7, 90, 735);
INSERT INTO studentGrades (studentId, subjectId, classId, score, id) VALUES (134, 40, 7, 66, 736);
INSERT INTO studentGrades (studentId, subjectId, classId, score, id) VALUES (134, 41, 7, 99, 737);
INSERT INTO studentGrades (studentId, subjectId, classId, score, id) VALUES (134, 42, 7, 97, 738);
INSERT INTO user (userName, email, password, role, schoolId, classId, createdAt, id) VALUES ('Student Grade 7-4', 'student_7_4@edudash.com', '$2b$10$s.PA0yLyULbLz34xWc.3/ube65h6e1DNLNkmnQ2QlOrWSLpMH.KFi', 'student', 1, 7, '2025-12-28T21:39:29.355Z', 135);
INSERT INTO studentGrades (studentId, subjectId, classId, score, id) VALUES (135, 37, 7, 74, 739);
INSERT INTO studentGrades (studentId, subjectId, classId, score, id) VALUES (135, 38, 7, 77, 740);
INSERT INTO studentGrades (studentId, subjectId, classId, score, id) VALUES (135, 39, 7, 85, 741);
INSERT INTO studentGrades (studentId, subjectId, classId, score, id) VALUES (135, 40, 7, 88, 742);
INSERT INTO studentGrades (studentId, subjectId, classId, score, id) VALUES (135, 41, 7, 81, 743);
INSERT INTO studentGrades (studentId, subjectId, classId, score, id) VALUES (135, 42, 7, 63, 744);
INSERT INTO user (userName, email, password, role, schoolId, classId, createdAt, id) VALUES ('Student Grade 7-5', 'student_7_5@edudash.com', '$2b$10$s.PA0yLyULbLz34xWc.3/ube65h6e1DNLNkmnQ2QlOrWSLpMH.KFi', 'student', 1, 7, '2025-12-28T21:39:29.355Z', 136);
INSERT INTO studentGrades (studentId, subjectId, classId, score, id) VALUES (136, 37, 7, 92, 745);
INSERT INTO studentGrades (studentId, subjectId, classId, score, id) VALUES (136, 38, 7, 62, 746);
INSERT INTO studentGrades (studentId, subjectId, classId, score, id) VALUES (136, 39, 7, 72, 747);
INSERT INTO studentGrades (studentId, subjectId, classId, score, id) VALUES (136, 40, 7, 79, 748);
INSERT INTO studentGrades (studentId, subjectId, classId, score, id) VALUES (136, 41, 7, 55, 749);
INSERT INTO studentGrades (studentId, subjectId, classId, score, id) VALUES (136, 42, 7, 80, 750);
INSERT INTO user (userName, email, password, role, schoolId, classId, createdAt, id) VALUES ('Student Grade 7-6', 'student_7_6@edudash.com', '$2b$10$s.PA0yLyULbLz34xWc.3/ube65h6e1DNLNkmnQ2QlOrWSLpMH.KFi', 'student', 1, 7, '2025-12-28T21:39:29.355Z', 137);
INSERT INTO studentGrades (studentId, subjectId, classId, score, id) VALUES (137, 37, 7, 62, 751);
INSERT INTO studentGrades (studentId, subjectId, classId, score, id) VALUES (137, 38, 7, 96, 752);
INSERT INTO studentGrades (studentId, subjectId, classId, score, id) VALUES (137, 39, 7, 98, 753);
INSERT INTO studentGrades (studentId, subjectId, classId, score, id) VALUES (137, 40, 7, 71, 754);
INSERT INTO studentGrades (studentId, subjectId, classId, score, id) VALUES (137, 41, 7, 92, 755);
INSERT INTO studentGrades (studentId, subjectId, classId, score, id) VALUES (137, 42, 7, 67, 756);
INSERT INTO user (userName, email, password, role, schoolId, classId, createdAt, id) VALUES ('Student Grade 7-7', 'student_7_7@edudash.com', '$2b$10$s.PA0yLyULbLz34xWc.3/ube65h6e1DNLNkmnQ2QlOrWSLpMH.KFi', 'student', 1, 7, '2025-12-28T21:39:29.355Z', 138);
INSERT INTO studentGrades (studentId, subjectId, classId, score, id) VALUES (138, 37, 7, 97, 757);
INSERT INTO studentGrades (studentId, subjectId, classId, score, id) VALUES (138, 38, 7, 87, 758);
INSERT INTO studentGrades (studentId, subjectId, classId, score, id) VALUES (138, 39, 7, 95, 759);
INSERT INTO studentGrades (studentId, subjectId, classId, score, id) VALUES (138, 40, 7, 61, 760);
INSERT INTO studentGrades (studentId, subjectId, classId, score, id) VALUES (138, 41, 7, 74, 761);
INSERT INTO studentGrades (studentId, subjectId, classId, score, id) VALUES (138, 42, 7, 72, 762);
INSERT INTO user (userName, email, password, role, schoolId, classId, createdAt, id) VALUES ('Student Grade 7-8', 'student_7_8@edudash.com', '$2b$10$s.PA0yLyULbLz34xWc.3/ube65h6e1DNLNkmnQ2QlOrWSLpMH.KFi', 'student', 1, 7, '2025-12-28T21:39:29.355Z', 139);
INSERT INTO studentGrades (studentId, subjectId, classId, score, id) VALUES (139, 37, 7, 98, 763);
INSERT INTO studentGrades (studentId, subjectId, classId, score, id) VALUES (139, 38, 7, 60, 764);
INSERT INTO studentGrades (studentId, subjectId, classId, score, id) VALUES (139, 39, 7, 50, 765);
INSERT INTO studentGrades (studentId, subjectId, classId, score, id) VALUES (139, 40, 7, 65, 766);
INSERT INTO studentGrades (studentId, subjectId, classId, score, id) VALUES (139, 41, 7, 62, 767);
INSERT INTO studentGrades (studentId, subjectId, classId, score, id) VALUES (139, 42, 7, 74, 768);
INSERT INTO user (userName, email, password, role, schoolId, classId, createdAt, id) VALUES ('Student Grade 7-9', 'student_7_9@edudash.com', '$2b$10$s.PA0yLyULbLz34xWc.3/ube65h6e1DNLNkmnQ2QlOrWSLpMH.KFi', 'student', 1, 7, '2025-12-28T21:39:29.355Z', 140);
INSERT INTO studentGrades (studentId, subjectId, classId, score, id) VALUES (140, 37, 7, 76, 769);
INSERT INTO studentGrades (studentId, subjectId, classId, score, id) VALUES (140, 38, 7, 100, 770);
INSERT INTO studentGrades (studentId, subjectId, classId, score, id) VALUES (140, 39, 7, 86, 771);
INSERT INTO studentGrades (studentId, subjectId, classId, score, id) VALUES (140, 40, 7, 96, 772);
INSERT INTO studentGrades (studentId, subjectId, classId, score, id) VALUES (140, 41, 7, 54, 773);
INSERT INTO studentGrades (studentId, subjectId, classId, score, id) VALUES (140, 42, 7, 70, 774);
INSERT INTO user (userName, email, password, role, schoolId, classId, createdAt, id) VALUES ('Student Grade 7-10', 'student_7_10@edudash.com', '$2b$10$s.PA0yLyULbLz34xWc.3/ube65h6e1DNLNkmnQ2QlOrWSLpMH.KFi', 'student', 1, 7, '2025-12-28T21:39:29.355Z', 141);
INSERT INTO studentGrades (studentId, subjectId, classId, score, id) VALUES (141, 37, 7, 79, 775);
INSERT INTO studentGrades (studentId, subjectId, classId, score, id) VALUES (141, 38, 7, 60, 776);
INSERT INTO studentGrades (studentId, subjectId, classId, score, id) VALUES (141, 39, 7, 84, 777);
INSERT INTO studentGrades (studentId, subjectId, classId, score, id) VALUES (141, 40, 7, 87, 778);
INSERT INTO studentGrades (studentId, subjectId, classId, score, id) VALUES (141, 41, 7, 63, 779);
INSERT INTO studentGrades (studentId, subjectId, classId, score, id) VALUES (141, 42, 7, 79, 780);
INSERT INTO user (userName, email, password, role, schoolId, classId, createdAt, id) VALUES ('Student Grade 7-11', 'student_7_11@edudash.com', '$2b$10$s.PA0yLyULbLz34xWc.3/ube65h6e1DNLNkmnQ2QlOrWSLpMH.KFi', 'student', 1, 7, '2025-12-28T21:39:29.355Z', 142);
INSERT INTO studentGrades (studentId, subjectId, classId, score, id) VALUES (142, 37, 7, 74, 781);
INSERT INTO studentGrades (studentId, subjectId, classId, score, id) VALUES (142, 38, 7, 50, 782);
INSERT INTO studentGrades (studentId, subjectId, classId, score, id) VALUES (142, 39, 7, 86, 783);
INSERT INTO studentGrades (studentId, subjectId, classId, score, id) VALUES (142, 40, 7, 82, 784);
INSERT INTO studentGrades (studentId, subjectId, classId, score, id) VALUES (142, 41, 7, 65, 785);
INSERT INTO studentGrades (studentId, subjectId, classId, score, id) VALUES (142, 42, 7, 75, 786);
INSERT INTO user (userName, email, password, role, schoolId, classId, createdAt, id) VALUES ('Student Grade 7-12', 'student_7_12@edudash.com', '$2b$10$s.PA0yLyULbLz34xWc.3/ube65h6e1DNLNkmnQ2QlOrWSLpMH.KFi', 'student', 1, 7, '2025-12-28T21:39:29.355Z', 143);
INSERT INTO studentGrades (studentId, subjectId, classId, score, id) VALUES (143, 37, 7, 74, 787);
INSERT INTO studentGrades (studentId, subjectId, classId, score, id) VALUES (143, 38, 7, 68, 788);
INSERT INTO studentGrades (studentId, subjectId, classId, score, id) VALUES (143, 39, 7, 69, 789);
INSERT INTO studentGrades (studentId, subjectId, classId, score, id) VALUES (143, 40, 7, 77, 790);
INSERT INTO studentGrades (studentId, subjectId, classId, score, id) VALUES (143, 41, 7, 89, 791);
INSERT INTO studentGrades (studentId, subjectId, classId, score, id) VALUES (143, 42, 7, 83, 792);
INSERT INTO user (userName, email, password, role, schoolId, classId, createdAt, id) VALUES ('Student Grade 7-13', 'student_7_13@edudash.com', '$2b$10$s.PA0yLyULbLz34xWc.3/ube65h6e1DNLNkmnQ2QlOrWSLpMH.KFi', 'student', 1, 7, '2025-12-28T21:39:29.355Z', 144);
INSERT INTO studentGrades (studentId, subjectId, classId, score, id) VALUES (144, 37, 7, 65, 793);
INSERT INTO studentGrades (studentId, subjectId, classId, score, id) VALUES (144, 38, 7, 65, 794);
INSERT INTO studentGrades (studentId, subjectId, classId, score, id) VALUES (144, 39, 7, 94, 795);
INSERT INTO studentGrades (studentId, subjectId, classId, score, id) VALUES (144, 40, 7, 74, 796);
INSERT INTO studentGrades (studentId, subjectId, classId, score, id) VALUES (144, 41, 7, 83, 797);
INSERT INTO studentGrades (studentId, subjectId, classId, score, id) VALUES (144, 42, 7, 57, 798);
INSERT INTO user (userName, email, password, role, schoolId, classId, createdAt, id) VALUES ('Student Grade 7-14', 'student_7_14@edudash.com', '$2b$10$s.PA0yLyULbLz34xWc.3/ube65h6e1DNLNkmnQ2QlOrWSLpMH.KFi', 'student', 1, 7, '2025-12-28T21:39:29.355Z', 145);
INSERT INTO studentGrades (studentId, subjectId, classId, score, id) VALUES (145, 37, 7, 61, 799);
INSERT INTO studentGrades (studentId, subjectId, classId, score, id) VALUES (145, 38, 7, 51, 800);
INSERT INTO studentGrades (studentId, subjectId, classId, score, id) VALUES (145, 39, 7, 82, 801);
INSERT INTO studentGrades (studentId, subjectId, classId, score, id) VALUES (145, 40, 7, 59, 802);
INSERT INTO studentGrades (studentId, subjectId, classId, score, id) VALUES (145, 41, 7, 90, 803);
INSERT INTO studentGrades (studentId, subjectId, classId, score, id) VALUES (145, 42, 7, 78, 804);
INSERT INTO user (userName, email, password, role, schoolId, classId, createdAt, id) VALUES ('Student Grade 7-15', 'student_7_15@edudash.com', '$2b$10$s.PA0yLyULbLz34xWc.3/ube65h6e1DNLNkmnQ2QlOrWSLpMH.KFi', 'student', 1, 7, '2025-12-28T21:39:29.355Z', 146);
INSERT INTO studentGrades (studentId, subjectId, classId, score, id) VALUES (146, 37, 7, 100, 805);
INSERT INTO studentGrades (studentId, subjectId, classId, score, id) VALUES (146, 38, 7, 72, 806);
INSERT INTO studentGrades (studentId, subjectId, classId, score, id) VALUES (146, 39, 7, 54, 807);
INSERT INTO studentGrades (studentId, subjectId, classId, score, id) VALUES (146, 40, 7, 90, 808);
INSERT INTO studentGrades (studentId, subjectId, classId, score, id) VALUES (146, 41, 7, 52, 809);
INSERT INTO studentGrades (studentId, subjectId, classId, score, id) VALUES (146, 42, 7, 98, 810);
INSERT INTO user (userName, email, password, role, schoolId, classId, createdAt, id) VALUES ('Student Grade 7-16', 'student_7_16@edudash.com', '$2b$10$s.PA0yLyULbLz34xWc.3/ube65h6e1DNLNkmnQ2QlOrWSLpMH.KFi', 'student', 1, 7, '2025-12-28T21:39:29.355Z', 147);
INSERT INTO studentGrades (studentId, subjectId, classId, score, id) VALUES (147, 37, 7, 57, 811);
INSERT INTO studentGrades (studentId, subjectId, classId, score, id) VALUES (147, 38, 7, 86, 812);
INSERT INTO studentGrades (studentId, subjectId, classId, score, id) VALUES (147, 39, 7, 80, 813);
INSERT INTO studentGrades (studentId, subjectId, classId, score, id) VALUES (147, 40, 7, 82, 814);
INSERT INTO studentGrades (studentId, subjectId, classId, score, id) VALUES (147, 41, 7, 88, 815);
INSERT INTO studentGrades (studentId, subjectId, classId, score, id) VALUES (147, 42, 7, 67, 816);
INSERT INTO user (userName, email, password, role, schoolId, classId, createdAt, id) VALUES ('Student Grade 7-17', 'student_7_17@edudash.com', '$2b$10$s.PA0yLyULbLz34xWc.3/ube65h6e1DNLNkmnQ2QlOrWSLpMH.KFi', 'student', 1, 7, '2025-12-28T21:39:29.355Z', 148);
INSERT INTO studentGrades (studentId, subjectId, classId, score, id) VALUES (148, 37, 7, 91, 817);
INSERT INTO studentGrades (studentId, subjectId, classId, score, id) VALUES (148, 38, 7, 77, 818);
INSERT INTO studentGrades (studentId, subjectId, classId, score, id) VALUES (148, 39, 7, 91, 819);
INSERT INTO studentGrades (studentId, subjectId, classId, score, id) VALUES (148, 40, 7, 56, 820);
INSERT INTO studentGrades (studentId, subjectId, classId, score, id) VALUES (148, 41, 7, 82, 821);
INSERT INTO studentGrades (studentId, subjectId, classId, score, id) VALUES (148, 42, 7, 65, 822);
INSERT INTO user (userName, email, password, role, schoolId, classId, createdAt, id) VALUES ('Student Grade 7-18', 'student_7_18@edudash.com', '$2b$10$s.PA0yLyULbLz34xWc.3/ube65h6e1DNLNkmnQ2QlOrWSLpMH.KFi', 'student', 1, 7, '2025-12-28T21:39:29.355Z', 149);
INSERT INTO studentGrades (studentId, subjectId, classId, score, id) VALUES (149, 37, 7, 85, 823);
INSERT INTO studentGrades (studentId, subjectId, classId, score, id) VALUES (149, 38, 7, 99, 824);
INSERT INTO studentGrades (studentId, subjectId, classId, score, id) VALUES (149, 39, 7, 100, 825);
INSERT INTO studentGrades (studentId, subjectId, classId, score, id) VALUES (149, 40, 7, 87, 826);
INSERT INTO studentGrades (studentId, subjectId, classId, score, id) VALUES (149, 41, 7, 82, 827);
INSERT INTO studentGrades (studentId, subjectId, classId, score, id) VALUES (149, 42, 7, 77, 828);
INSERT INTO user (userName, email, password, role, schoolId, classId, createdAt, id) VALUES ('Student Grade 7-19', 'student_7_19@edudash.com', '$2b$10$s.PA0yLyULbLz34xWc.3/ube65h6e1DNLNkmnQ2QlOrWSLpMH.KFi', 'student', 1, 7, '2025-12-28T21:39:29.355Z', 150);
INSERT INTO studentGrades (studentId, subjectId, classId, score, id) VALUES (150, 37, 7, 61, 829);
INSERT INTO studentGrades (studentId, subjectId, classId, score, id) VALUES (150, 38, 7, 81, 830);
INSERT INTO studentGrades (studentId, subjectId, classId, score, id) VALUES (150, 39, 7, 67, 831);
INSERT INTO studentGrades (studentId, subjectId, classId, score, id) VALUES (150, 40, 7, 86, 832);
INSERT INTO studentGrades (studentId, subjectId, classId, score, id) VALUES (150, 41, 7, 50, 833);
INSERT INTO studentGrades (studentId, subjectId, classId, score, id) VALUES (150, 42, 7, 77, 834);
INSERT INTO user (userName, email, password, role, schoolId, classId, createdAt, id) VALUES ('Student Grade 7-20', 'student_7_20@edudash.com', '$2b$10$s.PA0yLyULbLz34xWc.3/ube65h6e1DNLNkmnQ2QlOrWSLpMH.KFi', 'student', 1, 7, '2025-12-28T21:39:29.355Z', 151);
INSERT INTO studentGrades (studentId, subjectId, classId, score, id) VALUES (151, 37, 7, 53, 835);
INSERT INTO studentGrades (studentId, subjectId, classId, score, id) VALUES (151, 38, 7, 96, 836);
INSERT INTO studentGrades (studentId, subjectId, classId, score, id) VALUES (151, 39, 7, 86, 837);
INSERT INTO studentGrades (studentId, subjectId, classId, score, id) VALUES (151, 40, 7, 85, 838);
INSERT INTO studentGrades (studentId, subjectId, classId, score, id) VALUES (151, 41, 7, 69, 839);
INSERT INTO studentGrades (studentId, subjectId, classId, score, id) VALUES (151, 42, 7, 56, 840);
INSERT INTO user (userName, email, password, role, schoolId, classId, createdAt, id) VALUES ('Student Grade 8-1', 'student_8_1@edudash.com', '$2b$10$s.PA0yLyULbLz34xWc.3/ube65h6e1DNLNkmnQ2QlOrWSLpMH.KFi', 'student', 1, 8, '2025-12-28T21:39:29.355Z', 152);
INSERT INTO studentGrades (studentId, subjectId, classId, score, id) VALUES (152, 43, 8, 96, 841);
INSERT INTO studentGrades (studentId, subjectId, classId, score, id) VALUES (152, 44, 8, 80, 842);
INSERT INTO studentGrades (studentId, subjectId, classId, score, id) VALUES (152, 45, 8, 58, 843);
INSERT INTO studentGrades (studentId, subjectId, classId, score, id) VALUES (152, 46, 8, 77, 844);
INSERT INTO studentGrades (studentId, subjectId, classId, score, id) VALUES (152, 47, 8, 99, 845);
INSERT INTO studentGrades (studentId, subjectId, classId, score, id) VALUES (152, 48, 8, 76, 846);
INSERT INTO user (userName, email, password, role, schoolId, classId, createdAt, id) VALUES ('Student Grade 8-2', 'student_8_2@edudash.com', '$2b$10$s.PA0yLyULbLz34xWc.3/ube65h6e1DNLNkmnQ2QlOrWSLpMH.KFi', 'student', 1, 8, '2025-12-28T21:39:29.355Z', 153);
INSERT INTO studentGrades (studentId, subjectId, classId, score, id) VALUES (153, 43, 8, 52, 847);
INSERT INTO studentGrades (studentId, subjectId, classId, score, id) VALUES (153, 44, 8, 60, 848);
INSERT INTO studentGrades (studentId, subjectId, classId, score, id) VALUES (153, 45, 8, 75, 849);
INSERT INTO studentGrades (studentId, subjectId, classId, score, id) VALUES (153, 46, 8, 95, 850);
INSERT INTO studentGrades (studentId, subjectId, classId, score, id) VALUES (153, 47, 8, 86, 851);
INSERT INTO studentGrades (studentId, subjectId, classId, score, id) VALUES (153, 48, 8, 93, 852);
INSERT INTO user (userName, email, password, role, schoolId, classId, createdAt, id) VALUES ('Student Grade 8-3', 'student_8_3@edudash.com', '$2b$10$s.PA0yLyULbLz34xWc.3/ube65h6e1DNLNkmnQ2QlOrWSLpMH.KFi', 'student', 1, 8, '2025-12-28T21:39:29.355Z', 154);
INSERT INTO studentGrades (studentId, subjectId, classId, score, id) VALUES (154, 43, 8, 93, 853);
INSERT INTO studentGrades (studentId, subjectId, classId, score, id) VALUES (154, 44, 8, 50, 854);
INSERT INTO studentGrades (studentId, subjectId, classId, score, id) VALUES (154, 45, 8, 75, 855);
INSERT INTO studentGrades (studentId, subjectId, classId, score, id) VALUES (154, 46, 8, 63, 856);
INSERT INTO studentGrades (studentId, subjectId, classId, score, id) VALUES (154, 47, 8, 74, 857);
INSERT INTO studentGrades (studentId, subjectId, classId, score, id) VALUES (154, 48, 8, 95, 858);
INSERT INTO user (userName, email, password, role, schoolId, classId, createdAt, id) VALUES ('Student Grade 8-4', 'student_8_4@edudash.com', '$2b$10$s.PA0yLyULbLz34xWc.3/ube65h6e1DNLNkmnQ2QlOrWSLpMH.KFi', 'student', 1, 8, '2025-12-28T21:39:29.355Z', 155);
INSERT INTO studentGrades (studentId, subjectId, classId, score, id) VALUES (155, 43, 8, 96, 859);
INSERT INTO studentGrades (studentId, subjectId, classId, score, id) VALUES (155, 44, 8, 86, 860);
INSERT INTO studentGrades (studentId, subjectId, classId, score, id) VALUES (155, 45, 8, 63, 861);
INSERT INTO studentGrades (studentId, subjectId, classId, score, id) VALUES (155, 46, 8, 52, 862);
INSERT INTO studentGrades (studentId, subjectId, classId, score, id) VALUES (155, 47, 8, 84, 863);
INSERT INTO studentGrades (studentId, subjectId, classId, score, id) VALUES (155, 48, 8, 99, 864);
INSERT INTO user (userName, email, password, role, schoolId, classId, createdAt, id) VALUES ('Student Grade 8-5', 'student_8_5@edudash.com', '$2b$10$s.PA0yLyULbLz34xWc.3/ube65h6e1DNLNkmnQ2QlOrWSLpMH.KFi', 'student', 1, 8, '2025-12-28T21:39:29.355Z', 156);
INSERT INTO studentGrades (studentId, subjectId, classId, score, id) VALUES (156, 43, 8, 98, 865);
INSERT INTO studentGrades (studentId, subjectId, classId, score, id) VALUES (156, 44, 8, 75, 866);
INSERT INTO studentGrades (studentId, subjectId, classId, score, id) VALUES (156, 45, 8, 85, 867);
INSERT INTO studentGrades (studentId, subjectId, classId, score, id) VALUES (156, 46, 8, 76, 868);
INSERT INTO studentGrades (studentId, subjectId, classId, score, id) VALUES (156, 47, 8, 68, 869);
INSERT INTO studentGrades (studentId, subjectId, classId, score, id) VALUES (156, 48, 8, 76, 870);
INSERT INTO user (userName, email, password, role, schoolId, classId, createdAt, id) VALUES ('Student Grade 8-6', 'student_8_6@edudash.com', '$2b$10$s.PA0yLyULbLz34xWc.3/ube65h6e1DNLNkmnQ2QlOrWSLpMH.KFi', 'student', 1, 8, '2025-12-28T21:39:29.355Z', 157);
INSERT INTO studentGrades (studentId, subjectId, classId, score, id) VALUES (157, 43, 8, 69, 871);
INSERT INTO studentGrades (studentId, subjectId, classId, score, id) VALUES (157, 44, 8, 89, 872);
INSERT INTO studentGrades (studentId, subjectId, classId, score, id) VALUES (157, 45, 8, 96, 873);
INSERT INTO studentGrades (studentId, subjectId, classId, score, id) VALUES (157, 46, 8, 90, 874);
INSERT INTO studentGrades (studentId, subjectId, classId, score, id) VALUES (157, 47, 8, 96, 875);
INSERT INTO studentGrades (studentId, subjectId, classId, score, id) VALUES (157, 48, 8, 74, 876);
INSERT INTO user (userName, email, password, role, schoolId, classId, createdAt, id) VALUES ('Student Grade 8-7', 'student_8_7@edudash.com', '$2b$10$s.PA0yLyULbLz34xWc.3/ube65h6e1DNLNkmnQ2QlOrWSLpMH.KFi', 'student', 1, 8, '2025-12-28T21:39:29.355Z', 158);
INSERT INTO studentGrades (studentId, subjectId, classId, score, id) VALUES (158, 43, 8, 82, 877);
INSERT INTO studentGrades (studentId, subjectId, classId, score, id) VALUES (158, 44, 8, 64, 878);
INSERT INTO studentGrades (studentId, subjectId, classId, score, id) VALUES (158, 45, 8, 91, 879);
INSERT INTO studentGrades (studentId, subjectId, classId, score, id) VALUES (158, 46, 8, 54, 880);
INSERT INTO studentGrades (studentId, subjectId, classId, score, id) VALUES (158, 47, 8, 72, 881);
INSERT INTO studentGrades (studentId, subjectId, classId, score, id) VALUES (158, 48, 8, 86, 882);
INSERT INTO user (userName, email, password, role, schoolId, classId, createdAt, id) VALUES ('Student Grade 8-8', 'student_8_8@edudash.com', '$2b$10$s.PA0yLyULbLz34xWc.3/ube65h6e1DNLNkmnQ2QlOrWSLpMH.KFi', 'student', 1, 8, '2025-12-28T21:39:29.355Z', 159);
INSERT INTO studentGrades (studentId, subjectId, classId, score, id) VALUES (159, 43, 8, 80, 883);
INSERT INTO studentGrades (studentId, subjectId, classId, score, id) VALUES (159, 44, 8, 90, 884);
INSERT INTO studentGrades (studentId, subjectId, classId, score, id) VALUES (159, 45, 8, 53, 885);
INSERT INTO studentGrades (studentId, subjectId, classId, score, id) VALUES (159, 46, 8, 90, 886);
INSERT INTO studentGrades (studentId, subjectId, classId, score, id) VALUES (159, 47, 8, 91, 887);
INSERT INTO studentGrades (studentId, subjectId, classId, score, id) VALUES (159, 48, 8, 62, 888);
INSERT INTO user (userName, email, password, role, schoolId, classId, createdAt, id) VALUES ('Student Grade 8-9', 'student_8_9@edudash.com', '$2b$10$s.PA0yLyULbLz34xWc.3/ube65h6e1DNLNkmnQ2QlOrWSLpMH.KFi', 'student', 1, 8, '2025-12-28T21:39:29.355Z', 160);
INSERT INTO studentGrades (studentId, subjectId, classId, score, id) VALUES (160, 43, 8, 59, 889);
INSERT INTO studentGrades (studentId, subjectId, classId, score, id) VALUES (160, 44, 8, 68, 890);
INSERT INTO studentGrades (studentId, subjectId, classId, score, id) VALUES (160, 45, 8, 51, 891);
INSERT INTO studentGrades (studentId, subjectId, classId, score, id) VALUES (160, 46, 8, 86, 892);
INSERT INTO studentGrades (studentId, subjectId, classId, score, id) VALUES (160, 47, 8, 96, 893);
INSERT INTO studentGrades (studentId, subjectId, classId, score, id) VALUES (160, 48, 8, 60, 894);
INSERT INTO user (userName, email, password, role, schoolId, classId, createdAt, id) VALUES ('Student Grade 8-10', 'student_8_10@edudash.com', '$2b$10$s.PA0yLyULbLz34xWc.3/ube65h6e1DNLNkmnQ2QlOrWSLpMH.KFi', 'student', 1, 8, '2025-12-28T21:39:29.355Z', 161);
INSERT INTO studentGrades (studentId, subjectId, classId, score, id) VALUES (161, 43, 8, 62, 895);
INSERT INTO studentGrades (studentId, subjectId, classId, score, id) VALUES (161, 44, 8, 67, 896);
INSERT INTO studentGrades (studentId, subjectId, classId, score, id) VALUES (161, 45, 8, 58, 897);
INSERT INTO studentGrades (studentId, subjectId, classId, score, id) VALUES (161, 46, 8, 77, 898);
INSERT INTO studentGrades (studentId, subjectId, classId, score, id) VALUES (161, 47, 8, 83, 899);
INSERT INTO studentGrades (studentId, subjectId, classId, score, id) VALUES (161, 48, 8, 85, 900);
INSERT INTO user (userName, email, password, role, schoolId, classId, createdAt, id) VALUES ('Student Grade 8-11', 'student_8_11@edudash.com', '$2b$10$s.PA0yLyULbLz34xWc.3/ube65h6e1DNLNkmnQ2QlOrWSLpMH.KFi', 'student', 1, 8, '2025-12-28T21:39:29.355Z', 162);
INSERT INTO studentGrades (studentId, subjectId, classId, score, id) VALUES (162, 43, 8, 68, 901);
INSERT INTO studentGrades (studentId, subjectId, classId, score, id) VALUES (162, 44, 8, 56, 902);
INSERT INTO studentGrades (studentId, subjectId, classId, score, id) VALUES (162, 45, 8, 88, 903);
INSERT INTO studentGrades (studentId, subjectId, classId, score, id) VALUES (162, 46, 8, 94, 904);
INSERT INTO studentGrades (studentId, subjectId, classId, score, id) VALUES (162, 47, 8, 68, 905);
INSERT INTO studentGrades (studentId, subjectId, classId, score, id) VALUES (162, 48, 8, 60, 906);
INSERT INTO user (userName, email, password, role, schoolId, classId, createdAt, id) VALUES ('Student Grade 8-12', 'student_8_12@edudash.com', '$2b$10$s.PA0yLyULbLz34xWc.3/ube65h6e1DNLNkmnQ2QlOrWSLpMH.KFi', 'student', 1, 8, '2025-12-28T21:39:29.355Z', 163);
INSERT INTO studentGrades (studentId, subjectId, classId, score, id) VALUES (163, 43, 8, 99, 907);
INSERT INTO studentGrades (studentId, subjectId, classId, score, id) VALUES (163, 44, 8, 59, 908);
INSERT INTO studentGrades (studentId, subjectId, classId, score, id) VALUES (163, 45, 8, 92, 909);
INSERT INTO studentGrades (studentId, subjectId, classId, score, id) VALUES (163, 46, 8, 72, 910);
INSERT INTO studentGrades (studentId, subjectId, classId, score, id) VALUES (163, 47, 8, 96, 911);
INSERT INTO studentGrades (studentId, subjectId, classId, score, id) VALUES (163, 48, 8, 77, 912);
INSERT INTO user (userName, email, password, role, schoolId, classId, createdAt, id) VALUES ('Student Grade 8-13', 'student_8_13@edudash.com', '$2b$10$s.PA0yLyULbLz34xWc.3/ube65h6e1DNLNkmnQ2QlOrWSLpMH.KFi', 'student', 1, 8, '2025-12-28T21:39:29.355Z', 164);
INSERT INTO studentGrades (studentId, subjectId, classId, score, id) VALUES (164, 43, 8, 58, 913);
INSERT INTO studentGrades (studentId, subjectId, classId, score, id) VALUES (164, 44, 8, 71, 914);
INSERT INTO studentGrades (studentId, subjectId, classId, score, id) VALUES (164, 45, 8, 91, 915);
INSERT INTO studentGrades (studentId, subjectId, classId, score, id) VALUES (164, 46, 8, 89, 916);
INSERT INTO studentGrades (studentId, subjectId, classId, score, id) VALUES (164, 47, 8, 62, 917);
INSERT INTO studentGrades (studentId, subjectId, classId, score, id) VALUES (164, 48, 8, 93, 918);
INSERT INTO user (userName, email, password, role, schoolId, classId, createdAt, id) VALUES ('Student Grade 8-14', 'student_8_14@edudash.com', '$2b$10$s.PA0yLyULbLz34xWc.3/ube65h6e1DNLNkmnQ2QlOrWSLpMH.KFi', 'student', 1, 8, '2025-12-28T21:39:29.355Z', 165);
INSERT INTO studentGrades (studentId, subjectId, classId, score, id) VALUES (165, 43, 8, 87, 919);
INSERT INTO studentGrades (studentId, subjectId, classId, score, id) VALUES (165, 44, 8, 70, 920);
INSERT INTO studentGrades (studentId, subjectId, classId, score, id) VALUES (165, 45, 8, 72, 921);
INSERT INTO studentGrades (studentId, subjectId, classId, score, id) VALUES (165, 46, 8, 90, 922);
INSERT INTO studentGrades (studentId, subjectId, classId, score, id) VALUES (165, 47, 8, 99, 923);
INSERT INTO studentGrades (studentId, subjectId, classId, score, id) VALUES (165, 48, 8, 64, 924);
INSERT INTO user (userName, email, password, role, schoolId, classId, createdAt, id) VALUES ('Student Grade 8-15', 'student_8_15@edudash.com', '$2b$10$s.PA0yLyULbLz34xWc.3/ube65h6e1DNLNkmnQ2QlOrWSLpMH.KFi', 'student', 1, 8, '2025-12-28T21:39:29.355Z', 166);
INSERT INTO studentGrades (studentId, subjectId, classId, score, id) VALUES (166, 43, 8, 99, 925);
INSERT INTO studentGrades (studentId, subjectId, classId, score, id) VALUES (166, 44, 8, 96, 926);
INSERT INTO studentGrades (studentId, subjectId, classId, score, id) VALUES (166, 45, 8, 84, 927);
INSERT INTO studentGrades (studentId, subjectId, classId, score, id) VALUES (166, 46, 8, 64, 928);
INSERT INTO studentGrades (studentId, subjectId, classId, score, id) VALUES (166, 47, 8, 95, 929);
INSERT INTO studentGrades (studentId, subjectId, classId, score, id) VALUES (166, 48, 8, 50, 930);
INSERT INTO user (userName, email, password, role, schoolId, classId, createdAt, id) VALUES ('Student Grade 8-16', 'student_8_16@edudash.com', '$2b$10$s.PA0yLyULbLz34xWc.3/ube65h6e1DNLNkmnQ2QlOrWSLpMH.KFi', 'student', 1, 8, '2025-12-28T21:39:29.355Z', 167);
INSERT INTO studentGrades (studentId, subjectId, classId, score, id) VALUES (167, 43, 8, 62, 931);
INSERT INTO studentGrades (studentId, subjectId, classId, score, id) VALUES (167, 44, 8, 63, 932);
INSERT INTO studentGrades (studentId, subjectId, classId, score, id) VALUES (167, 45, 8, 79, 933);
INSERT INTO studentGrades (studentId, subjectId, classId, score, id) VALUES (167, 46, 8, 95, 934);
INSERT INTO studentGrades (studentId, subjectId, classId, score, id) VALUES (167, 47, 8, 97, 935);
INSERT INTO studentGrades (studentId, subjectId, classId, score, id) VALUES (167, 48, 8, 93, 936);
INSERT INTO user (userName, email, password, role, schoolId, classId, createdAt, id) VALUES ('Student Grade 8-17', 'student_8_17@edudash.com', '$2b$10$s.PA0yLyULbLz34xWc.3/ube65h6e1DNLNkmnQ2QlOrWSLpMH.KFi', 'student', 1, 8, '2025-12-28T21:39:29.355Z', 168);
INSERT INTO studentGrades (studentId, subjectId, classId, score, id) VALUES (168, 43, 8, 67, 937);
INSERT INTO studentGrades (studentId, subjectId, classId, score, id) VALUES (168, 44, 8, 64, 938);
INSERT INTO studentGrades (studentId, subjectId, classId, score, id) VALUES (168, 45, 8, 50, 939);
INSERT INTO studentGrades (studentId, subjectId, classId, score, id) VALUES (168, 46, 8, 63, 940);
INSERT INTO studentGrades (studentId, subjectId, classId, score, id) VALUES (168, 47, 8, 77, 941);
INSERT INTO studentGrades (studentId, subjectId, classId, score, id) VALUES (168, 48, 8, 68, 942);
INSERT INTO user (userName, email, password, role, schoolId, classId, createdAt, id) VALUES ('Student Grade 8-18', 'student_8_18@edudash.com', '$2b$10$s.PA0yLyULbLz34xWc.3/ube65h6e1DNLNkmnQ2QlOrWSLpMH.KFi', 'student', 1, 8, '2025-12-28T21:39:29.355Z', 169);
INSERT INTO studentGrades (studentId, subjectId, classId, score, id) VALUES (169, 43, 8, 100, 943);
INSERT INTO studentGrades (studentId, subjectId, classId, score, id) VALUES (169, 44, 8, 61, 944);
INSERT INTO studentGrades (studentId, subjectId, classId, score, id) VALUES (169, 45, 8, 63, 945);
INSERT INTO studentGrades (studentId, subjectId, classId, score, id) VALUES (169, 46, 8, 70, 946);
INSERT INTO studentGrades (studentId, subjectId, classId, score, id) VALUES (169, 47, 8, 69, 947);
INSERT INTO studentGrades (studentId, subjectId, classId, score, id) VALUES (169, 48, 8, 71, 948);
INSERT INTO user (userName, email, password, role, schoolId, classId, createdAt, id) VALUES ('Student Grade 8-19', 'student_8_19@edudash.com', '$2b$10$s.PA0yLyULbLz34xWc.3/ube65h6e1DNLNkmnQ2QlOrWSLpMH.KFi', 'student', 1, 8, '2025-12-28T21:39:29.355Z', 170);
INSERT INTO studentGrades (studentId, subjectId, classId, score, id) VALUES (170, 43, 8, 71, 949);
INSERT INTO studentGrades (studentId, subjectId, classId, score, id) VALUES (170, 44, 8, 93, 950);
INSERT INTO studentGrades (studentId, subjectId, classId, score, id) VALUES (170, 45, 8, 90, 951);
INSERT INTO studentGrades (studentId, subjectId, classId, score, id) VALUES (170, 46, 8, 50, 952);
INSERT INTO studentGrades (studentId, subjectId, classId, score, id) VALUES (170, 47, 8, 87, 953);
INSERT INTO studentGrades (studentId, subjectId, classId, score, id) VALUES (170, 48, 8, 79, 954);
INSERT INTO user (userName, email, password, role, schoolId, classId, createdAt, id) VALUES ('Student Grade 8-20', 'student_8_20@edudash.com', '$2b$10$s.PA0yLyULbLz34xWc.3/ube65h6e1DNLNkmnQ2QlOrWSLpMH.KFi', 'student', 1, 8, '2025-12-28T21:39:29.355Z', 171);
INSERT INTO studentGrades (studentId, subjectId, classId, score, id) VALUES (171, 43, 8, 68, 955);
INSERT INTO studentGrades (studentId, subjectId, classId, score, id) VALUES (171, 44, 8, 87, 956);
INSERT INTO studentGrades (studentId, subjectId, classId, score, id) VALUES (171, 45, 8, 78, 957);
INSERT INTO studentGrades (studentId, subjectId, classId, score, id) VALUES (171, 46, 8, 70, 958);
INSERT INTO studentGrades (studentId, subjectId, classId, score, id) VALUES (171, 47, 8, 71, 959);
INSERT INTO studentGrades (studentId, subjectId, classId, score, id) VALUES (171, 48, 8, 50, 960);
INSERT INTO user (userName, email, password, role, schoolId, classId, createdAt, id) VALUES ('Student Grade 9-1', 'student_9_1@edudash.com', '$2b$10$s.PA0yLyULbLz34xWc.3/ube65h6e1DNLNkmnQ2QlOrWSLpMH.KFi', 'student', 1, 9, '2025-12-28T21:39:29.355Z', 172);
INSERT INTO studentGrades (studentId, subjectId, classId, score, id) VALUES (172, 49, 9, 54, 961);
INSERT INTO studentGrades (studentId, subjectId, classId, score, id) VALUES (172, 50, 9, 69, 962);
INSERT INTO studentGrades (studentId, subjectId, classId, score, id) VALUES (172, 51, 9, 97, 963);
INSERT INTO studentGrades (studentId, subjectId, classId, score, id) VALUES (172, 52, 9, 88, 964);
INSERT INTO studentGrades (studentId, subjectId, classId, score, id) VALUES (172, 53, 9, 78, 965);
INSERT INTO studentGrades (studentId, subjectId, classId, score, id) VALUES (172, 54, 9, 80, 966);
INSERT INTO user (userName, email, password, role, schoolId, classId, createdAt, id) VALUES ('Student Grade 9-2', 'student_9_2@edudash.com', '$2b$10$s.PA0yLyULbLz34xWc.3/ube65h6e1DNLNkmnQ2QlOrWSLpMH.KFi', 'student', 1, 9, '2025-12-28T21:39:29.355Z', 173);
INSERT INTO studentGrades (studentId, subjectId, classId, score, id) VALUES (173, 49, 9, 86, 967);
INSERT INTO studentGrades (studentId, subjectId, classId, score, id) VALUES (173, 50, 9, 83, 968);
INSERT INTO studentGrades (studentId, subjectId, classId, score, id) VALUES (173, 51, 9, 90, 969);
INSERT INTO studentGrades (studentId, subjectId, classId, score, id) VALUES (173, 52, 9, 76, 970);
INSERT INTO studentGrades (studentId, subjectId, classId, score, id) VALUES (173, 53, 9, 89, 971);
INSERT INTO studentGrades (studentId, subjectId, classId, score, id) VALUES (173, 54, 9, 50, 972);
INSERT INTO user (userName, email, password, role, schoolId, classId, createdAt, id) VALUES ('Student Grade 9-3', 'student_9_3@edudash.com', '$2b$10$s.PA0yLyULbLz34xWc.3/ube65h6e1DNLNkmnQ2QlOrWSLpMH.KFi', 'student', 1, 9, '2025-12-28T21:39:29.355Z', 174);
INSERT INTO studentGrades (studentId, subjectId, classId, score, id) VALUES (174, 49, 9, 71, 973);
INSERT INTO studentGrades (studentId, subjectId, classId, score, id) VALUES (174, 50, 9, 62, 974);
INSERT INTO studentGrades (studentId, subjectId, classId, score, id) VALUES (174, 51, 9, 62, 975);
INSERT INTO studentGrades (studentId, subjectId, classId, score, id) VALUES (174, 52, 9, 89, 976);
INSERT INTO studentGrades (studentId, subjectId, classId, score, id) VALUES (174, 53, 9, 88, 977);
INSERT INTO studentGrades (studentId, subjectId, classId, score, id) VALUES (174, 54, 9, 81, 978);
INSERT INTO user (userName, email, password, role, schoolId, classId, createdAt, id) VALUES ('Student Grade 9-4', 'student_9_4@edudash.com', '$2b$10$s.PA0yLyULbLz34xWc.3/ube65h6e1DNLNkmnQ2QlOrWSLpMH.KFi', 'student', 1, 9, '2025-12-28T21:39:29.355Z', 175);
INSERT INTO studentGrades (studentId, subjectId, classId, score, id) VALUES (175, 49, 9, 63, 979);
INSERT INTO studentGrades (studentId, subjectId, classId, score, id) VALUES (175, 50, 9, 70, 980);
INSERT INTO studentGrades (studentId, subjectId, classId, score, id) VALUES (175, 51, 9, 75, 981);
INSERT INTO studentGrades (studentId, subjectId, classId, score, id) VALUES (175, 52, 9, 73, 982);
INSERT INTO studentGrades (studentId, subjectId, classId, score, id) VALUES (175, 53, 9, 50, 983);
INSERT INTO studentGrades (studentId, subjectId, classId, score, id) VALUES (175, 54, 9, 59, 984);
INSERT INTO user (userName, email, password, role, schoolId, classId, createdAt, id) VALUES ('Student Grade 9-5', 'student_9_5@edudash.com', '$2b$10$s.PA0yLyULbLz34xWc.3/ube65h6e1DNLNkmnQ2QlOrWSLpMH.KFi', 'student', 1, 9, '2025-12-28T21:39:29.355Z', 176);
INSERT INTO studentGrades (studentId, subjectId, classId, score, id) VALUES (176, 49, 9, 77, 985);
INSERT INTO studentGrades (studentId, subjectId, classId, score, id) VALUES (176, 50, 9, 77, 986);
INSERT INTO studentGrades (studentId, subjectId, classId, score, id) VALUES (176, 51, 9, 54, 987);
INSERT INTO studentGrades (studentId, subjectId, classId, score, id) VALUES (176, 52, 9, 78, 988);
INSERT INTO studentGrades (studentId, subjectId, classId, score, id) VALUES (176, 53, 9, 73, 989);
INSERT INTO studentGrades (studentId, subjectId, classId, score, id) VALUES (176, 54, 9, 76, 990);
INSERT INTO user (userName, email, password, role, schoolId, classId, createdAt, id) VALUES ('Student Grade 9-6', 'student_9_6@edudash.com', '$2b$10$s.PA0yLyULbLz34xWc.3/ube65h6e1DNLNkmnQ2QlOrWSLpMH.KFi', 'student', 1, 9, '2025-12-28T21:39:29.355Z', 177);
INSERT INTO studentGrades (studentId, subjectId, classId, score, id) VALUES (177, 49, 9, 79, 991);
INSERT INTO studentGrades (studentId, subjectId, classId, score, id) VALUES (177, 50, 9, 93, 992);
INSERT INTO studentGrades (studentId, subjectId, classId, score, id) VALUES (177, 51, 9, 84, 993);
INSERT INTO studentGrades (studentId, subjectId, classId, score, id) VALUES (177, 52, 9, 58, 994);
INSERT INTO studentGrades (studentId, subjectId, classId, score, id) VALUES (177, 53, 9, 91, 995);
INSERT INTO studentGrades (studentId, subjectId, classId, score, id) VALUES (177, 54, 9, 85, 996);
INSERT INTO user (userName, email, password, role, schoolId, classId, createdAt, id) VALUES ('Student Grade 9-7', 'student_9_7@edudash.com', '$2b$10$s.PA0yLyULbLz34xWc.3/ube65h6e1DNLNkmnQ2QlOrWSLpMH.KFi', 'student', 1, 9, '2025-12-28T21:39:29.355Z', 178);
INSERT INTO studentGrades (studentId, subjectId, classId, score, id) VALUES (178, 49, 9, 78, 997);
INSERT INTO studentGrades (studentId, subjectId, classId, score, id) VALUES (178, 50, 9, 91, 998);
INSERT INTO studentGrades (studentId, subjectId, classId, score, id) VALUES (178, 51, 9, 69, 999);
INSERT INTO studentGrades (studentId, subjectId, classId, score, id) VALUES (178, 52, 9, 98, 1000);
INSERT INTO studentGrades (studentId, subjectId, classId, score, id) VALUES (178, 53, 9, 54, 1001);
INSERT INTO studentGrades (studentId, subjectId, classId, score, id) VALUES (178, 54, 9, 73, 1002);
INSERT INTO user (userName, email, password, role, schoolId, classId, createdAt, id) VALUES ('Student Grade 9-8', 'student_9_8@edudash.com', '$2b$10$s.PA0yLyULbLz34xWc.3/ube65h6e1DNLNkmnQ2QlOrWSLpMH.KFi', 'student', 1, 9, '2025-12-28T21:39:29.355Z', 179);
INSERT INTO studentGrades (studentId, subjectId, classId, score, id) VALUES (179, 49, 9, 85, 1003);
INSERT INTO studentGrades (studentId, subjectId, classId, score, id) VALUES (179, 50, 9, 77, 1004);
INSERT INTO studentGrades (studentId, subjectId, classId, score, id) VALUES (179, 51, 9, 99, 1005);
INSERT INTO studentGrades (studentId, subjectId, classId, score, id) VALUES (179, 52, 9, 82, 1006);
INSERT INTO studentGrades (studentId, subjectId, classId, score, id) VALUES (179, 53, 9, 95, 1007);
INSERT INTO studentGrades (studentId, subjectId, classId, score, id) VALUES (179, 54, 9, 69, 1008);
INSERT INTO user (userName, email, password, role, schoolId, classId, createdAt, id) VALUES ('Student Grade 9-9', 'student_9_9@edudash.com', '$2b$10$s.PA0yLyULbLz34xWc.3/ube65h6e1DNLNkmnQ2QlOrWSLpMH.KFi', 'student', 1, 9, '2025-12-28T21:39:29.355Z', 180);
INSERT INTO studentGrades (studentId, subjectId, classId, score, id) VALUES (180, 49, 9, 88, 1009);
INSERT INTO studentGrades (studentId, subjectId, classId, score, id) VALUES (180, 50, 9, 86, 1010);
INSERT INTO studentGrades (studentId, subjectId, classId, score, id) VALUES (180, 51, 9, 64, 1011);
INSERT INTO studentGrades (studentId, subjectId, classId, score, id) VALUES (180, 52, 9, 89, 1012);
INSERT INTO studentGrades (studentId, subjectId, classId, score, id) VALUES (180, 53, 9, 91, 1013);
INSERT INTO studentGrades (studentId, subjectId, classId, score, id) VALUES (180, 54, 9, 58, 1014);
INSERT INTO user (userName, email, password, role, schoolId, classId, createdAt, id) VALUES ('Student Grade 9-10', 'student_9_10@edudash.com', '$2b$10$s.PA0yLyULbLz34xWc.3/ube65h6e1DNLNkmnQ2QlOrWSLpMH.KFi', 'student', 1, 9, '2025-12-28T21:39:29.355Z', 181);
INSERT INTO studentGrades (studentId, subjectId, classId, score, id) VALUES (181, 49, 9, 83, 1015);
INSERT INTO studentGrades (studentId, subjectId, classId, score, id) VALUES (181, 50, 9, 83, 1016);
INSERT INTO studentGrades (studentId, subjectId, classId, score, id) VALUES (181, 51, 9, 88, 1017);
INSERT INTO studentGrades (studentId, subjectId, classId, score, id) VALUES (181, 52, 9, 99, 1018);
INSERT INTO studentGrades (studentId, subjectId, classId, score, id) VALUES (181, 53, 9, 80, 1019);
INSERT INTO studentGrades (studentId, subjectId, classId, score, id) VALUES (181, 54, 9, 78, 1020);
INSERT INTO user (userName, email, password, role, schoolId, classId, createdAt, id) VALUES ('Student Grade 9-11', 'student_9_11@edudash.com', '$2b$10$s.PA0yLyULbLz34xWc.3/ube65h6e1DNLNkmnQ2QlOrWSLpMH.KFi', 'student', 1, 9, '2025-12-28T21:39:29.355Z', 182);
INSERT INTO studentGrades (studentId, subjectId, classId, score, id) VALUES (182, 49, 9, 57, 1021);
INSERT INTO studentGrades (studentId, subjectId, classId, score, id) VALUES (182, 50, 9, 98, 1022);
INSERT INTO studentGrades (studentId, subjectId, classId, score, id) VALUES (182, 51, 9, 68, 1023);
INSERT INTO studentGrades (studentId, subjectId, classId, score, id) VALUES (182, 52, 9, 82, 1024);
INSERT INTO studentGrades (studentId, subjectId, classId, score, id) VALUES (182, 53, 9, 72, 1025);
INSERT INTO studentGrades (studentId, subjectId, classId, score, id) VALUES (182, 54, 9, 84, 1026);
INSERT INTO user (userName, email, password, role, schoolId, classId, createdAt, id) VALUES ('Student Grade 9-12', 'student_9_12@edudash.com', '$2b$10$s.PA0yLyULbLz34xWc.3/ube65h6e1DNLNkmnQ2QlOrWSLpMH.KFi', 'student', 1, 9, '2025-12-28T21:39:29.355Z', 183);
INSERT INTO studentGrades (studentId, subjectId, classId, score, id) VALUES (183, 49, 9, 55, 1027);
INSERT INTO studentGrades (studentId, subjectId, classId, score, id) VALUES (183, 50, 9, 73, 1028);
INSERT INTO studentGrades (studentId, subjectId, classId, score, id) VALUES (183, 51, 9, 58, 1029);
INSERT INTO studentGrades (studentId, subjectId, classId, score, id) VALUES (183, 52, 9, 76, 1030);
INSERT INTO studentGrades (studentId, subjectId, classId, score, id) VALUES (183, 53, 9, 59, 1031);
INSERT INTO studentGrades (studentId, subjectId, classId, score, id) VALUES (183, 54, 9, 55, 1032);
INSERT INTO user (userName, email, password, role, schoolId, classId, createdAt, id) VALUES ('Student Grade 9-13', 'student_9_13@edudash.com', '$2b$10$s.PA0yLyULbLz34xWc.3/ube65h6e1DNLNkmnQ2QlOrWSLpMH.KFi', 'student', 1, 9, '2025-12-28T21:39:29.355Z', 184);
INSERT INTO studentGrades (studentId, subjectId, classId, score, id) VALUES (184, 49, 9, 89, 1033);
INSERT INTO studentGrades (studentId, subjectId, classId, score, id) VALUES (184, 50, 9, 87, 1034);
INSERT INTO studentGrades (studentId, subjectId, classId, score, id) VALUES (184, 51, 9, 97, 1035);
INSERT INTO studentGrades (studentId, subjectId, classId, score, id) VALUES (184, 52, 9, 57, 1036);
INSERT INTO studentGrades (studentId, subjectId, classId, score, id) VALUES (184, 53, 9, 96, 1037);
INSERT INTO studentGrades (studentId, subjectId, classId, score, id) VALUES (184, 54, 9, 78, 1038);
INSERT INTO user (userName, email, password, role, schoolId, classId, createdAt, id) VALUES ('Student Grade 9-14', 'student_9_14@edudash.com', '$2b$10$s.PA0yLyULbLz34xWc.3/ube65h6e1DNLNkmnQ2QlOrWSLpMH.KFi', 'student', 1, 9, '2025-12-28T21:39:29.355Z', 185);
INSERT INTO studentGrades (studentId, subjectId, classId, score, id) VALUES (185, 49, 9, 66, 1039);
INSERT INTO studentGrades (studentId, subjectId, classId, score, id) VALUES (185, 50, 9, 67, 1040);
INSERT INTO studentGrades (studentId, subjectId, classId, score, id) VALUES (185, 51, 9, 87, 1041);
INSERT INTO studentGrades (studentId, subjectId, classId, score, id) VALUES (185, 52, 9, 81, 1042);
INSERT INTO studentGrades (studentId, subjectId, classId, score, id) VALUES (185, 53, 9, 56, 1043);
INSERT INTO studentGrades (studentId, subjectId, classId, score, id) VALUES (185, 54, 9, 64, 1044);
INSERT INTO user (userName, email, password, role, schoolId, classId, createdAt, id) VALUES ('Student Grade 9-15', 'student_9_15@edudash.com', '$2b$10$s.PA0yLyULbLz34xWc.3/ube65h6e1DNLNkmnQ2QlOrWSLpMH.KFi', 'student', 1, 9, '2025-12-28T21:39:29.355Z', 186);
INSERT INTO studentGrades (studentId, subjectId, classId, score, id) VALUES (186, 49, 9, 66, 1045);
INSERT INTO studentGrades (studentId, subjectId, classId, score, id) VALUES (186, 50, 9, 52, 1046);
INSERT INTO studentGrades (studentId, subjectId, classId, score, id) VALUES (186, 51, 9, 59, 1047);
INSERT INTO studentGrades (studentId, subjectId, classId, score, id) VALUES (186, 52, 9, 98, 1048);
INSERT INTO studentGrades (studentId, subjectId, classId, score, id) VALUES (186, 53, 9, 73, 1049);
INSERT INTO studentGrades (studentId, subjectId, classId, score, id) VALUES (186, 54, 9, 93, 1050);
INSERT INTO user (userName, email, password, role, schoolId, classId, createdAt, id) VALUES ('Student Grade 9-16', 'student_9_16@edudash.com', '$2b$10$s.PA0yLyULbLz34xWc.3/ube65h6e1DNLNkmnQ2QlOrWSLpMH.KFi', 'student', 1, 9, '2025-12-28T21:39:29.355Z', 187);
INSERT INTO studentGrades (studentId, subjectId, classId, score, id) VALUES (187, 49, 9, 62, 1051);
INSERT INTO studentGrades (studentId, subjectId, classId, score, id) VALUES (187, 50, 9, 61, 1052);
INSERT INTO studentGrades (studentId, subjectId, classId, score, id) VALUES (187, 51, 9, 87, 1053);
INSERT INTO studentGrades (studentId, subjectId, classId, score, id) VALUES (187, 52, 9, 65, 1054);
INSERT INTO studentGrades (studentId, subjectId, classId, score, id) VALUES (187, 53, 9, 50, 1055);
INSERT INTO studentGrades (studentId, subjectId, classId, score, id) VALUES (187, 54, 9, 100, 1056);
INSERT INTO user (userName, email, password, role, schoolId, classId, createdAt, id) VALUES ('Student Grade 9-17', 'student_9_17@edudash.com', '$2b$10$s.PA0yLyULbLz34xWc.3/ube65h6e1DNLNkmnQ2QlOrWSLpMH.KFi', 'student', 1, 9, '2025-12-28T21:39:29.355Z', 188);
INSERT INTO studentGrades (studentId, subjectId, classId, score, id) VALUES (188, 49, 9, 100, 1057);
INSERT INTO studentGrades (studentId, subjectId, classId, score, id) VALUES (188, 50, 9, 86, 1058);
INSERT INTO studentGrades (studentId, subjectId, classId, score, id) VALUES (188, 51, 9, 87, 1059);
INSERT INTO studentGrades (studentId, subjectId, classId, score, id) VALUES (188, 52, 9, 53, 1060);
INSERT INTO studentGrades (studentId, subjectId, classId, score, id) VALUES (188, 53, 9, 83, 1061);
INSERT INTO studentGrades (studentId, subjectId, classId, score, id) VALUES (188, 54, 9, 89, 1062);
INSERT INTO user (userName, email, password, role, schoolId, classId, createdAt, id) VALUES ('Student Grade 9-18', 'student_9_18@edudash.com', '$2b$10$s.PA0yLyULbLz34xWc.3/ube65h6e1DNLNkmnQ2QlOrWSLpMH.KFi', 'student', 1, 9, '2025-12-28T21:39:29.355Z', 189);
INSERT INTO studentGrades (studentId, subjectId, classId, score, id) VALUES (189, 49, 9, 96, 1063);
INSERT INTO studentGrades (studentId, subjectId, classId, score, id) VALUES (189, 50, 9, 89, 1064);
INSERT INTO studentGrades (studentId, subjectId, classId, score, id) VALUES (189, 51, 9, 69, 1065);
INSERT INTO studentGrades (studentId, subjectId, classId, score, id) VALUES (189, 52, 9, 90, 1066);
INSERT INTO studentGrades (studentId, subjectId, classId, score, id) VALUES (189, 53, 9, 84, 1067);
INSERT INTO studentGrades (studentId, subjectId, classId, score, id) VALUES (189, 54, 9, 65, 1068);
INSERT INTO user (userName, email, password, role, schoolId, classId, createdAt, id) VALUES ('Student Grade 9-19', 'student_9_19@edudash.com', '$2b$10$s.PA0yLyULbLz34xWc.3/ube65h6e1DNLNkmnQ2QlOrWSLpMH.KFi', 'student', 1, 9, '2025-12-28T21:39:29.355Z', 190);
INSERT INTO studentGrades (studentId, subjectId, classId, score, id) VALUES (190, 49, 9, 94, 1069);
INSERT INTO studentGrades (studentId, subjectId, classId, score, id) VALUES (190, 50, 9, 91, 1070);
INSERT INTO studentGrades (studentId, subjectId, classId, score, id) VALUES (190, 51, 9, 95, 1071);
INSERT INTO studentGrades (studentId, subjectId, classId, score, id) VALUES (190, 52, 9, 52, 1072);
INSERT INTO studentGrades (studentId, subjectId, classId, score, id) VALUES (190, 53, 9, 90, 1073);
INSERT INTO studentGrades (studentId, subjectId, classId, score, id) VALUES (190, 54, 9, 96, 1074);
INSERT INTO user (userName, email, password, role, schoolId, classId, createdAt, id) VALUES ('Student Grade 9-20', 'student_9_20@edudash.com', '$2b$10$s.PA0yLyULbLz34xWc.3/ube65h6e1DNLNkmnQ2QlOrWSLpMH.KFi', 'student', 1, 9, '2025-12-28T21:39:29.355Z', 191);
INSERT INTO studentGrades (studentId, subjectId, classId, score, id) VALUES (191, 49, 9, 56, 1075);
INSERT INTO studentGrades (studentId, subjectId, classId, score, id) VALUES (191, 50, 9, 73, 1076);
INSERT INTO studentGrades (studentId, subjectId, classId, score, id) VALUES (191, 51, 9, 76, 1077);
INSERT INTO studentGrades (studentId, subjectId, classId, score, id) VALUES (191, 52, 9, 83, 1078);
INSERT INTO studentGrades (studentId, subjectId, classId, score, id) VALUES (191, 53, 9, 72, 1079);
INSERT INTO studentGrades (studentId, subjectId, classId, score, id) VALUES (191, 54, 9, 91, 1080);
INSERT INTO user (userName, email, password, role, schoolId, classId, createdAt, id) VALUES ('Student Grade 10-1', 'student_10_1@edudash.com', '$2b$10$s.PA0yLyULbLz34xWc.3/ube65h6e1DNLNkmnQ2QlOrWSLpMH.KFi', 'student', 1, 10, '2025-12-28T21:39:29.355Z', 192);
INSERT INTO studentGrades (studentId, subjectId, classId, score, id) VALUES (192, 55, 10, 92, 1081);
INSERT INTO studentGrades (studentId, subjectId, classId, score, id) VALUES (192, 56, 10, 59, 1082);
INSERT INTO studentGrades (studentId, subjectId, classId, score, id) VALUES (192, 57, 10, 85, 1083);
INSERT INTO studentGrades (studentId, subjectId, classId, score, id) VALUES (192, 58, 10, 70, 1084);
INSERT INTO studentGrades (studentId, subjectId, classId, score, id) VALUES (192, 59, 10, 79, 1085);
INSERT INTO studentGrades (studentId, subjectId, classId, score, id) VALUES (192, 60, 10, 53, 1086);
INSERT INTO user (userName, email, password, role, schoolId, classId, createdAt, id) VALUES ('Student Grade 10-2', 'student_10_2@edudash.com', '$2b$10$s.PA0yLyULbLz34xWc.3/ube65h6e1DNLNkmnQ2QlOrWSLpMH.KFi', 'student', 1, 10, '2025-12-28T21:39:29.355Z', 193);
INSERT INTO studentGrades (studentId, subjectId, classId, score, id) VALUES (193, 55, 10, 54, 1087);
INSERT INTO studentGrades (studentId, subjectId, classId, score, id) VALUES (193, 56, 10, 59, 1088);
INSERT INTO studentGrades (studentId, subjectId, classId, score, id) VALUES (193, 57, 10, 52, 1089);
INSERT INTO studentGrades (studentId, subjectId, classId, score, id) VALUES (193, 58, 10, 66, 1090);
INSERT INTO studentGrades (studentId, subjectId, classId, score, id) VALUES (193, 59, 10, 64, 1091);
INSERT INTO studentGrades (studentId, subjectId, classId, score, id) VALUES (193, 60, 10, 96, 1092);
INSERT INTO user (userName, email, password, role, schoolId, classId, createdAt, id) VALUES ('Student Grade 10-3', 'student_10_3@edudash.com', '$2b$10$s.PA0yLyULbLz34xWc.3/ube65h6e1DNLNkmnQ2QlOrWSLpMH.KFi', 'student', 1, 10, '2025-12-28T21:39:29.355Z', 194);
INSERT INTO studentGrades (studentId, subjectId, classId, score, id) VALUES (194, 55, 10, 64, 1093);
INSERT INTO studentGrades (studentId, subjectId, classId, score, id) VALUES (194, 56, 10, 80, 1094);
INSERT INTO studentGrades (studentId, subjectId, classId, score, id) VALUES (194, 57, 10, 75, 1095);
INSERT INTO studentGrades (studentId, subjectId, classId, score, id) VALUES (194, 58, 10, 94, 1096);
INSERT INTO studentGrades (studentId, subjectId, classId, score, id) VALUES (194, 59, 10, 87, 1097);
INSERT INTO studentGrades (studentId, subjectId, classId, score, id) VALUES (194, 60, 10, 76, 1098);
INSERT INTO user (userName, email, password, role, schoolId, classId, createdAt, id) VALUES ('Student Grade 10-4', 'student_10_4@edudash.com', '$2b$10$s.PA0yLyULbLz34xWc.3/ube65h6e1DNLNkmnQ2QlOrWSLpMH.KFi', 'student', 1, 10, '2025-12-28T21:39:29.355Z', 195);
INSERT INTO studentGrades (studentId, subjectId, classId, score, id) VALUES (195, 55, 10, 55, 1099);
INSERT INTO studentGrades (studentId, subjectId, classId, score, id) VALUES (195, 56, 10, 92, 1100);
INSERT INTO studentGrades (studentId, subjectId, classId, score, id) VALUES (195, 57, 10, 81, 1101);
INSERT INTO studentGrades (studentId, subjectId, classId, score, id) VALUES (195, 58, 10, 73, 1102);
INSERT INTO studentGrades (studentId, subjectId, classId, score, id) VALUES (195, 59, 10, 63, 1103);
INSERT INTO studentGrades (studentId, subjectId, classId, score, id) VALUES (195, 60, 10, 94, 1104);
INSERT INTO user (userName, email, password, role, schoolId, classId, createdAt, id) VALUES ('Student Grade 10-5', 'student_10_5@edudash.com', '$2b$10$s.PA0yLyULbLz34xWc.3/ube65h6e1DNLNkmnQ2QlOrWSLpMH.KFi', 'student', 1, 10, '2025-12-28T21:39:29.355Z', 196);
INSERT INTO studentGrades (studentId, subjectId, classId, score, id) VALUES (196, 55, 10, 58, 1105);
INSERT INTO studentGrades (studentId, subjectId, classId, score, id) VALUES (196, 56, 10, 93, 1106);
INSERT INTO studentGrades (studentId, subjectId, classId, score, id) VALUES (196, 57, 10, 52, 1107);
INSERT INTO studentGrades (studentId, subjectId, classId, score, id) VALUES (196, 58, 10, 57, 1108);
INSERT INTO studentGrades (studentId, subjectId, classId, score, id) VALUES (196, 59, 10, 100, 1109);
INSERT INTO studentGrades (studentId, subjectId, classId, score, id) VALUES (196, 60, 10, 59, 1110);
INSERT INTO user (userName, email, password, role, schoolId, classId, createdAt, id) VALUES ('Student Grade 10-6', 'student_10_6@edudash.com', '$2b$10$s.PA0yLyULbLz34xWc.3/ube65h6e1DNLNkmnQ2QlOrWSLpMH.KFi', 'student', 1, 10, '2025-12-28T21:39:29.355Z', 197);
INSERT INTO studentGrades (studentId, subjectId, classId, score, id) VALUES (197, 55, 10, 54, 1111);
INSERT INTO studentGrades (studentId, subjectId, classId, score, id) VALUES (197, 56, 10, 54, 1112);
INSERT INTO studentGrades (studentId, subjectId, classId, score, id) VALUES (197, 57, 10, 93, 1113);
INSERT INTO studentGrades (studentId, subjectId, classId, score, id) VALUES (197, 58, 10, 62, 1114);
INSERT INTO studentGrades (studentId, subjectId, classId, score, id) VALUES (197, 59, 10, 60, 1115);
INSERT INTO studentGrades (studentId, subjectId, classId, score, id) VALUES (197, 60, 10, 100, 1116);
INSERT INTO user (userName, email, password, role, schoolId, classId, createdAt, id) VALUES ('Student Grade 10-7', 'student_10_7@edudash.com', '$2b$10$s.PA0yLyULbLz34xWc.3/ube65h6e1DNLNkmnQ2QlOrWSLpMH.KFi', 'student', 1, 10, '2025-12-28T21:39:29.355Z', 198);
INSERT INTO studentGrades (studentId, subjectId, classId, score, id) VALUES (198, 55, 10, 65, 1117);
INSERT INTO studentGrades (studentId, subjectId, classId, score, id) VALUES (198, 56, 10, 85, 1118);
INSERT INTO studentGrades (studentId, subjectId, classId, score, id) VALUES (198, 57, 10, 77, 1119);
INSERT INTO studentGrades (studentId, subjectId, classId, score, id) VALUES (198, 58, 10, 62, 1120);
INSERT INTO studentGrades (studentId, subjectId, classId, score, id) VALUES (198, 59, 10, 88, 1121);
INSERT INTO studentGrades (studentId, subjectId, classId, score, id) VALUES (198, 60, 10, 52, 1122);
INSERT INTO user (userName, email, password, role, schoolId, classId, createdAt, id) VALUES ('Student Grade 10-8', 'student_10_8@edudash.com', '$2b$10$s.PA0yLyULbLz34xWc.3/ube65h6e1DNLNkmnQ2QlOrWSLpMH.KFi', 'student', 1, 10, '2025-12-28T21:39:29.355Z', 199);
INSERT INTO studentGrades (studentId, subjectId, classId, score, id) VALUES (199, 55, 10, 52, 1123);
INSERT INTO studentGrades (studentId, subjectId, classId, score, id) VALUES (199, 56, 10, 50, 1124);
INSERT INTO studentGrades (studentId, subjectId, classId, score, id) VALUES (199, 57, 10, 56, 1125);
INSERT INTO studentGrades (studentId, subjectId, classId, score, id) VALUES (199, 58, 10, 61, 1126);
INSERT INTO studentGrades (studentId, subjectId, classId, score, id) VALUES (199, 59, 10, 81, 1127);
INSERT INTO studentGrades (studentId, subjectId, classId, score, id) VALUES (199, 60, 10, 90, 1128);
INSERT INTO user (userName, email, password, role, schoolId, classId, createdAt, id) VALUES ('Student Grade 10-9', 'student_10_9@edudash.com', '$2b$10$s.PA0yLyULbLz34xWc.3/ube65h6e1DNLNkmnQ2QlOrWSLpMH.KFi', 'student', 1, 10, '2025-12-28T21:39:29.355Z', 200);
INSERT INTO studentGrades (studentId, subjectId, classId, score, id) VALUES (200, 55, 10, 64, 1129);
INSERT INTO studentGrades (studentId, subjectId, classId, score, id) VALUES (200, 56, 10, 65, 1130);
INSERT INTO studentGrades (studentId, subjectId, classId, score, id) VALUES (200, 57, 10, 54, 1131);
INSERT INTO studentGrades (studentId, subjectId, classId, score, id) VALUES (200, 58, 10, 58, 1132);
INSERT INTO studentGrades (studentId, subjectId, classId, score, id) VALUES (200, 59, 10, 78, 1133);
INSERT INTO studentGrades (studentId, subjectId, classId, score, id) VALUES (200, 60, 10, 96, 1134);
INSERT INTO user (userName, email, password, role, schoolId, classId, createdAt, id) VALUES ('Student Grade 10-10', 'student_10_10@edudash.com', '$2b$10$s.PA0yLyULbLz34xWc.3/ube65h6e1DNLNkmnQ2QlOrWSLpMH.KFi', 'student', 1, 10, '2025-12-28T21:39:29.355Z', 201);
INSERT INTO studentGrades (studentId, subjectId, classId, score, id) VALUES (201, 55, 10, 76, 1135);
INSERT INTO studentGrades (studentId, subjectId, classId, score, id) VALUES (201, 56, 10, 70, 1136);
INSERT INTO studentGrades (studentId, subjectId, classId, score, id) VALUES (201, 57, 10, 68, 1137);
INSERT INTO studentGrades (studentId, subjectId, classId, score, id) VALUES (201, 58, 10, 90, 1138);
INSERT INTO studentGrades (studentId, subjectId, classId, score, id) VALUES (201, 59, 10, 61, 1139);
INSERT INTO studentGrades (studentId, subjectId, classId, score, id) VALUES (201, 60, 10, 60, 1140);
INSERT INTO user (userName, email, password, role, schoolId, classId, createdAt, id) VALUES ('Student Grade 10-11', 'student_10_11@edudash.com', '$2b$10$s.PA0yLyULbLz34xWc.3/ube65h6e1DNLNkmnQ2QlOrWSLpMH.KFi', 'student', 1, 10, '2025-12-28T21:39:29.355Z', 202);
INSERT INTO studentGrades (studentId, subjectId, classId, score, id) VALUES (202, 55, 10, 75, 1141);
INSERT INTO studentGrades (studentId, subjectId, classId, score, id) VALUES (202, 56, 10, 53, 1142);
INSERT INTO studentGrades (studentId, subjectId, classId, score, id) VALUES (202, 57, 10, 100, 1143);
INSERT INTO studentGrades (studentId, subjectId, classId, score, id) VALUES (202, 58, 10, 56, 1144);
INSERT INTO studentGrades (studentId, subjectId, classId, score, id) VALUES (202, 59, 10, 82, 1145);
INSERT INTO studentGrades (studentId, subjectId, classId, score, id) VALUES (202, 60, 10, 86, 1146);
INSERT INTO user (userName, email, password, role, schoolId, classId, createdAt, id) VALUES ('Student Grade 10-12', 'student_10_12@edudash.com', '$2b$10$s.PA0yLyULbLz34xWc.3/ube65h6e1DNLNkmnQ2QlOrWSLpMH.KFi', 'student', 1, 10, '2025-12-28T21:39:29.355Z', 203);
INSERT INTO studentGrades (studentId, subjectId, classId, score, id) VALUES (203, 55, 10, 65, 1147);
INSERT INTO studentGrades (studentId, subjectId, classId, score, id) VALUES (203, 56, 10, 100, 1148);
INSERT INTO studentGrades (studentId, subjectId, classId, score, id) VALUES (203, 57, 10, 71, 1149);
INSERT INTO studentGrades (studentId, subjectId, classId, score, id) VALUES (203, 58, 10, 68, 1150);
INSERT INTO studentGrades (studentId, subjectId, classId, score, id) VALUES (203, 59, 10, 94, 1151);
INSERT INTO studentGrades (studentId, subjectId, classId, score, id) VALUES (203, 60, 10, 71, 1152);
INSERT INTO user (userName, email, password, role, schoolId, classId, createdAt, id) VALUES ('Student Grade 10-13', 'student_10_13@edudash.com', '$2b$10$s.PA0yLyULbLz34xWc.3/ube65h6e1DNLNkmnQ2QlOrWSLpMH.KFi', 'student', 1, 10, '2025-12-28T21:39:29.355Z', 204);
INSERT INTO studentGrades (studentId, subjectId, classId, score, id) VALUES (204, 55, 10, 50, 1153);
INSERT INTO studentGrades (studentId, subjectId, classId, score, id) VALUES (204, 56, 10, 100, 1154);
INSERT INTO studentGrades (studentId, subjectId, classId, score, id) VALUES (204, 57, 10, 52, 1155);
INSERT INTO studentGrades (studentId, subjectId, classId, score, id) VALUES (204, 58, 10, 100, 1156);
INSERT INTO studentGrades (studentId, subjectId, classId, score, id) VALUES (204, 59, 10, 62, 1157);
INSERT INTO studentGrades (studentId, subjectId, classId, score, id) VALUES (204, 60, 10, 89, 1158);
INSERT INTO user (userName, email, password, role, schoolId, classId, createdAt, id) VALUES ('Student Grade 10-14', 'student_10_14@edudash.com', '$2b$10$s.PA0yLyULbLz34xWc.3/ube65h6e1DNLNkmnQ2QlOrWSLpMH.KFi', 'student', 1, 10, '2025-12-28T21:39:29.355Z', 205);
INSERT INTO studentGrades (studentId, subjectId, classId, score, id) VALUES (205, 55, 10, 82, 1159);
INSERT INTO studentGrades (studentId, subjectId, classId, score, id) VALUES (205, 56, 10, 76, 1160);
INSERT INTO studentGrades (studentId, subjectId, classId, score, id) VALUES (205, 57, 10, 87, 1161);
INSERT INTO studentGrades (studentId, subjectId, classId, score, id) VALUES (205, 58, 10, 90, 1162);
INSERT INTO studentGrades (studentId, subjectId, classId, score, id) VALUES (205, 59, 10, 76, 1163);
INSERT INTO studentGrades (studentId, subjectId, classId, score, id) VALUES (205, 60, 10, 98, 1164);
INSERT INTO user (userName, email, password, role, schoolId, classId, createdAt, id) VALUES ('Student Grade 10-15', 'student_10_15@edudash.com', '$2b$10$s.PA0yLyULbLz34xWc.3/ube65h6e1DNLNkmnQ2QlOrWSLpMH.KFi', 'student', 1, 10, '2025-12-28T21:39:29.355Z', 206);
INSERT INTO studentGrades (studentId, subjectId, classId, score, id) VALUES (206, 55, 10, 99, 1165);
INSERT INTO studentGrades (studentId, subjectId, classId, score, id) VALUES (206, 56, 10, 79, 1166);
INSERT INTO studentGrades (studentId, subjectId, classId, score, id) VALUES (206, 57, 10, 71, 1167);
INSERT INTO studentGrades (studentId, subjectId, classId, score, id) VALUES (206, 58, 10, 91, 1168);
INSERT INTO studentGrades (studentId, subjectId, classId, score, id) VALUES (206, 59, 10, 71, 1169);
INSERT INTO studentGrades (studentId, subjectId, classId, score, id) VALUES (206, 60, 10, 61, 1170);
INSERT INTO user (userName, email, password, role, schoolId, classId, createdAt, id) VALUES ('Student Grade 10-16', 'student_10_16@edudash.com', '$2b$10$s.PA0yLyULbLz34xWc.3/ube65h6e1DNLNkmnQ2QlOrWSLpMH.KFi', 'student', 1, 10, '2025-12-28T21:39:29.355Z', 207);
INSERT INTO studentGrades (studentId, subjectId, classId, score, id) VALUES (207, 55, 10, 63, 1171);
INSERT INTO studentGrades (studentId, subjectId, classId, score, id) VALUES (207, 56, 10, 100, 1172);
INSERT INTO studentGrades (studentId, subjectId, classId, score, id) VALUES (207, 57, 10, 71, 1173);
INSERT INTO studentGrades (studentId, subjectId, classId, score, id) VALUES (207, 58, 10, 73, 1174);
INSERT INTO studentGrades (studentId, subjectId, classId, score, id) VALUES (207, 59, 10, 81, 1175);
INSERT INTO studentGrades (studentId, subjectId, classId, score, id) VALUES (207, 60, 10, 63, 1176);
INSERT INTO user (userName, email, password, role, schoolId, classId, createdAt, id) VALUES ('Student Grade 10-17', 'student_10_17@edudash.com', '$2b$10$s.PA0yLyULbLz34xWc.3/ube65h6e1DNLNkmnQ2QlOrWSLpMH.KFi', 'student', 1, 10, '2025-12-28T21:39:29.355Z', 208);
INSERT INTO studentGrades (studentId, subjectId, classId, score, id) VALUES (208, 55, 10, 68, 1177);
INSERT INTO studentGrades (studentId, subjectId, classId, score, id) VALUES (208, 56, 10, 96, 1178);
INSERT INTO studentGrades (studentId, subjectId, classId, score, id) VALUES (208, 57, 10, 98, 1179);
INSERT INTO studentGrades (studentId, subjectId, classId, score, id) VALUES (208, 58, 10, 51, 1180);
INSERT INTO studentGrades (studentId, subjectId, classId, score, id) VALUES (208, 59, 10, 97, 1181);
INSERT INTO studentGrades (studentId, subjectId, classId, score, id) VALUES (208, 60, 10, 97, 1182);
INSERT INTO user (userName, email, password, role, schoolId, classId, createdAt, id) VALUES ('Student Grade 10-18', 'student_10_18@edudash.com', '$2b$10$s.PA0yLyULbLz34xWc.3/ube65h6e1DNLNkmnQ2QlOrWSLpMH.KFi', 'student', 1, 10, '2025-12-28T21:39:29.355Z', 209);
INSERT INTO studentGrades (studentId, subjectId, classId, score, id) VALUES (209, 55, 10, 51, 1183);
INSERT INTO studentGrades (studentId, subjectId, classId, score, id) VALUES (209, 56, 10, 76, 1184);
INSERT INTO studentGrades (studentId, subjectId, classId, score, id) VALUES (209, 57, 10, 95, 1185);
INSERT INTO studentGrades (studentId, subjectId, classId, score, id) VALUES (209, 58, 10, 81, 1186);
INSERT INTO studentGrades (studentId, subjectId, classId, score, id) VALUES (209, 59, 10, 92, 1187);
INSERT INTO studentGrades (studentId, subjectId, classId, score, id) VALUES (209, 60, 10, 81, 1188);
INSERT INTO user (userName, email, password, role, schoolId, classId, createdAt, id) VALUES ('Student Grade 10-19', 'student_10_19@edudash.com', '$2b$10$s.PA0yLyULbLz34xWc.3/ube65h6e1DNLNkmnQ2QlOrWSLpMH.KFi', 'student', 1, 10, '2025-12-28T21:39:29.355Z', 210);
INSERT INTO studentGrades (studentId, subjectId, classId, score, id) VALUES (210, 55, 10, 73, 1189);
INSERT INTO studentGrades (studentId, subjectId, classId, score, id) VALUES (210, 56, 10, 60, 1190);
INSERT INTO studentGrades (studentId, subjectId, classId, score, id) VALUES (210, 57, 10, 100, 1191);
INSERT INTO studentGrades (studentId, subjectId, classId, score, id) VALUES (210, 58, 10, 86, 1192);
INSERT INTO studentGrades (studentId, subjectId, classId, score, id) VALUES (210, 59, 10, 57, 1193);
INSERT INTO studentGrades (studentId, subjectId, classId, score, id) VALUES (210, 60, 10, 61, 1194);
INSERT INTO user (userName, email, password, role, schoolId, classId, createdAt, id) VALUES ('Student Grade 10-20', 'student_10_20@edudash.com', '$2b$10$s.PA0yLyULbLz34xWc.3/ube65h6e1DNLNkmnQ2QlOrWSLpMH.KFi', 'student', 1, 10, '2025-12-28T21:39:29.355Z', 211);
INSERT INTO studentGrades (studentId, subjectId, classId, score, id) VALUES (211, 55, 10, 79, 1195);
INSERT INTO studentGrades (studentId, subjectId, classId, score, id) VALUES (211, 56, 10, 84, 1196);
INSERT INTO studentGrades (studentId, subjectId, classId, score, id) VALUES (211, 57, 10, 52, 1197);
INSERT INTO studentGrades (studentId, subjectId, classId, score, id) VALUES (211, 58, 10, 54, 1198);
INSERT INTO studentGrades (studentId, subjectId, classId, score, id) VALUES (211, 59, 10, 88, 1199);
INSERT INTO studentGrades (studentId, subjectId, classId, score, id) VALUES (211, 60, 10, 99, 1200);
INSERT INTO schedule (classId, subjectId, day, startTime, endTime, id) VALUES (1, 1, 'Sunday', '08:00', '08:45', 1);
INSERT INTO schedule (classId, subjectId, day, startTime, endTime, id) VALUES (1, 2, 'Sunday', '09:00', '09:45', 2);
INSERT INTO schedule (classId, subjectId, day, startTime, endTime, id) VALUES (1, 3, 'Sunday', '10:00', '10:45', 3);
INSERT INTO schedule (classId, subjectId, day, startTime, endTime, id) VALUES (1, 4, 'Sunday', '11:00', '11:45', 4);
INSERT INTO schedule (classId, subjectId, day, startTime, endTime, id) VALUES (1, 5, 'Sunday', '12:00', '12:45', 5);
INSERT INTO schedule (classId, subjectId, day, startTime, endTime, id) VALUES (1, 6, 'Sunday', '13:00', '13:45', 6);
INSERT INTO schedule (classId, subjectId, day, startTime, endTime, id) VALUES (1, 1, 'Sunday', '14:00', '14:45', 7);
INSERT INTO schedule (classId, subjectId, day, startTime, endTime, id) VALUES (1, 2, 'Sunday', '15:00', '15:45', 8);
INSERT INTO schedule (classId, subjectId, day, startTime, endTime, id) VALUES (1, 3, 'Monday', '08:00', '08:45', 9);
INSERT INTO schedule (classId, subjectId, day, startTime, endTime, id) VALUES (1, 4, 'Monday', '09:00', '09:45', 10);
INSERT INTO schedule (classId, subjectId, day, startTime, endTime, id) VALUES (1, 5, 'Monday', '10:00', '10:45', 11);
INSERT INTO schedule (classId, subjectId, day, startTime, endTime, id) VALUES (1, 6, 'Monday', '11:00', '11:45', 12);
INSERT INTO schedule (classId, subjectId, day, startTime, endTime, id) VALUES (1, 1, 'Monday', '12:00', '12:45', 13);
INSERT INTO schedule (classId, subjectId, day, startTime, endTime, id) VALUES (1, 2, 'Monday', '13:00', '13:45', 14);
INSERT INTO schedule (classId, subjectId, day, startTime, endTime, id) VALUES (1, 3, 'Monday', '14:00', '14:45', 15);
INSERT INTO schedule (classId, subjectId, day, startTime, endTime, id) VALUES (1, 4, 'Monday', '15:00', '15:45', 16);
INSERT INTO schedule (classId, subjectId, day, startTime, endTime, id) VALUES (1, 5, 'Tuesday', '08:00', '08:45', 17);
INSERT INTO schedule (classId, subjectId, day, startTime, endTime, id) VALUES (1, 6, 'Tuesday', '09:00', '09:45', 18);
INSERT INTO schedule (classId, subjectId, day, startTime, endTime, id) VALUES (1, 1, 'Tuesday', '10:00', '10:45', 19);
INSERT INTO schedule (classId, subjectId, day, startTime, endTime, id) VALUES (1, 2, 'Tuesday', '11:00', '11:45', 20);
INSERT INTO schedule (classId, subjectId, day, startTime, endTime, id) VALUES (1, 3, 'Tuesday', '12:00', '12:45', 21);
INSERT INTO schedule (classId, subjectId, day, startTime, endTime, id) VALUES (1, 4, 'Tuesday', '13:00', '13:45', 22);
INSERT INTO schedule (classId, subjectId, day, startTime, endTime, id) VALUES (1, 5, 'Tuesday', '14:00', '14:45', 23);
INSERT INTO schedule (classId, subjectId, day, startTime, endTime, id) VALUES (1, 6, 'Tuesday', '15:00', '15:45', 24);
INSERT INTO schedule (classId, subjectId, day, startTime, endTime, id) VALUES (1, 1, 'Wednesday', '08:00', '08:45', 25);
INSERT INTO schedule (classId, subjectId, day, startTime, endTime, id) VALUES (1, 2, 'Wednesday', '09:00', '09:45', 26);
INSERT INTO schedule (classId, subjectId, day, startTime, endTime, id) VALUES (1, 3, 'Wednesday', '10:00', '10:45', 27);
INSERT INTO schedule (classId, subjectId, day, startTime, endTime, id) VALUES (1, 4, 'Wednesday', '11:00', '11:45', 28);
INSERT INTO schedule (classId, subjectId, day, startTime, endTime, id) VALUES (1, 5, 'Wednesday', '12:00', '12:45', 29);
INSERT INTO schedule (classId, subjectId, day, startTime, endTime, id) VALUES (1, 6, 'Wednesday', '13:00', '13:45', 30);
INSERT INTO schedule (classId, subjectId, day, startTime, endTime, id) VALUES (1, 1, 'Wednesday', '14:00', '14:45', 31);
INSERT INTO schedule (classId, subjectId, day, startTime, endTime, id) VALUES (1, 2, 'Wednesday', '15:00', '15:45', 32);
INSERT INTO schedule (classId, subjectId, day, startTime, endTime, id) VALUES (1, 3, 'Thursday', '08:00', '08:45', 33);
INSERT INTO schedule (classId, subjectId, day, startTime, endTime, id) VALUES (1, 4, 'Thursday', '09:00', '09:45', 34);
INSERT INTO schedule (classId, subjectId, day, startTime, endTime, id) VALUES (1, 5, 'Thursday', '10:00', '10:45', 35);
INSERT INTO schedule (classId, subjectId, day, startTime, endTime, id) VALUES (1, 6, 'Thursday', '11:00', '11:45', 36);
INSERT INTO schedule (classId, subjectId, day, startTime, endTime, id) VALUES (1, 1, 'Thursday', '12:00', '12:45', 37);
INSERT INTO schedule (classId, subjectId, day, startTime, endTime, id) VALUES (1, 2, 'Thursday', '13:00', '13:45', 38);
INSERT INTO schedule (classId, subjectId, day, startTime, endTime, id) VALUES (1, 3, 'Thursday', '14:00', '14:45', 39);
INSERT INTO schedule (classId, subjectId, day, startTime, endTime, id) VALUES (1, 4, 'Thursday', '15:00', '15:45', 40);
INSERT INTO schedule (classId, subjectId, day, startTime, endTime, id) VALUES (2, 7, 'Sunday', '08:00', '08:45', 41);
INSERT INTO schedule (classId, subjectId, day, startTime, endTime, id) VALUES (2, 8, 'Sunday', '09:00', '09:45', 42);
INSERT INTO schedule (classId, subjectId, day, startTime, endTime, id) VALUES (2, 9, 'Sunday', '10:00', '10:45', 43);
INSERT INTO schedule (classId, subjectId, day, startTime, endTime, id) VALUES (2, 10, 'Sunday', '11:00', '11:45', 44);
INSERT INTO schedule (classId, subjectId, day, startTime, endTime, id) VALUES (2, 11, 'Sunday', '12:00', '12:45', 45);
INSERT INTO schedule (classId, subjectId, day, startTime, endTime, id) VALUES (2, 12, 'Sunday', '13:00', '13:45', 46);
INSERT INTO schedule (classId, subjectId, day, startTime, endTime, id) VALUES (2, 7, 'Sunday', '14:00', '14:45', 47);
INSERT INTO schedule (classId, subjectId, day, startTime, endTime, id) VALUES (2, 8, 'Sunday', '15:00', '15:45', 48);
INSERT INTO schedule (classId, subjectId, day, startTime, endTime, id) VALUES (2, 9, 'Monday', '08:00', '08:45', 49);
INSERT INTO schedule (classId, subjectId, day, startTime, endTime, id) VALUES (2, 10, 'Monday', '09:00', '09:45', 50);
INSERT INTO schedule (classId, subjectId, day, startTime, endTime, id) VALUES (2, 11, 'Monday', '10:00', '10:45', 51);
INSERT INTO schedule (classId, subjectId, day, startTime, endTime, id) VALUES (2, 12, 'Monday', '11:00', '11:45', 52);
INSERT INTO schedule (classId, subjectId, day, startTime, endTime, id) VALUES (2, 7, 'Monday', '12:00', '12:45', 53);
INSERT INTO schedule (classId, subjectId, day, startTime, endTime, id) VALUES (2, 8, 'Monday', '13:00', '13:45', 54);
INSERT INTO schedule (classId, subjectId, day, startTime, endTime, id) VALUES (2, 9, 'Monday', '14:00', '14:45', 55);
INSERT INTO schedule (classId, subjectId, day, startTime, endTime, id) VALUES (2, 10, 'Monday', '15:00', '15:45', 56);
INSERT INTO schedule (classId, subjectId, day, startTime, endTime, id) VALUES (2, 11, 'Tuesday', '08:00', '08:45', 57);
INSERT INTO schedule (classId, subjectId, day, startTime, endTime, id) VALUES (2, 12, 'Tuesday', '09:00', '09:45', 58);
INSERT INTO schedule (classId, subjectId, day, startTime, endTime, id) VALUES (2, 7, 'Tuesday', '10:00', '10:45', 59);
INSERT INTO schedule (classId, subjectId, day, startTime, endTime, id) VALUES (2, 8, 'Tuesday', '11:00', '11:45', 60);
INSERT INTO schedule (classId, subjectId, day, startTime, endTime, id) VALUES (2, 9, 'Tuesday', '12:00', '12:45', 61);
INSERT INTO schedule (classId, subjectId, day, startTime, endTime, id) VALUES (2, 10, 'Tuesday', '13:00', '13:45', 62);
INSERT INTO schedule (classId, subjectId, day, startTime, endTime, id) VALUES (2, 11, 'Tuesday', '14:00', '14:45', 63);
INSERT INTO schedule (classId, subjectId, day, startTime, endTime, id) VALUES (2, 12, 'Tuesday', '15:00', '15:45', 64);
INSERT INTO schedule (classId, subjectId, day, startTime, endTime, id) VALUES (2, 7, 'Wednesday', '08:00', '08:45', 65);
INSERT INTO schedule (classId, subjectId, day, startTime, endTime, id) VALUES (2, 8, 'Wednesday', '09:00', '09:45', 66);
INSERT INTO schedule (classId, subjectId, day, startTime, endTime, id) VALUES (2, 9, 'Wednesday', '10:00', '10:45', 67);
INSERT INTO schedule (classId, subjectId, day, startTime, endTime, id) VALUES (2, 10, 'Wednesday', '11:00', '11:45', 68);
INSERT INTO schedule (classId, subjectId, day, startTime, endTime, id) VALUES (2, 11, 'Wednesday', '12:00', '12:45', 69);
INSERT INTO schedule (classId, subjectId, day, startTime, endTime, id) VALUES (2, 12, 'Wednesday', '13:00', '13:45', 70);
INSERT INTO schedule (classId, subjectId, day, startTime, endTime, id) VALUES (2, 7, 'Wednesday', '14:00', '14:45', 71);
INSERT INTO schedule (classId, subjectId, day, startTime, endTime, id) VALUES (2, 8, 'Wednesday', '15:00', '15:45', 72);
INSERT INTO schedule (classId, subjectId, day, startTime, endTime, id) VALUES (2, 9, 'Thursday', '08:00', '08:45', 73);
INSERT INTO schedule (classId, subjectId, day, startTime, endTime, id) VALUES (2, 10, 'Thursday', '09:00', '09:45', 74);
INSERT INTO schedule (classId, subjectId, day, startTime, endTime, id) VALUES (2, 11, 'Thursday', '10:00', '10:45', 75);
INSERT INTO schedule (classId, subjectId, day, startTime, endTime, id) VALUES (2, 12, 'Thursday', '11:00', '11:45', 76);
INSERT INTO schedule (classId, subjectId, day, startTime, endTime, id) VALUES (2, 7, 'Thursday', '12:00', '12:45', 77);
INSERT INTO schedule (classId, subjectId, day, startTime, endTime, id) VALUES (2, 8, 'Thursday', '13:00', '13:45', 78);
INSERT INTO schedule (classId, subjectId, day, startTime, endTime, id) VALUES (2, 9, 'Thursday', '14:00', '14:45', 79);
INSERT INTO schedule (classId, subjectId, day, startTime, endTime, id) VALUES (2, 10, 'Thursday', '15:00', '15:45', 80);
INSERT INTO schedule (classId, subjectId, day, startTime, endTime, id) VALUES (3, 13, 'Sunday', '08:00', '08:45', 81);
INSERT INTO schedule (classId, subjectId, day, startTime, endTime, id) VALUES (3, 14, 'Sunday', '09:00', '09:45', 82);
INSERT INTO schedule (classId, subjectId, day, startTime, endTime, id) VALUES (3, 15, 'Sunday', '10:00', '10:45', 83);
INSERT INTO schedule (classId, subjectId, day, startTime, endTime, id) VALUES (3, 16, 'Sunday', '11:00', '11:45', 84);
INSERT INTO schedule (classId, subjectId, day, startTime, endTime, id) VALUES (3, 17, 'Sunday', '12:00', '12:45', 85);
INSERT INTO schedule (classId, subjectId, day, startTime, endTime, id) VALUES (3, 18, 'Sunday', '13:00', '13:45', 86);
INSERT INTO schedule (classId, subjectId, day, startTime, endTime, id) VALUES (3, 13, 'Sunday', '14:00', '14:45', 87);
INSERT INTO schedule (classId, subjectId, day, startTime, endTime, id) VALUES (3, 14, 'Sunday', '15:00', '15:45', 88);
INSERT INTO schedule (classId, subjectId, day, startTime, endTime, id) VALUES (3, 15, 'Monday', '08:00', '08:45', 89);
INSERT INTO schedule (classId, subjectId, day, startTime, endTime, id) VALUES (3, 16, 'Monday', '09:00', '09:45', 90);
INSERT INTO schedule (classId, subjectId, day, startTime, endTime, id) VALUES (3, 17, 'Monday', '10:00', '10:45', 91);
INSERT INTO schedule (classId, subjectId, day, startTime, endTime, id) VALUES (3, 18, 'Monday', '11:00', '11:45', 92);
INSERT INTO schedule (classId, subjectId, day, startTime, endTime, id) VALUES (3, 13, 'Monday', '12:00', '12:45', 93);
INSERT INTO schedule (classId, subjectId, day, startTime, endTime, id) VALUES (3, 14, 'Monday', '13:00', '13:45', 94);
INSERT INTO schedule (classId, subjectId, day, startTime, endTime, id) VALUES (3, 15, 'Monday', '14:00', '14:45', 95);
INSERT INTO schedule (classId, subjectId, day, startTime, endTime, id) VALUES (3, 16, 'Monday', '15:00', '15:45', 96);
INSERT INTO schedule (classId, subjectId, day, startTime, endTime, id) VALUES (3, 17, 'Tuesday', '08:00', '08:45', 97);
INSERT INTO schedule (classId, subjectId, day, startTime, endTime, id) VALUES (3, 18, 'Tuesday', '09:00', '09:45', 98);
INSERT INTO schedule (classId, subjectId, day, startTime, endTime, id) VALUES (3, 13, 'Tuesday', '10:00', '10:45', 99);
INSERT INTO schedule (classId, subjectId, day, startTime, endTime, id) VALUES (3, 14, 'Tuesday', '11:00', '11:45', 100);
INSERT INTO schedule (classId, subjectId, day, startTime, endTime, id) VALUES (3, 15, 'Tuesday', '12:00', '12:45', 101);
INSERT INTO schedule (classId, subjectId, day, startTime, endTime, id) VALUES (3, 16, 'Tuesday', '13:00', '13:45', 102);
INSERT INTO schedule (classId, subjectId, day, startTime, endTime, id) VALUES (3, 17, 'Tuesday', '14:00', '14:45', 103);
INSERT INTO schedule (classId, subjectId, day, startTime, endTime, id) VALUES (3, 18, 'Tuesday', '15:00', '15:45', 104);
INSERT INTO schedule (classId, subjectId, day, startTime, endTime, id) VALUES (3, 13, 'Wednesday', '08:00', '08:45', 105);
INSERT INTO schedule (classId, subjectId, day, startTime, endTime, id) VALUES (3, 14, 'Wednesday', '09:00', '09:45', 106);
INSERT INTO schedule (classId, subjectId, day, startTime, endTime, id) VALUES (3, 15, 'Wednesday', '10:00', '10:45', 107);
INSERT INTO schedule (classId, subjectId, day, startTime, endTime, id) VALUES (3, 16, 'Wednesday', '11:00', '11:45', 108);
INSERT INTO schedule (classId, subjectId, day, startTime, endTime, id) VALUES (3, 17, 'Wednesday', '12:00', '12:45', 109);
INSERT INTO schedule (classId, subjectId, day, startTime, endTime, id) VALUES (3, 18, 'Wednesday', '13:00', '13:45', 110);
INSERT INTO schedule (classId, subjectId, day, startTime, endTime, id) VALUES (3, 13, 'Wednesday', '14:00', '14:45', 111);
INSERT INTO schedule (classId, subjectId, day, startTime, endTime, id) VALUES (3, 14, 'Wednesday', '15:00', '15:45', 112);
INSERT INTO schedule (classId, subjectId, day, startTime, endTime, id) VALUES (3, 15, 'Thursday', '08:00', '08:45', 113);
INSERT INTO schedule (classId, subjectId, day, startTime, endTime, id) VALUES (3, 16, 'Thursday', '09:00', '09:45', 114);
INSERT INTO schedule (classId, subjectId, day, startTime, endTime, id) VALUES (3, 17, 'Thursday', '10:00', '10:45', 115);
INSERT INTO schedule (classId, subjectId, day, startTime, endTime, id) VALUES (3, 18, 'Thursday', '11:00', '11:45', 116);
INSERT INTO schedule (classId, subjectId, day, startTime, endTime, id) VALUES (3, 13, 'Thursday', '12:00', '12:45', 117);
INSERT INTO schedule (classId, subjectId, day, startTime, endTime, id) VALUES (3, 14, 'Thursday', '13:00', '13:45', 118);
INSERT INTO schedule (classId, subjectId, day, startTime, endTime, id) VALUES (3, 15, 'Thursday', '14:00', '14:45', 119);
INSERT INTO schedule (classId, subjectId, day, startTime, endTime, id) VALUES (3, 16, 'Thursday', '15:00', '15:45', 120);
INSERT INTO schedule (classId, subjectId, day, startTime, endTime, id) VALUES (4, 19, 'Sunday', '08:00', '08:45', 121);
INSERT INTO schedule (classId, subjectId, day, startTime, endTime, id) VALUES (4, 20, 'Sunday', '09:00', '09:45', 122);
INSERT INTO schedule (classId, subjectId, day, startTime, endTime, id) VALUES (4, 21, 'Sunday', '10:00', '10:45', 123);
INSERT INTO schedule (classId, subjectId, day, startTime, endTime, id) VALUES (4, 22, 'Sunday', '11:00', '11:45', 124);
INSERT INTO schedule (classId, subjectId, day, startTime, endTime, id) VALUES (4, 23, 'Sunday', '12:00', '12:45', 125);
INSERT INTO schedule (classId, subjectId, day, startTime, endTime, id) VALUES (4, 24, 'Sunday', '13:00', '13:45', 126);
INSERT INTO schedule (classId, subjectId, day, startTime, endTime, id) VALUES (4, 19, 'Sunday', '14:00', '14:45', 127);
INSERT INTO schedule (classId, subjectId, day, startTime, endTime, id) VALUES (4, 20, 'Sunday', '15:00', '15:45', 128);
INSERT INTO schedule (classId, subjectId, day, startTime, endTime, id) VALUES (4, 21, 'Monday', '08:00', '08:45', 129);
INSERT INTO schedule (classId, subjectId, day, startTime, endTime, id) VALUES (4, 22, 'Monday', '09:00', '09:45', 130);
INSERT INTO schedule (classId, subjectId, day, startTime, endTime, id) VALUES (4, 23, 'Monday', '10:00', '10:45', 131);
INSERT INTO schedule (classId, subjectId, day, startTime, endTime, id) VALUES (4, 24, 'Monday', '11:00', '11:45', 132);
INSERT INTO schedule (classId, subjectId, day, startTime, endTime, id) VALUES (4, 19, 'Monday', '12:00', '12:45', 133);
INSERT INTO schedule (classId, subjectId, day, startTime, endTime, id) VALUES (4, 20, 'Monday', '13:00', '13:45', 134);
INSERT INTO schedule (classId, subjectId, day, startTime, endTime, id) VALUES (4, 21, 'Monday', '14:00', '14:45', 135);
INSERT INTO schedule (classId, subjectId, day, startTime, endTime, id) VALUES (4, 22, 'Monday', '15:00', '15:45', 136);
INSERT INTO schedule (classId, subjectId, day, startTime, endTime, id) VALUES (4, 23, 'Tuesday', '08:00', '08:45', 137);
INSERT INTO schedule (classId, subjectId, day, startTime, endTime, id) VALUES (4, 24, 'Tuesday', '09:00', '09:45', 138);
INSERT INTO schedule (classId, subjectId, day, startTime, endTime, id) VALUES (4, 19, 'Tuesday', '10:00', '10:45', 139);
INSERT INTO schedule (classId, subjectId, day, startTime, endTime, id) VALUES (4, 20, 'Tuesday', '11:00', '11:45', 140);
INSERT INTO schedule (classId, subjectId, day, startTime, endTime, id) VALUES (4, 21, 'Tuesday', '12:00', '12:45', 141);
INSERT INTO schedule (classId, subjectId, day, startTime, endTime, id) VALUES (4, 22, 'Tuesday', '13:00', '13:45', 142);
INSERT INTO schedule (classId, subjectId, day, startTime, endTime, id) VALUES (4, 23, 'Tuesday', '14:00', '14:45', 143);
INSERT INTO schedule (classId, subjectId, day, startTime, endTime, id) VALUES (4, 24, 'Tuesday', '15:00', '15:45', 144);
INSERT INTO schedule (classId, subjectId, day, startTime, endTime, id) VALUES (4, 19, 'Wednesday', '08:00', '08:45', 145);
INSERT INTO schedule (classId, subjectId, day, startTime, endTime, id) VALUES (4, 20, 'Wednesday', '09:00', '09:45', 146);
INSERT INTO schedule (classId, subjectId, day, startTime, endTime, id) VALUES (4, 21, 'Wednesday', '10:00', '10:45', 147);
INSERT INTO schedule (classId, subjectId, day, startTime, endTime, id) VALUES (4, 22, 'Wednesday', '11:00', '11:45', 148);
INSERT INTO schedule (classId, subjectId, day, startTime, endTime, id) VALUES (4, 23, 'Wednesday', '12:00', '12:45', 149);
INSERT INTO schedule (classId, subjectId, day, startTime, endTime, id) VALUES (4, 24, 'Wednesday', '13:00', '13:45', 150);
INSERT INTO schedule (classId, subjectId, day, startTime, endTime, id) VALUES (4, 19, 'Wednesday', '14:00', '14:45', 151);
INSERT INTO schedule (classId, subjectId, day, startTime, endTime, id) VALUES (4, 20, 'Wednesday', '15:00', '15:45', 152);
INSERT INTO schedule (classId, subjectId, day, startTime, endTime, id) VALUES (4, 21, 'Thursday', '08:00', '08:45', 153);
INSERT INTO schedule (classId, subjectId, day, startTime, endTime, id) VALUES (4, 22, 'Thursday', '09:00', '09:45', 154);
INSERT INTO schedule (classId, subjectId, day, startTime, endTime, id) VALUES (4, 23, 'Thursday', '10:00', '10:45', 155);
INSERT INTO schedule (classId, subjectId, day, startTime, endTime, id) VALUES (4, 24, 'Thursday', '11:00', '11:45', 156);
INSERT INTO schedule (classId, subjectId, day, startTime, endTime, id) VALUES (4, 19, 'Thursday', '12:00', '12:45', 157);
INSERT INTO schedule (classId, subjectId, day, startTime, endTime, id) VALUES (4, 20, 'Thursday', '13:00', '13:45', 158);
INSERT INTO schedule (classId, subjectId, day, startTime, endTime, id) VALUES (4, 21, 'Thursday', '14:00', '14:45', 159);
INSERT INTO schedule (classId, subjectId, day, startTime, endTime, id) VALUES (4, 22, 'Thursday', '15:00', '15:45', 160);
INSERT INTO schedule (classId, subjectId, day, startTime, endTime, id) VALUES (5, 25, 'Sunday', '08:00', '08:45', 161);
INSERT INTO schedule (classId, subjectId, day, startTime, endTime, id) VALUES (5, 26, 'Sunday', '09:00', '09:45', 162);
INSERT INTO schedule (classId, subjectId, day, startTime, endTime, id) VALUES (5, 27, 'Sunday', '10:00', '10:45', 163);
INSERT INTO schedule (classId, subjectId, day, startTime, endTime, id) VALUES (5, 28, 'Sunday', '11:00', '11:45', 164);
INSERT INTO schedule (classId, subjectId, day, startTime, endTime, id) VALUES (5, 29, 'Sunday', '12:00', '12:45', 165);
INSERT INTO schedule (classId, subjectId, day, startTime, endTime, id) VALUES (5, 30, 'Sunday', '13:00', '13:45', 166);
INSERT INTO schedule (classId, subjectId, day, startTime, endTime, id) VALUES (5, 25, 'Sunday', '14:00', '14:45', 167);
INSERT INTO schedule (classId, subjectId, day, startTime, endTime, id) VALUES (5, 26, 'Sunday', '15:00', '15:45', 168);
INSERT INTO schedule (classId, subjectId, day, startTime, endTime, id) VALUES (5, 27, 'Monday', '08:00', '08:45', 169);
INSERT INTO schedule (classId, subjectId, day, startTime, endTime, id) VALUES (5, 28, 'Monday', '09:00', '09:45', 170);
INSERT INTO schedule (classId, subjectId, day, startTime, endTime, id) VALUES (5, 29, 'Monday', '10:00', '10:45', 171);
INSERT INTO schedule (classId, subjectId, day, startTime, endTime, id) VALUES (5, 30, 'Monday', '11:00', '11:45', 172);
INSERT INTO schedule (classId, subjectId, day, startTime, endTime, id) VALUES (5, 25, 'Monday', '12:00', '12:45', 173);
INSERT INTO schedule (classId, subjectId, day, startTime, endTime, id) VALUES (5, 26, 'Monday', '13:00', '13:45', 174);
INSERT INTO schedule (classId, subjectId, day, startTime, endTime, id) VALUES (5, 27, 'Monday', '14:00', '14:45', 175);
INSERT INTO schedule (classId, subjectId, day, startTime, endTime, id) VALUES (5, 28, 'Monday', '15:00', '15:45', 176);
INSERT INTO schedule (classId, subjectId, day, startTime, endTime, id) VALUES (5, 29, 'Tuesday', '08:00', '08:45', 177);
INSERT INTO schedule (classId, subjectId, day, startTime, endTime, id) VALUES (5, 30, 'Tuesday', '09:00', '09:45', 178);
INSERT INTO schedule (classId, subjectId, day, startTime, endTime, id) VALUES (5, 25, 'Tuesday', '10:00', '10:45', 179);
INSERT INTO schedule (classId, subjectId, day, startTime, endTime, id) VALUES (5, 26, 'Tuesday', '11:00', '11:45', 180);
INSERT INTO schedule (classId, subjectId, day, startTime, endTime, id) VALUES (5, 27, 'Tuesday', '12:00', '12:45', 181);
INSERT INTO schedule (classId, subjectId, day, startTime, endTime, id) VALUES (5, 28, 'Tuesday', '13:00', '13:45', 182);
INSERT INTO schedule (classId, subjectId, day, startTime, endTime, id) VALUES (5, 29, 'Tuesday', '14:00', '14:45', 183);
INSERT INTO schedule (classId, subjectId, day, startTime, endTime, id) VALUES (5, 30, 'Tuesday', '15:00', '15:45', 184);
INSERT INTO schedule (classId, subjectId, day, startTime, endTime, id) VALUES (5, 25, 'Wednesday', '08:00', '08:45', 185);
INSERT INTO schedule (classId, subjectId, day, startTime, endTime, id) VALUES (5, 26, 'Wednesday', '09:00', '09:45', 186);
INSERT INTO schedule (classId, subjectId, day, startTime, endTime, id) VALUES (5, 27, 'Wednesday', '10:00', '10:45', 187);
INSERT INTO schedule (classId, subjectId, day, startTime, endTime, id) VALUES (5, 28, 'Wednesday', '11:00', '11:45', 188);
INSERT INTO schedule (classId, subjectId, day, startTime, endTime, id) VALUES (5, 29, 'Wednesday', '12:00', '12:45', 189);
INSERT INTO schedule (classId, subjectId, day, startTime, endTime, id) VALUES (5, 30, 'Wednesday', '13:00', '13:45', 190);
INSERT INTO schedule (classId, subjectId, day, startTime, endTime, id) VALUES (5, 25, 'Wednesday', '14:00', '14:45', 191);
INSERT INTO schedule (classId, subjectId, day, startTime, endTime, id) VALUES (5, 26, 'Wednesday', '15:00', '15:45', 192);
INSERT INTO schedule (classId, subjectId, day, startTime, endTime, id) VALUES (5, 27, 'Thursday', '08:00', '08:45', 193);
INSERT INTO schedule (classId, subjectId, day, startTime, endTime, id) VALUES (5, 28, 'Thursday', '09:00', '09:45', 194);
INSERT INTO schedule (classId, subjectId, day, startTime, endTime, id) VALUES (5, 29, 'Thursday', '10:00', '10:45', 195);
INSERT INTO schedule (classId, subjectId, day, startTime, endTime, id) VALUES (5, 30, 'Thursday', '11:00', '11:45', 196);
INSERT INTO schedule (classId, subjectId, day, startTime, endTime, id) VALUES (5, 25, 'Thursday', '12:00', '12:45', 197);
INSERT INTO schedule (classId, subjectId, day, startTime, endTime, id) VALUES (5, 26, 'Thursday', '13:00', '13:45', 198);
INSERT INTO schedule (classId, subjectId, day, startTime, endTime, id) VALUES (5, 27, 'Thursday', '14:00', '14:45', 199);
INSERT INTO schedule (classId, subjectId, day, startTime, endTime, id) VALUES (5, 28, 'Thursday', '15:00', '15:45', 200);
INSERT INTO schedule (classId, subjectId, day, startTime, endTime, id) VALUES (6, 31, 'Sunday', '08:00', '08:45', 201);
INSERT INTO schedule (classId, subjectId, day, startTime, endTime, id) VALUES (6, 32, 'Sunday', '09:00', '09:45', 202);
INSERT INTO schedule (classId, subjectId, day, startTime, endTime, id) VALUES (6, 33, 'Sunday', '10:00', '10:45', 203);
INSERT INTO schedule (classId, subjectId, day, startTime, endTime, id) VALUES (6, 34, 'Sunday', '11:00', '11:45', 204);
INSERT INTO schedule (classId, subjectId, day, startTime, endTime, id) VALUES (6, 35, 'Sunday', '12:00', '12:45', 205);
INSERT INTO schedule (classId, subjectId, day, startTime, endTime, id) VALUES (6, 36, 'Sunday', '13:00', '13:45', 206);
INSERT INTO schedule (classId, subjectId, day, startTime, endTime, id) VALUES (6, 31, 'Sunday', '14:00', '14:45', 207);
INSERT INTO schedule (classId, subjectId, day, startTime, endTime, id) VALUES (6, 32, 'Sunday', '15:00', '15:45', 208);
INSERT INTO schedule (classId, subjectId, day, startTime, endTime, id) VALUES (6, 33, 'Monday', '08:00', '08:45', 209);
INSERT INTO schedule (classId, subjectId, day, startTime, endTime, id) VALUES (6, 34, 'Monday', '09:00', '09:45', 210);
INSERT INTO schedule (classId, subjectId, day, startTime, endTime, id) VALUES (6, 35, 'Monday', '10:00', '10:45', 211);
INSERT INTO schedule (classId, subjectId, day, startTime, endTime, id) VALUES (6, 36, 'Monday', '11:00', '11:45', 212);
INSERT INTO schedule (classId, subjectId, day, startTime, endTime, id) VALUES (6, 31, 'Monday', '12:00', '12:45', 213);
INSERT INTO schedule (classId, subjectId, day, startTime, endTime, id) VALUES (6, 32, 'Monday', '13:00', '13:45', 214);
INSERT INTO schedule (classId, subjectId, day, startTime, endTime, id) VALUES (6, 33, 'Monday', '14:00', '14:45', 215);
INSERT INTO schedule (classId, subjectId, day, startTime, endTime, id) VALUES (6, 34, 'Monday', '15:00', '15:45', 216);
INSERT INTO schedule (classId, subjectId, day, startTime, endTime, id) VALUES (6, 35, 'Tuesday', '08:00', '08:45', 217);
INSERT INTO schedule (classId, subjectId, day, startTime, endTime, id) VALUES (6, 36, 'Tuesday', '09:00', '09:45', 218);
INSERT INTO schedule (classId, subjectId, day, startTime, endTime, id) VALUES (6, 31, 'Tuesday', '10:00', '10:45', 219);
INSERT INTO schedule (classId, subjectId, day, startTime, endTime, id) VALUES (6, 32, 'Tuesday', '11:00', '11:45', 220);
INSERT INTO schedule (classId, subjectId, day, startTime, endTime, id) VALUES (6, 33, 'Tuesday', '12:00', '12:45', 221);
INSERT INTO schedule (classId, subjectId, day, startTime, endTime, id) VALUES (6, 34, 'Tuesday', '13:00', '13:45', 222);
INSERT INTO schedule (classId, subjectId, day, startTime, endTime, id) VALUES (6, 35, 'Tuesday', '14:00', '14:45', 223);
INSERT INTO schedule (classId, subjectId, day, startTime, endTime, id) VALUES (6, 36, 'Tuesday', '15:00', '15:45', 224);
INSERT INTO schedule (classId, subjectId, day, startTime, endTime, id) VALUES (6, 31, 'Wednesday', '08:00', '08:45', 225);
INSERT INTO schedule (classId, subjectId, day, startTime, endTime, id) VALUES (6, 32, 'Wednesday', '09:00', '09:45', 226);
INSERT INTO schedule (classId, subjectId, day, startTime, endTime, id) VALUES (6, 33, 'Wednesday', '10:00', '10:45', 227);
INSERT INTO schedule (classId, subjectId, day, startTime, endTime, id) VALUES (6, 34, 'Wednesday', '11:00', '11:45', 228);
INSERT INTO schedule (classId, subjectId, day, startTime, endTime, id) VALUES (6, 35, 'Wednesday', '12:00', '12:45', 229);
INSERT INTO schedule (classId, subjectId, day, startTime, endTime, id) VALUES (6, 36, 'Wednesday', '13:00', '13:45', 230);
INSERT INTO schedule (classId, subjectId, day, startTime, endTime, id) VALUES (6, 31, 'Wednesday', '14:00', '14:45', 231);
INSERT INTO schedule (classId, subjectId, day, startTime, endTime, id) VALUES (6, 32, 'Wednesday', '15:00', '15:45', 232);
INSERT INTO schedule (classId, subjectId, day, startTime, endTime, id) VALUES (6, 33, 'Thursday', '08:00', '08:45', 233);
INSERT INTO schedule (classId, subjectId, day, startTime, endTime, id) VALUES (6, 34, 'Thursday', '09:00', '09:45', 234);
INSERT INTO schedule (classId, subjectId, day, startTime, endTime, id) VALUES (6, 35, 'Thursday', '10:00', '10:45', 235);
INSERT INTO schedule (classId, subjectId, day, startTime, endTime, id) VALUES (6, 36, 'Thursday', '11:00', '11:45', 236);
INSERT INTO schedule (classId, subjectId, day, startTime, endTime, id) VALUES (6, 31, 'Thursday', '12:00', '12:45', 237);
INSERT INTO schedule (classId, subjectId, day, startTime, endTime, id) VALUES (6, 32, 'Thursday', '13:00', '13:45', 238);
INSERT INTO schedule (classId, subjectId, day, startTime, endTime, id) VALUES (6, 33, 'Thursday', '14:00', '14:45', 239);
INSERT INTO schedule (classId, subjectId, day, startTime, endTime, id) VALUES (6, 34, 'Thursday', '15:00', '15:45', 240);
INSERT INTO schedule (classId, subjectId, day, startTime, endTime, id) VALUES (7, 37, 'Sunday', '08:00', '08:45', 241);
INSERT INTO schedule (classId, subjectId, day, startTime, endTime, id) VALUES (7, 38, 'Sunday', '09:00', '09:45', 242);
INSERT INTO schedule (classId, subjectId, day, startTime, endTime, id) VALUES (7, 39, 'Sunday', '10:00', '10:45', 243);
INSERT INTO schedule (classId, subjectId, day, startTime, endTime, id) VALUES (7, 40, 'Sunday', '11:00', '11:45', 244);
INSERT INTO schedule (classId, subjectId, day, startTime, endTime, id) VALUES (7, 41, 'Sunday', '12:00', '12:45', 245);
INSERT INTO schedule (classId, subjectId, day, startTime, endTime, id) VALUES (7, 42, 'Sunday', '13:00', '13:45', 246);
INSERT INTO schedule (classId, subjectId, day, startTime, endTime, id) VALUES (7, 37, 'Sunday', '14:00', '14:45', 247);
INSERT INTO schedule (classId, subjectId, day, startTime, endTime, id) VALUES (7, 38, 'Sunday', '15:00', '15:45', 248);
INSERT INTO schedule (classId, subjectId, day, startTime, endTime, id) VALUES (7, 39, 'Monday', '08:00', '08:45', 249);
INSERT INTO schedule (classId, subjectId, day, startTime, endTime, id) VALUES (7, 40, 'Monday', '09:00', '09:45', 250);
INSERT INTO schedule (classId, subjectId, day, startTime, endTime, id) VALUES (7, 41, 'Monday', '10:00', '10:45', 251);
INSERT INTO schedule (classId, subjectId, day, startTime, endTime, id) VALUES (7, 42, 'Monday', '11:00', '11:45', 252);
INSERT INTO schedule (classId, subjectId, day, startTime, endTime, id) VALUES (7, 37, 'Monday', '12:00', '12:45', 253);
INSERT INTO schedule (classId, subjectId, day, startTime, endTime, id) VALUES (7, 38, 'Monday', '13:00', '13:45', 254);
INSERT INTO schedule (classId, subjectId, day, startTime, endTime, id) VALUES (7, 39, 'Monday', '14:00', '14:45', 255);
INSERT INTO schedule (classId, subjectId, day, startTime, endTime, id) VALUES (7, 40, 'Monday', '15:00', '15:45', 256);
INSERT INTO schedule (classId, subjectId, day, startTime, endTime, id) VALUES (7, 41, 'Tuesday', '08:00', '08:45', 257);
INSERT INTO schedule (classId, subjectId, day, startTime, endTime, id) VALUES (7, 42, 'Tuesday', '09:00', '09:45', 258);
INSERT INTO schedule (classId, subjectId, day, startTime, endTime, id) VALUES (7, 37, 'Tuesday', '10:00', '10:45', 259);
INSERT INTO schedule (classId, subjectId, day, startTime, endTime, id) VALUES (7, 38, 'Tuesday', '11:00', '11:45', 260);
INSERT INTO schedule (classId, subjectId, day, startTime, endTime, id) VALUES (7, 39, 'Tuesday', '12:00', '12:45', 261);
INSERT INTO schedule (classId, subjectId, day, startTime, endTime, id) VALUES (7, 40, 'Tuesday', '13:00', '13:45', 262);
INSERT INTO schedule (classId, subjectId, day, startTime, endTime, id) VALUES (7, 41, 'Tuesday', '14:00', '14:45', 263);
INSERT INTO schedule (classId, subjectId, day, startTime, endTime, id) VALUES (7, 42, 'Tuesday', '15:00', '15:45', 264);
INSERT INTO schedule (classId, subjectId, day, startTime, endTime, id) VALUES (7, 37, 'Wednesday', '08:00', '08:45', 265);
INSERT INTO schedule (classId, subjectId, day, startTime, endTime, id) VALUES (7, 38, 'Wednesday', '09:00', '09:45', 266);
INSERT INTO schedule (classId, subjectId, day, startTime, endTime, id) VALUES (7, 39, 'Wednesday', '10:00', '10:45', 267);
INSERT INTO schedule (classId, subjectId, day, startTime, endTime, id) VALUES (7, 40, 'Wednesday', '11:00', '11:45', 268);
INSERT INTO schedule (classId, subjectId, day, startTime, endTime, id) VALUES (7, 41, 'Wednesday', '12:00', '12:45', 269);
INSERT INTO schedule (classId, subjectId, day, startTime, endTime, id) VALUES (7, 42, 'Wednesday', '13:00', '13:45', 270);
INSERT INTO schedule (classId, subjectId, day, startTime, endTime, id) VALUES (7, 37, 'Wednesday', '14:00', '14:45', 271);
INSERT INTO schedule (classId, subjectId, day, startTime, endTime, id) VALUES (7, 38, 'Wednesday', '15:00', '15:45', 272);
INSERT INTO schedule (classId, subjectId, day, startTime, endTime, id) VALUES (7, 39, 'Thursday', '08:00', '08:45', 273);
INSERT INTO schedule (classId, subjectId, day, startTime, endTime, id) VALUES (7, 40, 'Thursday', '09:00', '09:45', 274);
INSERT INTO schedule (classId, subjectId, day, startTime, endTime, id) VALUES (7, 41, 'Thursday', '10:00', '10:45', 275);
INSERT INTO schedule (classId, subjectId, day, startTime, endTime, id) VALUES (7, 42, 'Thursday', '11:00', '11:45', 276);
INSERT INTO schedule (classId, subjectId, day, startTime, endTime, id) VALUES (7, 37, 'Thursday', '12:00', '12:45', 277);
INSERT INTO schedule (classId, subjectId, day, startTime, endTime, id) VALUES (7, 38, 'Thursday', '13:00', '13:45', 278);
INSERT INTO schedule (classId, subjectId, day, startTime, endTime, id) VALUES (7, 39, 'Thursday', '14:00', '14:45', 279);
INSERT INTO schedule (classId, subjectId, day, startTime, endTime, id) VALUES (7, 40, 'Thursday', '15:00', '15:45', 280);
INSERT INTO schedule (classId, subjectId, day, startTime, endTime, id) VALUES (8, 43, 'Sunday', '08:00', '08:45', 281);
INSERT INTO schedule (classId, subjectId, day, startTime, endTime, id) VALUES (8, 44, 'Sunday', '09:00', '09:45', 282);
INSERT INTO schedule (classId, subjectId, day, startTime, endTime, id) VALUES (8, 45, 'Sunday', '10:00', '10:45', 283);
INSERT INTO schedule (classId, subjectId, day, startTime, endTime, id) VALUES (8, 46, 'Sunday', '11:00', '11:45', 284);
INSERT INTO schedule (classId, subjectId, day, startTime, endTime, id) VALUES (8, 47, 'Sunday', '12:00', '12:45', 285);
INSERT INTO schedule (classId, subjectId, day, startTime, endTime, id) VALUES (8, 48, 'Sunday', '13:00', '13:45', 286);
INSERT INTO schedule (classId, subjectId, day, startTime, endTime, id) VALUES (8, 43, 'Sunday', '14:00', '14:45', 287);
INSERT INTO schedule (classId, subjectId, day, startTime, endTime, id) VALUES (8, 44, 'Sunday', '15:00', '15:45', 288);
INSERT INTO schedule (classId, subjectId, day, startTime, endTime, id) VALUES (8, 45, 'Monday', '08:00', '08:45', 289);
INSERT INTO schedule (classId, subjectId, day, startTime, endTime, id) VALUES (8, 46, 'Monday', '09:00', '09:45', 290);
INSERT INTO schedule (classId, subjectId, day, startTime, endTime, id) VALUES (8, 47, 'Monday', '10:00', '10:45', 291);
INSERT INTO schedule (classId, subjectId, day, startTime, endTime, id) VALUES (8, 48, 'Monday', '11:00', '11:45', 292);
INSERT INTO schedule (classId, subjectId, day, startTime, endTime, id) VALUES (8, 43, 'Monday', '12:00', '12:45', 293);
INSERT INTO schedule (classId, subjectId, day, startTime, endTime, id) VALUES (8, 44, 'Monday', '13:00', '13:45', 294);
INSERT INTO schedule (classId, subjectId, day, startTime, endTime, id) VALUES (8, 45, 'Monday', '14:00', '14:45', 295);
INSERT INTO schedule (classId, subjectId, day, startTime, endTime, id) VALUES (8, 46, 'Monday', '15:00', '15:45', 296);
INSERT INTO schedule (classId, subjectId, day, startTime, endTime, id) VALUES (8, 47, 'Tuesday', '08:00', '08:45', 297);
INSERT INTO schedule (classId, subjectId, day, startTime, endTime, id) VALUES (8, 48, 'Tuesday', '09:00', '09:45', 298);
INSERT INTO schedule (classId, subjectId, day, startTime, endTime, id) VALUES (8, 43, 'Tuesday', '10:00', '10:45', 299);
INSERT INTO schedule (classId, subjectId, day, startTime, endTime, id) VALUES (8, 44, 'Tuesday', '11:00', '11:45', 300);
INSERT INTO schedule (classId, subjectId, day, startTime, endTime, id) VALUES (8, 45, 'Tuesday', '12:00', '12:45', 301);
INSERT INTO schedule (classId, subjectId, day, startTime, endTime, id) VALUES (8, 46, 'Tuesday', '13:00', '13:45', 302);
INSERT INTO schedule (classId, subjectId, day, startTime, endTime, id) VALUES (8, 47, 'Tuesday', '14:00', '14:45', 303);
INSERT INTO schedule (classId, subjectId, day, startTime, endTime, id) VALUES (8, 48, 'Tuesday', '15:00', '15:45', 304);
INSERT INTO schedule (classId, subjectId, day, startTime, endTime, id) VALUES (8, 43, 'Wednesday', '08:00', '08:45', 305);
INSERT INTO schedule (classId, subjectId, day, startTime, endTime, id) VALUES (8, 44, 'Wednesday', '09:00', '09:45', 306);
INSERT INTO schedule (classId, subjectId, day, startTime, endTime, id) VALUES (8, 45, 'Wednesday', '10:00', '10:45', 307);
INSERT INTO schedule (classId, subjectId, day, startTime, endTime, id) VALUES (8, 46, 'Wednesday', '11:00', '11:45', 308);
INSERT INTO schedule (classId, subjectId, day, startTime, endTime, id) VALUES (8, 47, 'Wednesday', '12:00', '12:45', 309);
INSERT INTO schedule (classId, subjectId, day, startTime, endTime, id) VALUES (8, 48, 'Wednesday', '13:00', '13:45', 310);
INSERT INTO schedule (classId, subjectId, day, startTime, endTime, id) VALUES (8, 43, 'Wednesday', '14:00', '14:45', 311);
INSERT INTO schedule (classId, subjectId, day, startTime, endTime, id) VALUES (8, 44, 'Wednesday', '15:00', '15:45', 312);
INSERT INTO schedule (classId, subjectId, day, startTime, endTime, id) VALUES (8, 45, 'Thursday', '08:00', '08:45', 313);
INSERT INTO schedule (classId, subjectId, day, startTime, endTime, id) VALUES (8, 46, 'Thursday', '09:00', '09:45', 314);
INSERT INTO schedule (classId, subjectId, day, startTime, endTime, id) VALUES (8, 47, 'Thursday', '10:00', '10:45', 315);
INSERT INTO schedule (classId, subjectId, day, startTime, endTime, id) VALUES (8, 48, 'Thursday', '11:00', '11:45', 316);
INSERT INTO schedule (classId, subjectId, day, startTime, endTime, id) VALUES (8, 43, 'Thursday', '12:00', '12:45', 317);
INSERT INTO schedule (classId, subjectId, day, startTime, endTime, id) VALUES (8, 44, 'Thursday', '13:00', '13:45', 318);
INSERT INTO schedule (classId, subjectId, day, startTime, endTime, id) VALUES (8, 45, 'Thursday', '14:00', '14:45', 319);
INSERT INTO schedule (classId, subjectId, day, startTime, endTime, id) VALUES (8, 46, 'Thursday', '15:00', '15:45', 320);
INSERT INTO schedule (classId, subjectId, day, startTime, endTime, id) VALUES (9, 49, 'Sunday', '08:00', '08:45', 321);
INSERT INTO schedule (classId, subjectId, day, startTime, endTime, id) VALUES (9, 50, 'Sunday', '09:00', '09:45', 322);
INSERT INTO schedule (classId, subjectId, day, startTime, endTime, id) VALUES (9, 51, 'Sunday', '10:00', '10:45', 323);
INSERT INTO schedule (classId, subjectId, day, startTime, endTime, id) VALUES (9, 52, 'Sunday', '11:00', '11:45', 324);
INSERT INTO schedule (classId, subjectId, day, startTime, endTime, id) VALUES (9, 53, 'Sunday', '12:00', '12:45', 325);
INSERT INTO schedule (classId, subjectId, day, startTime, endTime, id) VALUES (9, 54, 'Sunday', '13:00', '13:45', 326);
INSERT INTO schedule (classId, subjectId, day, startTime, endTime, id) VALUES (9, 49, 'Sunday', '14:00', '14:45', 327);
INSERT INTO schedule (classId, subjectId, day, startTime, endTime, id) VALUES (9, 50, 'Sunday', '15:00', '15:45', 328);
INSERT INTO schedule (classId, subjectId, day, startTime, endTime, id) VALUES (9, 51, 'Monday', '08:00', '08:45', 329);
INSERT INTO schedule (classId, subjectId, day, startTime, endTime, id) VALUES (9, 52, 'Monday', '09:00', '09:45', 330);
INSERT INTO schedule (classId, subjectId, day, startTime, endTime, id) VALUES (9, 53, 'Monday', '10:00', '10:45', 331);
INSERT INTO schedule (classId, subjectId, day, startTime, endTime, id) VALUES (9, 54, 'Monday', '11:00', '11:45', 332);
INSERT INTO schedule (classId, subjectId, day, startTime, endTime, id) VALUES (9, 49, 'Monday', '12:00', '12:45', 333);
INSERT INTO schedule (classId, subjectId, day, startTime, endTime, id) VALUES (9, 50, 'Monday', '13:00', '13:45', 334);
INSERT INTO schedule (classId, subjectId, day, startTime, endTime, id) VALUES (9, 51, 'Monday', '14:00', '14:45', 335);
INSERT INTO schedule (classId, subjectId, day, startTime, endTime, id) VALUES (9, 52, 'Monday', '15:00', '15:45', 336);
INSERT INTO schedule (classId, subjectId, day, startTime, endTime, id) VALUES (9, 53, 'Tuesday', '08:00', '08:45', 337);
INSERT INTO schedule (classId, subjectId, day, startTime, endTime, id) VALUES (9, 54, 'Tuesday', '09:00', '09:45', 338);
INSERT INTO schedule (classId, subjectId, day, startTime, endTime, id) VALUES (9, 49, 'Tuesday', '10:00', '10:45', 339);
INSERT INTO schedule (classId, subjectId, day, startTime, endTime, id) VALUES (9, 50, 'Tuesday', '11:00', '11:45', 340);
INSERT INTO schedule (classId, subjectId, day, startTime, endTime, id) VALUES (9, 51, 'Tuesday', '12:00', '12:45', 341);
INSERT INTO schedule (classId, subjectId, day, startTime, endTime, id) VALUES (9, 52, 'Tuesday', '13:00', '13:45', 342);
INSERT INTO schedule (classId, subjectId, day, startTime, endTime, id) VALUES (9, 53, 'Tuesday', '14:00', '14:45', 343);
INSERT INTO schedule (classId, subjectId, day, startTime, endTime, id) VALUES (9, 54, 'Tuesday', '15:00', '15:45', 344);
INSERT INTO schedule (classId, subjectId, day, startTime, endTime, id) VALUES (9, 49, 'Wednesday', '08:00', '08:45', 345);
INSERT INTO schedule (classId, subjectId, day, startTime, endTime, id) VALUES (9, 50, 'Wednesday', '09:00', '09:45', 346);
INSERT INTO schedule (classId, subjectId, day, startTime, endTime, id) VALUES (9, 51, 'Wednesday', '10:00', '10:45', 347);
INSERT INTO schedule (classId, subjectId, day, startTime, endTime, id) VALUES (9, 52, 'Wednesday', '11:00', '11:45', 348);
INSERT INTO schedule (classId, subjectId, day, startTime, endTime, id) VALUES (9, 53, 'Wednesday', '12:00', '12:45', 349);
INSERT INTO schedule (classId, subjectId, day, startTime, endTime, id) VALUES (9, 54, 'Wednesday', '13:00', '13:45', 350);
INSERT INTO schedule (classId, subjectId, day, startTime, endTime, id) VALUES (9, 49, 'Wednesday', '14:00', '14:45', 351);
INSERT INTO schedule (classId, subjectId, day, startTime, endTime, id) VALUES (9, 50, 'Wednesday', '15:00', '15:45', 352);
INSERT INTO schedule (classId, subjectId, day, startTime, endTime, id) VALUES (9, 51, 'Thursday', '08:00', '08:45', 353);
INSERT INTO schedule (classId, subjectId, day, startTime, endTime, id) VALUES (9, 52, 'Thursday', '09:00', '09:45', 354);
INSERT INTO schedule (classId, subjectId, day, startTime, endTime, id) VALUES (9, 53, 'Thursday', '10:00', '10:45', 355);
INSERT INTO schedule (classId, subjectId, day, startTime, endTime, id) VALUES (9, 54, 'Thursday', '11:00', '11:45', 356);
INSERT INTO schedule (classId, subjectId, day, startTime, endTime, id) VALUES (9, 49, 'Thursday', '12:00', '12:45', 357);
INSERT INTO schedule (classId, subjectId, day, startTime, endTime, id) VALUES (9, 50, 'Thursday', '13:00', '13:45', 358);
INSERT INTO schedule (classId, subjectId, day, startTime, endTime, id) VALUES (9, 51, 'Thursday', '14:00', '14:45', 359);
INSERT INTO schedule (classId, subjectId, day, startTime, endTime, id) VALUES (9, 52, 'Thursday', '15:00', '15:45', 360);
INSERT INTO schedule (classId, subjectId, day, startTime, endTime, id) VALUES (10, 55, 'Sunday', '08:00', '08:45', 361);
INSERT INTO schedule (classId, subjectId, day, startTime, endTime, id) VALUES (10, 56, 'Sunday', '09:00', '09:45', 362);
INSERT INTO schedule (classId, subjectId, day, startTime, endTime, id) VALUES (10, 57, 'Sunday', '10:00', '10:45', 363);
INSERT INTO schedule (classId, subjectId, day, startTime, endTime, id) VALUES (10, 58, 'Sunday', '11:00', '11:45', 364);
INSERT INTO schedule (classId, subjectId, day, startTime, endTime, id) VALUES (10, 59, 'Sunday', '12:00', '12:45', 365);
INSERT INTO schedule (classId, subjectId, day, startTime, endTime, id) VALUES (10, 60, 'Sunday', '13:00', '13:45', 366);
INSERT INTO schedule (classId, subjectId, day, startTime, endTime, id) VALUES (10, 55, 'Sunday', '14:00', '14:45', 367);
INSERT INTO schedule (classId, subjectId, day, startTime, endTime, id) VALUES (10, 56, 'Sunday', '15:00', '15:45', 368);
INSERT INTO schedule (classId, subjectId, day, startTime, endTime, id) VALUES (10, 57, 'Monday', '08:00', '08:45', 369);
INSERT INTO schedule (classId, subjectId, day, startTime, endTime, id) VALUES (10, 58, 'Monday', '09:00', '09:45', 370);
INSERT INTO schedule (classId, subjectId, day, startTime, endTime, id) VALUES (10, 59, 'Monday', '10:00', '10:45', 371);
INSERT INTO schedule (classId, subjectId, day, startTime, endTime, id) VALUES (10, 60, 'Monday', '11:00', '11:45', 372);
INSERT INTO schedule (classId, subjectId, day, startTime, endTime, id) VALUES (10, 55, 'Monday', '12:00', '12:45', 373);
INSERT INTO schedule (classId, subjectId, day, startTime, endTime, id) VALUES (10, 56, 'Monday', '13:00', '13:45', 374);
INSERT INTO schedule (classId, subjectId, day, startTime, endTime, id) VALUES (10, 57, 'Monday', '14:00', '14:45', 375);
INSERT INTO schedule (classId, subjectId, day, startTime, endTime, id) VALUES (10, 58, 'Monday', '15:00', '15:45', 376);
INSERT INTO schedule (classId, subjectId, day, startTime, endTime, id) VALUES (10, 59, 'Tuesday', '08:00', '08:45', 377);
INSERT INTO schedule (classId, subjectId, day, startTime, endTime, id) VALUES (10, 60, 'Tuesday', '09:00', '09:45', 378);
INSERT INTO schedule (classId, subjectId, day, startTime, endTime, id) VALUES (10, 55, 'Tuesday', '10:00', '10:45', 379);
INSERT INTO schedule (classId, subjectId, day, startTime, endTime, id) VALUES (10, 56, 'Tuesday', '11:00', '11:45', 380);
INSERT INTO schedule (classId, subjectId, day, startTime, endTime, id) VALUES (10, 57, 'Tuesday', '12:00', '12:45', 381);
INSERT INTO schedule (classId, subjectId, day, startTime, endTime, id) VALUES (10, 58, 'Tuesday', '13:00', '13:45', 382);
INSERT INTO schedule (classId, subjectId, day, startTime, endTime, id) VALUES (10, 59, 'Tuesday', '14:00', '14:45', 383);
INSERT INTO schedule (classId, subjectId, day, startTime, endTime, id) VALUES (10, 60, 'Tuesday', '15:00', '15:45', 384);
INSERT INTO schedule (classId, subjectId, day, startTime, endTime, id) VALUES (10, 55, 'Wednesday', '08:00', '08:45', 385);
INSERT INTO schedule (classId, subjectId, day, startTime, endTime, id) VALUES (10, 56, 'Wednesday', '09:00', '09:45', 386);
INSERT INTO schedule (classId, subjectId, day, startTime, endTime, id) VALUES (10, 57, 'Wednesday', '10:00', '10:45', 387);
INSERT INTO schedule (classId, subjectId, day, startTime, endTime, id) VALUES (10, 58, 'Wednesday', '11:00', '11:45', 388);
INSERT INTO schedule (classId, subjectId, day, startTime, endTime, id) VALUES (10, 59, 'Wednesday', '12:00', '12:45', 389);
INSERT INTO schedule (classId, subjectId, day, startTime, endTime, id) VALUES (10, 60, 'Wednesday', '13:00', '13:45', 390);
INSERT INTO schedule (classId, subjectId, day, startTime, endTime, id) VALUES (10, 55, 'Wednesday', '14:00', '14:45', 391);
INSERT INTO schedule (classId, subjectId, day, startTime, endTime, id) VALUES (10, 56, 'Wednesday', '15:00', '15:45', 392);
INSERT INTO schedule (classId, subjectId, day, startTime, endTime, id) VALUES (10, 57, 'Thursday', '08:00', '08:45', 393);
INSERT INTO schedule (classId, subjectId, day, startTime, endTime, id) VALUES (10, 58, 'Thursday', '09:00', '09:45', 394);
INSERT INTO schedule (classId, subjectId, day, startTime, endTime, id) VALUES (10, 59, 'Thursday', '10:00', '10:45', 395);
INSERT INTO schedule (classId, subjectId, day, startTime, endTime, id) VALUES (10, 60, 'Thursday', '11:00', '11:45', 396);
INSERT INTO schedule (classId, subjectId, day, startTime, endTime, id) VALUES (10, 55, 'Thursday', '12:00', '12:45', 397);
INSERT INTO schedule (classId, subjectId, day, startTime, endTime, id) VALUES (10, 56, 'Thursday', '13:00', '13:45', 398);
INSERT INTO schedule (classId, subjectId, day, startTime, endTime, id) VALUES (10, 57, 'Thursday', '14:00', '14:45', 399);
INSERT INTO schedule (classId, subjectId, day, startTime, endTime, id) VALUES (10, 58, 'Thursday', '15:00', '15:45', 400);